household_type,income_group,year,all_means_tested_transfers,medicaid_and_chip,snap,ssi,other_transfers
all_households,all_quintiles,1979,100.0,100.0,100.0,100.0,100.0
all_households,all_quintiles,1980,100.0,100.0,100.0,100.0,100.0
all_households,all_quintiles,1981,100.0,100.0,100.0,100.0,100.0
all_households,all_quintiles,1982,100.0,100.0,100.0,100.0,100.0
all_households,all_quintiles,1983,100.0,100.0,100.0,100.0,100.0
all_households,all_quintiles,1984,100.0,100.0,100.0,100.0,100.0
all_households,all_quintiles,1985,100.0,100.0,100.0,100.0,100.0
all_households,all_quintiles,1986,100.0,100.0,100.0,100.0,100.0
all_households,all_quintiles,1987,100.0,100.0,100.0,100.0,100.0
all_households,all_quintiles,1988,100.0,100.0,100.0,100.0,100.0
all_households,all_quintiles,1989,100.0,100.0,100.0,100.0,100.0
all_households,all_quintiles,1990,100.0,100.0,100.0,100.0,100.0
all_households,all_quintiles,1991,100.0,100.0,100.0,100.0,100.0
all_households,all_quintiles,1992,100.0,100.0,100.0,100.0,100.0
all_households,all_quintiles,1993,100.0,100.0,100.0,100.0,100.0
all_households,all_quintiles,1994,100.0,100.0,100.0,100.0,100.0
all_households,all_quintiles,1995,100.0,100.0,100.0,100.0,100.0
all_households,all_quintiles,1996,100.0,100.0,100.0,100.0,100.0
all_households,all_quintiles,1997,100.0,100.0,100.0,100.0,100.0
all_households,all_quintiles,1998,100.0,100.0,100.0,100.0,100.0
all_households,all_quintiles,1999,100.0,100.0,100.0,100.0,100.0
all_households,all_quintiles,2000,100.0,100.0,100.0,100.0,100.0
all_households,all_quintiles,2001,100.0,100.0,100.0,100.0,100.0
all_households,all_quintiles,2002,100.0,100.0,100.0,100.0,100.0
all_households,all_quintiles,2003,100.0,100.0,100.0,100.0,100.0
all_households,all_quintiles,2004,100.0,100.0,100.0,100.0,100.0
all_households,all_quintiles,2005,100.0,100.0,100.0,100.0,100.0
all_households,all_quintiles,2006,100.0,100.0,100.0,100.0,100.0
all_households,all_quintiles,2007,100.0,100.0,100.0,100.0,100.0
all_households,all_quintiles,2008,100.0,100.0,100.0,100.0,100.0
all_households,all_quintiles,2009,100.0,100.0,100.0,100.0,100.0
all_households,all_quintiles,2010,100.0,100.0,100.0,100.0,100.0
all_households,all_quintiles,2011,100.0,100.0,100.0,100.0,100.0
all_households,all_quintiles,2012,100.0,100.0,100.0,100.0,100.0
all_households,all_quintiles,2013,100.0,100.0,100.0,100.0,100.0
all_households,all_quintiles,2014,100.0,100.0,100.0,100.0,100.0
all_households,all_quintiles,2015,100.0,100.0,100.0,100.0,100.0
all_households,lowest_quintile,1979,71.4,70.1,74.3,73.6,70.2
all_households,lowest_quintile,1980,70.5,70.0,71.5,75.1,68.5
all_households,lowest_quintile,1981,70.2,69.4,70.2,73.2,69.7
all_households,lowest_quintile,1982,72.5,70.9,74.2,74.0,72.3
all_households,lowest_quintile,1983,75.2,75.3,76.0,74.0,75.2
all_households,lowest_quintile,1984,72.5,72.7,73.7,71.1,72.3
all_households,lowest_quintile,1985,74.6,74.0,77.4,71.6,75.1
all_households,lowest_quintile,1986,74.8,73.6,78.6,73.0,75.0
all_households,lowest_quintile,1987,75.9,74.8,82.0,69.3,77.5
all_households,lowest_quintile,1988,75.6,73.1,81.4,73.1,77.3
all_households,lowest_quintile,1989,73.8,71.8,80.1,69.5,75.8
all_households,lowest_quintile,1990,72.6,70.1,78.3,67.2,76.2
all_households,lowest_quintile,1991,70.3,68.0,73.5,67.9,73.4
all_households,lowest_quintile,1992,67.0,64.8,69.3,66.0,70.5
all_households,lowest_quintile,1993,66.3,63.4,68.8,65.5,70.7
all_households,lowest_quintile,1994,65.7,62.0,69.3,68.2,69.4
all_households,lowest_quintile,1995,65.9,62.3,70.3,67.8,70.1
all_households,lowest_quintile,1996,66.3,62.4,70.7,70.2,69.7
all_households,lowest_quintile,1997,65.9,62.3,69.5,70.4,70.3
all_households,lowest_quintile,1998,63.9,60.1,71.5,68.5,68.7
all_households,lowest_quintile,1999,62.2,58.4,72.3,66.5,68.0
all_households,lowest_quintile,2000,61.7,57.9,72.2,69.5,65.4
all_households,lowest_quintile,2001,60.6,56.8,73.0,68.2,65.1
all_households,lowest_quintile,2002,58.7,55.2,67.7,66.4,64.7
all_households,lowest_quintile,2003,57.8,54.2,67.3,66.9,64.4
all_households,lowest_quintile,2004,56.7,53.5,66.2,64.0,63.4
all_households,lowest_quintile,2005,56.8,53.0,67.2,65.0,64.9
all_households,lowest_quintile,2006,56.9,52.7,68.2,63.7,65.7
all_households,lowest_quintile,2007,56.3,51.9,68.4,63.9,65.1
all_households,lowest_quintile,2008,55.3,51.3,64.9,62.1,64.3
all_households,lowest_quintile,2009,53.6,49.1,60.6,62.4,63.7
all_households,lowest_quintile,2010,53.4,49.3,57.6,63.4,62.2
all_households,lowest_quintile,2011,53.2,49.0,57.1,62.5,62.6
all_households,lowest_quintile,2012,53.5,49.2,59.0,63.4,62.0
all_households,lowest_quintile,2013,53.7,49.6,58.4,63.6,61.7
all_households,lowest_quintile,2014,50.5,46.1,58.9,62.3,60.3
all_households,lowest_quintile,2015,48.1,43.6,58.2,62.0,58.2
all_households,second_quintile,1979,15.4,15.7,17.5,12.6,15.3
all_households,second_quintile,1980,16.6,16.9,19.2,12.0,17.0
all_households,second_quintile,1981,16.6,16.4,19.9,11.6,16.9
all_households,second_quintile,1982,16.3,16.1,18.6,13.4,16.5
all_households,second_quintile,1983,13.7,13.5,16.4,11.9,13.3
all_households,second_quintile,1984,14.9,14.9,16.8,12.0,15.4
all_households,second_quintile,1985,13.6,14.0,14.8,11.6,13.5
all_households,second_quintile,1986,14.2,14.5,15.4,12.1,14.3
all_households,second_quintile,1987,13.2,14.0,11.4,14.5,12.5
all_households,second_quintile,1988,13.0,13.8,11.6,12.8,12.7
all_households,second_quintile,1989,14.3,14.9,13.2,14.4,13.9
all_households,second_quintile,1990,14.6,15.5,14.8,13.7,13.6
all_households,second_quintile,1991,16.5,17.2,18.2,15.5,14.9
all_households,second_quintile,1992,18.7,19.3,20.8,16.9,17.2
all_households,second_quintile,1993,19.4,20.9,21.0,17.2,17.0
all_households,second_quintile,1994,18.9,19.6,21.1,16.3,17.7
all_households,second_quintile,1995,18.9,20.1,20.4,17.2,16.5
all_households,second_quintile,1996,19.2,20.6,20.8,15.2,18.1
all_households,second_quintile,1997,19.1,20.1,22.2,14.3,18.8
all_households,second_quintile,1998,20.6,21.9,21.0,16.1,20.1
all_households,second_quintile,1999,20.6,22.1,19.7,16.3,19.6
all_households,second_quintile,2000,20.6,22.0,20.1,15.2,20.4
all_households,second_quintile,2001,21.6,23.3,19.8,15.6,20.6
all_households,second_quintile,2002,22.0,23.1,23.1,16.2,21.1
all_households,second_quintile,2003,22.8,24.2,23.7,15.9,21.2
all_households,second_quintile,2004,23.4,24.4,24.7,17.3,21.8
all_households,second_quintile,2005,23.4,24.7,24.1,16.8,20.9
all_households,second_quintile,2006,23.0,24.7,23.3,17.4,19.0
all_households,second_quintile,2007,22.9,24.5,23.0,17.3,19.4
all_households,second_quintile,2008,23.7,25.0,25.1,18.1,20.5
all_households,second_quintile,2009,24.6,25.7,27.7,18.4,20.5
all_households,second_quintile,2010,25.3,26.3,28.5,18.4,21.9
all_households,second_quintile,2011,25.6,26.3,30.2,18.4,21.5
all_households,second_quintile,2012,25.7,26.8,29.2,18.1,21.8
all_households,second_quintile,2013,25.8,26.9,28.8,19.5,21.9
all_households,second_quintile,2014,26.2,27.3,28.0,19.8,22.0
all_households,second_quintile,2015,26.9,28.2,28.2,18.2,22.8
all_households,middle_quintile,1979,6.1,6.4,3.4,6.7,6.8
all_households,middle_quintile,1980,5.8,6.1,4.3,4.6,6.8
all_households,middle_quintile,1981,5.5,6.1,4.6,5.2,5.7
all_households,middle_quintile,1982,4.8,5.4,3.2,5.1,5.0
all_households,middle_quintile,1983,4.5,4.7,3.1,5.7,4.7
all_households,middle_quintile,1984,5.4,5.6,4.2,7.0,5.1
all_households,middle_quintile,1985,4.7,4.9,2.9,6.5,4.6
all_households,middle_quintile,1986,5.1,5.9,2.8,6.7,4.5
all_households,middle_quintile,1987,4.9,5.1,2.6,6.7,4.8
all_households,middle_quintile,1988,5.6,6.2,3.1,7.4,5.1
all_households,middle_quintile,1989,5.0,5.8,2.5,6.1,4.6
all_households,middle_quintile,1990,5.7,6.7,2.9,7.9,4.4
all_households,middle_quintile,1991,5.9,6.8,3.7,7.0,5.0
all_households,middle_quintile,1992,6.9,7.7,5.2,7.4,6.0
all_households,middle_quintile,1993,7.3,7.9,5.8,8.3,6.5
all_households,middle_quintile,1994,7.3,8.6,5.5,6.1,6.5
all_households,middle_quintile,1995,7.8,8.8,6.0,6.9,7.5
all_households,middle_quintile,1996,7.5,8.4,5.5,7.1,7.1
all_households,middle_quintile,1997,7.5,8.6,5.2,6.9,6.3
all_households,middle_quintile,1998,7.7,8.8,4.5,7.4,6.0
all_households,middle_quintile,1999,9.0,10.2,4.9,8.4,6.7
all_households,middle_quintile,2000,9.0,10.2,4.6,7.3,7.6
all_households,middle_quintile,2001,9.3,10.4,4.7,7.3,8.0
all_households,middle_quintile,2002,10.3,11.6,5.6,8.6,7.7
all_households,middle_quintile,2003,10.4,11.7,5.6,7.9,8.0
all_households,middle_quintile,2004,10.5,11.7,5.4,8.6,8.0
all_households,middle_quintile,2005,10.3,11.6,5.4,8.5,7.2
all_households,middle_quintile,2006,10.2,11.7,5.2,8.4,7.4
all_households,middle_quintile,2007,10.8,12.4,5.4,8.5,7.4
all_households,middle_quintile,2008,10.7,12.2,6.0,9.2,7.6
all_households,middle_quintile,2009,11.6,13.3,7.6,9.4,8.3
all_households,middle_quintile,2010,11.3,13.1,8.3,8.2,8.1
all_households,middle_quintile,2011,12.1,13.9,8.7,10.0,8.6
all_households,middle_quintile,2012,11.6,13.3,8.1,9.3,9.0
all_households,middle_quintile,2013,12.0,13.7,8.7,9.1,9.2
all_households,middle_quintile,2014,12.9,14.7,7.8,9.2,9.5
all_households,middle_quintile,2015,13.9,15.7,8.3,9.8,10.0
all_households,fourth_quintile,1979,3.4,3.8,1.7,3.3,3.9
all_households,fourth_quintile,1980,3.0,3.0,1.6,3.7,3.5
all_households,fourth_quintile,1981,3.0,3.4,1.6,4.2,3.1
all_households,fourth_quintile,1982,2.3,2.8,0.8,3.2,2.3
all_households,fourth_quintile,1983,2.4,2.5,0.8,4.0,2.4
all_households,fourth_quintile,1984,2.8,2.7,1.4,4.6,2.8
all_households,fourth_quintile,1985,2.6,2.6,0.9,4.7,2.5
all_households,fourth_quintile,1986,2.5,2.4,0.8,4.1,2.7
all_households,fourth_quintile,1987,2.8,3.1,1.0,4.7,2.5
all_households,fourth_quintile,1988,2.6,3.2,0.8,2.7,2.6
all_households,fourth_quintile,1989,3.0,3.5,0.9,4.8,2.4
all_households,fourth_quintile,1990,2.8,3.2,0.9,4.0,2.3
all_households,fourth_quintile,1991,3.0,3.5,1.4,4.1,2.6
all_households,fourth_quintile,1992,3.6,4.0,2.0,4.1,3.3
all_households,fourth_quintile,1993,3.3,3.9,1.8,4.1,2.7
all_households,fourth_quintile,1994,3.8,4.7,1.9,4.2,3.0
all_households,fourth_quintile,1995,3.7,4.5,1.6,3.6,3.3
all_households,fourth_quintile,1996,3.7,4.5,1.3,4.0,2.9
all_households,fourth_quintile,1997,4.0,4.9,1.4,4.7,2.5
all_households,fourth_quintile,1998,4.0,4.8,1.2,3.8,2.8
all_households,fourth_quintile,1999,4.2,5.0,1.2,4.3,2.8
all_households,fourth_quintile,2000,4.6,5.5,1.5,3.7,3.5
all_households,fourth_quintile,2001,4.4,5.2,0.8,4.1,2.9
all_households,fourth_quintile,2002,4.8,5.5,1.4,4.1,3.4
all_households,fourth_quintile,2003,4.6,5.3,1.0,4.2,3.2
all_households,fourth_quintile,2004,5.2,5.8,1.6,5.2,3.7
all_households,fourth_quintile,2005,4.9,5.7,1.2,4.4,3.2
all_households,fourth_quintile,2006,5.2,6.0,1.3,5.3,3.8
all_households,fourth_quintile,2007,5.3,6.1,1.4,4.9,4.0
all_households,fourth_quintile,2008,5.2,6.0,1.4,5.1,3.7
all_households,fourth_quintile,2009,5.4,6.6,1.7,4.7,3.5
all_households,fourth_quintile,2010,5.4,6.4,2.9,4.5,3.7
all_households,fourth_quintile,2011,5.1,6.1,2.2,4.8,3.7
all_households,fourth_quintile,2012,5.1,6.2,1.8,4.7,3.8
all_households,fourth_quintile,2013,5.0,5.9,2.2,4.4,3.9
all_households,fourth_quintile,2014,6.2,7.2,2.9,4.9,4.5
all_households,fourth_quintile,2015,6.7,7.7,2.9,5.3,4.7
all_households,highest_quintile,1979,2.0,2.2,0.9,2.6,2.1
all_households,highest_quintile,1980,1.8,1.9,0.6,2.6,2.0
all_households,highest_quintile,1981,1.8,2.0,0.5,3.2,1.7
all_households,highest_quintile,1982,1.6,2.4,0.3,2.3,1.3
all_households,highest_quintile,1983,1.4,1.5,0.5,2.2,1.5
all_households,highest_quintile,1984,1.7,1.5,0.8,3.0,1.6
all_households,highest_quintile,1985,1.8,1.8,0.7,3.2,1.7
all_households,highest_quintile,1986,1.6,1.7,0.5,2.3,1.6
all_households,highest_quintile,1987,1.5,1.3,0.7,2.6,1.6
all_households,highest_quintile,1988,1.5,1.8,0.8,1.6,1.3
all_households,highest_quintile,1989,2.0,2.2,0.7,3.1,1.9
all_households,highest_quintile,1990,2.2,2.3,0.7,3.9,1.9
all_households,highest_quintile,1991,2.1,2.2,1.0,2.7,2.1
all_households,highest_quintile,1992,2.0,2.4,0.9,2.9,1.5
all_households,highest_quintile,1993,1.9,2.1,0.8,2.9,1.6
all_households,highest_quintile,1994,2.7,3.5,0.6,3.1,1.8
all_households,highest_quintile,1995,2.5,3.1,0.8,2.9,1.9
all_households,highest_quintile,1996,2.2,2.9,0.5,2.4,1.3
all_households,highest_quintile,1997,2.3,2.9,0.5,2.3,1.4
all_households,highest_quintile,1998,2.6,3.2,0.4,2.7,1.6
all_households,highest_quintile,1999,2.6,3.0,0.6,2.9,1.8
all_households,highest_quintile,2000,2.9,3.3,0.6,2.7,2.0
all_households,highest_quintile,2001,2.7,3.1,0.4,2.8,2.1
all_households,highest_quintile,2002,2.6,3.0,0.7,2.4,1.8
all_households,highest_quintile,2003,2.6,3.0,0.5,2.4,1.7
all_households,highest_quintile,2004,2.9,3.2,0.9,3.3,2.2
all_households,highest_quintile,2005,3.0,3.4,0.5,3.2,2.2
all_households,highest_quintile,2006,3.2,3.6,0.5,3.5,2.6
all_households,highest_quintile,2007,3.3,3.7,0.5,3.4,2.7
all_households,highest_quintile,2008,3.2,3.7,0.7,3.1,2.3
all_households,highest_quintile,2009,3.0,3.5,0.8,2.8,2.3
all_households,highest_quintile,2010,2.9,3.4,1.1,3.0,2.3
all_households,highest_quintile,2011,2.7,3.4,0.6,2.5,2.1
all_households,highest_quintile,2012,2.7,3.3,0.5,2.7,2.1
all_households,highest_quintile,2013,2.3,2.8,0.6,1.9,1.9
all_households,highest_quintile,2014,3.0,3.5,1.0,2.3,2.5
all_households,highest_quintile,2015,3.5,3.9,1.4,3.1,2.7
all_households,percentiles_81_90,1979,1.0,1.1,0.4,1.2,1.2
all_households,percentiles_81_90,1980,1.0,1.0,0.3,1.3,1.1
all_households,percentiles_81_90,1981,0.9,1.1,0.2,2.0,0.8
all_households,percentiles_81_90,1982,0.9,1.4,0.2,1.5,0.7
all_households,percentiles_81_90,1983,0.6,0.6,0.2,1.0,0.7
all_households,percentiles_81_90,1984,0.9,0.9,0.3,1.7,0.9
all_households,percentiles_81_90,1985,1.0,1.0,0.3,2.0,0.9
all_households,percentiles_81_90,1986,0.8,0.9,0.2,1.3,0.8
all_households,percentiles_81_90,1987,0.7,0.6,0.3,1.0,0.8
all_households,percentiles_81_90,1988,0.8,0.9,0.3,1.0,0.6
all_households,percentiles_81_90,1989,1.0,1.2,0.3,1.4,0.8
all_households,percentiles_81_90,1990,1.2,1.3,0.3,2.1,0.9
all_households,percentiles_81_90,1991,1.1,1.3,0.5,1.5,1.1
all_households,percentiles_81_90,1992,1.2,1.5,0.5,1.5,0.9
all_households,percentiles_81_90,1993,1.0,1.2,0.4,1.6,0.8
all_households,percentiles_81_90,1994,1.3,1.6,0.4,1.7,1.1
all_households,percentiles_81_90,1995,1.3,1.5,0.3,1.6,1.0
all_households,percentiles_81_90,1996,1.2,1.6,0.2,1.6,0.7
all_households,percentiles_81_90,1997,1.2,1.5,0.2,1.3,0.6
all_households,percentiles_81_90,1998,1.4,1.8,0.3,1.5,0.8
all_households,percentiles_81_90,1999,1.4,1.5,0.3,1.6,1.0
all_households,percentiles_81_90,2000,1.6,1.9,0.3,1.5,1.1
all_households,percentiles_81_90,2001,1.4,1.6,0.3,1.4,1.1
all_households,percentiles_81_90,2002,1.4,1.7,0.4,1.3,1.0
all_households,percentiles_81_90,2003,1.4,1.6,0.3,1.3,1.0
all_households,percentiles_81_90,2004,1.8,2.0,0.5,2.3,1.2
all_households,percentiles_81_90,2005,1.6,1.8,0.2,1.5,1.1
all_households,percentiles_81_90,2006,1.8,2.0,0.3,2.2,1.3
all_households,percentiles_81_90,2007,1.8,2.0,0.2,1.9,1.3
all_households,percentiles_81_90,2008,1.6,1.9,0.4,1.6,1.1
all_households,percentiles_81_90,2009,1.6,1.9,0.4,1.6,1.1
all_households,percentiles_81_90,2010,1.6,1.9,0.6,1.6,1.2
all_households,percentiles_81_90,2011,1.5,1.9,0.3,1.6,1.1
all_households,percentiles_81_90,2012,1.5,1.8,0.3,1.5,1.0
all_households,percentiles_81_90,2013,1.2,1.5,0.3,1.1,0.9
all_households,percentiles_81_90,2014,1.7,2.0,0.6,1.2,1.3
all_households,percentiles_81_90,2015,1.8,2.1,0.7,1.7,1.4
all_households,percentiles_91_95,1979,0.4,0.5,0.2,0.4,0.4
all_households,percentiles_91_95,1980,0.4,0.4,0.1,0.6,0.4
all_households,percentiles_91_95,1981,0.4,0.4,0.1,0.7,0.3
all_households,percentiles_91_95,1982,0.3,0.5,,0.4,0.3
all_households,percentiles_91_95,1983,0.4,0.5,0.1,0.6,0.3
all_households,percentiles_91_95,1984,0.3,0.2,0.2,0.6,0.3
all_households,percentiles_91_95,1985,0.3,0.3,0.1,0.5,0.3
all_households,percentiles_91_95,1986,0.3,0.3,0.1,0.5,0.3
all_households,percentiles_91_95,1987,0.3,0.2,0.1,0.5,0.3
all_households,percentiles_91_95,1988,0.3,0.4,0.2,0.2,0.3
all_households,percentiles_91_95,1989,0.5,0.6,0.2,0.7,0.6
all_households,percentiles_91_95,1990,0.4,0.5,0.1,0.9,0.3
all_households,percentiles_91_95,1991,0.3,0.3,0.1,0.5,0.5
all_households,percentiles_91_95,1992,0.5,0.5,0.2,0.9,0.3
all_households,percentiles_91_95,1993,0.4,0.4,0.2,0.7,0.4
all_households,percentiles_91_95,1994,0.7,1.0,0.1,0.7,0.3
all_households,percentiles_91_95,1995,0.6,0.8,0.2,0.6,0.4
all_households,percentiles_91_95,1996,0.4,0.6,0.1,0.5,0.3
all_households,percentiles_91_95,1997,0.6,0.7,0.1,0.5,0.3
all_households,percentiles_91_95,1998,0.6,0.7,0.1,0.6,0.3
all_households,percentiles_91_95,1999,0.7,0.8,0.2,0.7,0.4
all_households,percentiles_91_95,2000,0.6,0.7,0.1,0.6,0.4
all_households,percentiles_91_95,2001,0.6,0.7,,0.8,0.6
all_households,percentiles_91_95,2002,0.6,0.7,0.1,0.5,0.4
all_households,percentiles_91_95,2003,0.6,0.7,0.1,0.6,0.3
all_households,percentiles_91_95,2004,0.6,0.7,0.2,0.5,0.5
all_households,percentiles_91_95,2005,0.7,0.8,0.1,0.8,0.5
all_households,percentiles_91_95,2006,0.7,0.8,0.1,0.6,0.7
all_households,percentiles_91_95,2007,0.8,0.9,0.1,0.8,0.6
all_households,percentiles_91_95,2008,0.9,1.0,0.2,0.8,0.5
all_households,percentiles_91_95,2009,0.7,0.8,0.2,0.6,0.6
all_households,percentiles_91_95,2010,0.7,0.8,0.3,0.7,0.6
all_households,percentiles_91_95,2011,0.5,0.6,0.1,0.3,0.4
all_households,percentiles_91_95,2012,0.7,0.8,0.1,0.6,0.5
all_households,percentiles_91_95,2013,0.5,0.6,0.1,0.4,0.5
all_households,percentiles_91_95,2014,0.7,0.8,0.2,0.6,0.5
all_households,percentiles_91_95,2015,0.8,0.9,0.4,0.7,0.6
all_households,percentiles_96_99,1979,0.4,0.5,0.2,0.6,0.4
all_households,percentiles_96_99,1980,0.3,0.3,0.1,0.6,0.3
all_households,percentiles_96_99,1981,0.3,0.4,0.1,0.4,0.4
all_households,percentiles_96_99,1982,0.2,0.3,,0.3,0.2
all_households,percentiles_96_99,1983,0.3,0.2,0.2,0.5,0.3
all_households,percentiles_96_99,1984,0.3,0.3,0.2,0.6,0.3
all_households,percentiles_96_99,1985,0.4,0.4,0.2,0.5,0.4
all_households,percentiles_96_99,1986,0.3,0.4,0.1,0.3,0.3
all_households,percentiles_96_99,1987,0.4,0.4,0.3,0.8,0.4
all_households,percentiles_96_99,1988,0.3,0.4,0.2,0.4,0.3
all_households,percentiles_96_99,1989,0.3,0.3,0.1,0.6,0.3
all_households,percentiles_96_99,1990,0.4,0.4,0.2,0.6,0.5
all_households,percentiles_96_99,1991,0.4,0.4,0.2,0.5,0.5
all_households,percentiles_96_99,1992,0.3,0.3,0.1,0.3,0.3
all_households,percentiles_96_99,1993,0.3,0.3,0.1,0.3,0.3
all_households,percentiles_96_99,1994,0.5,0.7,0.1,0.5,0.4
all_households,percentiles_96_99,1995,0.5,0.6,0.2,0.4,0.4
all_households,percentiles_96_99,1996,0.3,0.5,0.1,0.2,0.3
all_households,percentiles_96_99,1997,0.5,0.6,0.1,0.4,0.4
all_households,percentiles_96_99,1998,0.4,0.5,0.1,0.5,0.3
all_households,percentiles_96_99,1999,0.5,0.5,0.1,0.4,0.3
all_households,percentiles_96_99,2000,0.5,0.6,0.1,0.4,0.4
all_households,percentiles_96_99,2001,0.5,0.6,0.1,0.5,0.3
all_households,percentiles_96_99,2002,0.4,0.4,0.2,0.4,0.3
all_households,percentiles_96_99,2003,0.4,0.5,0.1,0.3,0.3
all_households,percentiles_96_99,2004,0.4,0.5,0.1,0.4,0.4
all_households,percentiles_96_99,2005,0.6,0.7,0.1,0.7,0.4
all_households,percentiles_96_99,2006,0.6,0.6,0.1,0.5,0.5
all_households,percentiles_96_99,2007,0.6,0.7,0.1,0.6,0.6
all_households,percentiles_96_99,2008,0.5,0.6,0.1,0.5,0.4
all_households,percentiles_96_99,2009,0.5,0.6,0.1,0.4,0.5
all_households,percentiles_96_99,2010,0.4,0.5,0.2,0.5,0.3
all_households,percentiles_96_99,2011,0.5,0.6,0.1,0.3,0.4
all_households,percentiles_96_99,2012,0.4,0.5,0.1,0.3,0.4
all_households,percentiles_96_99,2013,0.4,0.4,0.1,0.3,0.4
all_households,percentiles_96_99,2014,0.5,0.6,0.1,0.4,0.4
all_households,percentiles_96_99,2015,0.7,0.7,0.2,0.6,0.6
all_households,top_1_percent,1979,0.2,0.1,0.1,0.3,0.1
all_households,top_1_percent,1980,0.1,0.1,0.1,0.1,0.1
all_households,top_1_percent,1981,0.1,0.2,0.1,0.1,0.1
all_households,top_1_percent,1982,0.1,0.2,,0.1,0.1
all_households,top_1_percent,1983,0.1,0.1,0.1,,0.2
all_households,top_1_percent,1984,0.1,0.2,0.1,0.1,0.2
all_households,top_1_percent,1985,0.1,0.1,0.1,0.1,0.2
all_households,top_1_percent,1986,0.2,0.1,0.1,0.2,0.2
all_households,top_1_percent,1987,0.1,0.2,0.1,0.2,0.1
all_households,top_1_percent,1988,0.1,0.2,0.1,0.1,0.1
all_households,top_1_percent,1989,0.2,0.2,0.1,0.3,0.1
all_households,top_1_percent,1990,0.1,0.1,0.1,0.2,0.1
all_households,top_1_percent,1991,0.2,0.2,0.1,0.3,0.1
all_households,top_1_percent,1992,0.1,0.1,,0.2,0.1
all_households,top_1_percent,1993,0.1,0.2,0.1,0.2,0.1
all_households,top_1_percent,1994,0.1,0.2,0.1,0.1,0.1
all_households,top_1_percent,1995,0.2,0.2,0.1,0.3,0.1
all_households,top_1_percent,1996,0.1,0.2,0.1,,0.1
all_households,top_1_percent,1997,0.1,0.1,,0.1,0.1
all_households,top_1_percent,1998,0.2,0.2,,0.1,0.2
all_households,top_1_percent,1999,0.1,0.1,,0.2,0.1
all_households,top_1_percent,2000,0.1,0.2,,0.1,0.1
all_households,top_1_percent,2001,0.2,0.2,,0.2,0.1
all_households,top_1_percent,2002,0.2,0.2,0.1,0.2,0.2
all_households,top_1_percent,2003,0.2,0.2,0.1,0.1,0.1
all_households,top_1_percent,2004,0.1,0.1,0.1,0.1,0.1
all_households,top_1_percent,2005,0.1,0.1,0.1,0.1,0.1
all_households,top_1_percent,2006,0.2,0.2,,0.2,0.2
all_households,top_1_percent,2007,0.1,0.1,,0.1,0.1
all_households,top_1_percent,2008,0.2,0.2,0.1,0.1,0.2
all_households,top_1_percent,2009,0.2,0.2,0.1,0.2,0.2
all_households,top_1_percent,2010,0.2,0.2,0.1,0.2,0.1
all_households,top_1_percent,2011,0.2,0.2,,0.2,0.1
all_households,top_1_percent,2012,0.2,0.2,,0.3,0.1
all_households,top_1_percent,2013,0.1,0.2,,,0.1
all_households,top_1_percent,2014,0.2,0.2,0.1,0.1,0.2
all_households,top_1_percent,2015,0.2,0.2,0.1,0.1,0.2
hh_with_children,all_quintiles,1979,100.0,100.0,100.0,100.0,100.0
hh_with_children,all_quintiles,1980,100.0,100.0,100.0,100.0,100.0
hh_with_children,all_quintiles,1981,100.0,100.0,100.0,100.0,100.0
hh_with_children,all_quintiles,1982,100.0,100.0,100.0,100.0,100.0
hh_with_children,all_quintiles,1983,100.0,100.0,100.0,100.0,100.0
hh_with_children,all_quintiles,1984,100.0,100.0,100.0,100.0,100.0
hh_with_children,all_quintiles,1985,100.0,100.0,100.0,100.0,100.0
hh_with_children,all_quintiles,1986,100.0,100.0,100.0,100.0,100.0
hh_with_children,all_quintiles,1987,100.0,100.0,100.0,100.0,100.0
hh_with_children,all_quintiles,1988,100.0,100.0,100.0,100.0,100.0
hh_with_children,all_quintiles,1989,100.0,100.0,100.0,100.0,100.0
hh_with_children,all_quintiles,1990,100.0,100.0,100.0,100.0,100.0
hh_with_children,all_quintiles,1991,100.0,100.0,100.0,100.0,100.0
hh_with_children,all_quintiles,1992,100.0,100.0,100.0,100.0,100.0
hh_with_children,all_quintiles,1993,100.0,100.0,100.0,100.0,100.0
hh_with_children,all_quintiles,1994,100.0,100.0,100.0,100.0,100.0
hh_with_children,all_quintiles,1995,100.0,100.0,100.0,100.0,100.0
hh_with_children,all_quintiles,1996,100.0,100.0,100.0,100.0,100.0
hh_with_children,all_quintiles,1997,100.0,100.0,100.0,100.0,100.0
hh_with_children,all_quintiles,1998,100.0,100.0,100.0,100.0,100.0
hh_with_children,all_quintiles,1999,100.0,100.0,100.0,100.0,100.0
hh_with_children,all_quintiles,2000,100.0,100.0,100.0,100.0,100.0
hh_with_children,all_quintiles,2001,100.0,100.0,100.0,100.0,100.0
hh_with_children,all_quintiles,2002,100.0,100.0,100.0,100.0,100.0
hh_with_children,all_quintiles,2003,100.0,100.0,100.0,100.0,100.0
hh_with_children,all_quintiles,2004,100.0,100.0,100.0,100.0,100.0
hh_with_children,all_quintiles,2005,100.0,100.0,100.0,100.0,100.0
hh_with_children,all_quintiles,2006,100.0,100.0,100.0,100.0,100.0
hh_with_children,all_quintiles,2007,100.0,100.0,100.0,100.0,100.0
hh_with_children,all_quintiles,2008,100.0,100.0,100.0,100.0,100.0
hh_with_children,all_quintiles,2009,100.0,100.0,100.0,100.0,100.0
hh_with_children,all_quintiles,2010,100.0,100.0,100.0,100.0,100.0
hh_with_children,all_quintiles,2011,100.0,100.0,100.0,100.0,100.0
hh_with_children,all_quintiles,2012,100.0,100.0,100.0,100.0,100.0
hh_with_children,all_quintiles,2013,100.0,100.0,100.0,100.0,100.0
hh_with_children,all_quintiles,2014,100.0,100.0,100.0,100.0,100.0
hh_with_children,all_quintiles,2015,100.0,100.0,100.0,100.0,100.0
hh_with_children,lowest_quintile,1979,68.7,66.6,72.8,67.7,68.3
hh_with_children,lowest_quintile,1980,67.0,65.6,69.4,71.0,66.1
hh_with_children,lowest_quintile,1981,66.4,64.3,67.1,65.1,67.6
hh_with_children,lowest_quintile,1982,69.6,66.9,71.5,68.2,70.5
hh_with_children,lowest_quintile,1983,73.3,72.2,74.7,70.0,73.9
hh_with_children,lowest_quintile,1984,69.5,67.7,71.6,65.6,70.2
hh_with_children,lowest_quintile,1985,71.8,69.4,75.3,65.0,73.0
hh_with_children,lowest_quintile,1986,73.2,71.4,76.9,69.5,73.4
hh_with_children,lowest_quintile,1987,77.1,75.4,82.7,69.5,77.6
hh_with_children,lowest_quintile,1988,75.6,72.3,81.0,71.0,76.8
hh_with_children,lowest_quintile,1989,74.1,70.8,80.0,69.3,75.6
hh_with_children,lowest_quintile,1990,73.1,69.4,78.7,64.5,76.2
hh_with_children,lowest_quintile,1991,69.2,65.7,72.7,64.2,72.5
hh_with_children,lowest_quintile,1992,65.1,61.8,67.9,61.3,69.2
hh_with_children,lowest_quintile,1993,64.5,60.8,67.3,59.2,69.9
hh_with_children,lowest_quintile,1994,64.0,59.3,68.0,63.9,68.8
hh_with_children,lowest_quintile,1995,63.6,58.8,68.2,62.7,68.8
hh_with_children,lowest_quintile,1996,63.8,59.2,68.4,66.2,67.8
hh_with_children,lowest_quintile,1997,62.2,58.3,66.3,64.5,66.6
hh_with_children,lowest_quintile,1998,60.0,55.5,69.0,62.4,64.8
hh_with_children,lowest_quintile,1999,58.0,53.1,70.5,61.1,63.9
hh_with_children,lowest_quintile,2000,56.1,51.8,68.5,63.6,60.0
hh_with_children,lowest_quintile,2001,54.5,49.5,70.6,62.4,60.0
hh_with_children,lowest_quintile,2002,51.5,47.2,64.4,57.9,58.5
hh_with_children,lowest_quintile,2003,50.4,45.8,63.3,58.7,58.3
hh_with_children,lowest_quintile,2004,48.9,44.4,62.2,56.8,57.2
hh_with_children,lowest_quintile,2005,50.5,45.6,63.1,60.6,59.0
hh_with_children,lowest_quintile,2006,51.2,46.4,65.7,58.0,59.4
hh_with_children,lowest_quintile,2007,51.4,46.3,65.9,61.5,59.0
hh_with_children,lowest_quintile,2008,48.0,43.4,61.3,55.0,56.1
hh_with_children,lowest_quintile,2009,46.4,41.3,56.8,55.2,55.3
hh_with_children,lowest_quintile,2010,45.4,40.6,53.2,55.3,54.7
hh_with_children,lowest_quintile,2011,44.8,39.8,51.5,57.1,53.6
hh_with_children,lowest_quintile,2012,45.7,40.8,53.7,57.0,53.1
hh_with_children,lowest_quintile,2013,45.0,40.5,52.7,56.3,53.2
hh_with_children,lowest_quintile,2014,42.4,38.1,54.1,55.3,50.6
hh_with_children,lowest_quintile,2015,40.1,36.0,52.9,55.6,47.8
hh_with_children,second_quintile,1979,17.3,18.5,18.7,16.7,16.1
hh_with_children,second_quintile,1980,19.1,20.4,20.8,16.3,18.1
hh_with_children,second_quintile,1981,19.3,20.2,22.1,16.7,17.7
hh_with_children,second_quintile,1982,18.7,19.5,20.6,18.0,17.5
hh_with_children,second_quintile,1983,15.4,16.1,17.7,14.3,13.9
hh_with_children,second_quintile,1984,17.6,19.0,18.7,15.7,16.7
hh_with_children,second_quintile,1985,15.7,16.9,16.4,16.1,14.5
hh_with_children,second_quintile,1986,16.0,17.1,16.9,14.2,15.2
hh_with_children,second_quintile,1987,13.4,14.8,11.4,17.6,12.4
hh_with_children,second_quintile,1988,13.5,14.5,12.0,13.5,13.4
hh_with_children,second_quintile,1989,15.5,16.9,13.8,16.8,14.8
hh_with_children,second_quintile,1990,16.0,17.5,15.1,17.6,14.6
hh_with_children,second_quintile,1991,18.3,20.0,19.1,19.5,15.6
hh_with_children,second_quintile,1992,21.5,22.8,22.5,22.7,18.5
hh_with_children,second_quintile,1993,21.8,23.9,22.7,22.2,18.1
hh_with_children,second_quintile,1994,21.6,23.1,22.7,20.7,18.9
hh_with_children,second_quintile,1995,21.5,23.4,22.3,21.7,17.7
hh_with_children,second_quintile,1996,22.5,24.8,22.9,19.2,19.8
hh_with_children,second_quintile,1997,24.1,25.7,25.5,19.5,22.0
hh_with_children,second_quintile,1998,25.7,27.7,23.6,22.9,23.3
hh_with_children,second_quintile,1999,25.0,27.3,21.7,21.0,22.3
hh_with_children,second_quintile,2000,25.8,27.6,23.4,20.1,23.8
hh_with_children,second_quintile,2001,27.0,29.2,22.2,21.1,24.2
hh_with_children,second_quintile,2002,28.5,30.0,26.2,23.5,25.8
hh_with_children,second_quintile,2003,29.1,30.7,27.4,23.5,25.4
hh_with_children,second_quintile,2004,29.8,31.4,28.2,22.7,26.2
hh_with_children,second_quintile,2005,29.2,31.1,28.2,20.5,25.0
hh_with_children,second_quintile,2006,28.9,30.7,26.5,23.5,24.5
hh_with_children,second_quintile,2007,28.1,30.0,26.1,20.5,24.6
hh_with_children,second_quintile,2008,30.1,31.5,28.9,23.7,27.2
hh_with_children,second_quintile,2009,30.5,31.5,31.7,24.0,26.7
hh_with_children,second_quintile,2010,31.1,32.3,32.5,22.6,27.3
hh_with_children,second_quintile,2011,31.8,32.4,35.0,22.8,27.9
hh_with_children,second_quintile,2012,31.9,32.7,34.0,24.5,28.2
hh_with_children,second_quintile,2013,32.0,32.9,33.7,24.7,28.0
hh_with_children,second_quintile,2014,32.0,32.7,32.9,25.3,29.1
hh_with_children,second_quintile,2015,33.2,34.0,33.6,25.0,30.9
hh_with_children,middle_quintile,1979,6.4,6.8,3.5,7.4,7.3
hh_with_children,middle_quintile,1980,6.3,6.8,4.4,5.0,7.2
hh_with_children,middle_quintile,1981,6.2,6.9,5.0,7.2,6.2
hh_with_children,middle_quintile,1982,4.8,5.4,3.5,4.8,5.2
hh_with_children,middle_quintile,1983,4.5,5.0,3.1,6.2,4.7
hh_with_children,middle_quintile,1984,5.6,6.0,4.4,8.3,5.5
hh_with_children,middle_quintile,1985,4.9,5.7,3.0,7.6,4.8
hh_with_children,middle_quintile,1986,4.7,5.4,2.8,7.4,4.6
hh_with_children,middle_quintile,1987,4.3,4.4,2.4,6.1,4.7
hh_with_children,middle_quintile,1988,5.5,6.8,3.1,8.7,5.0
hh_with_children,middle_quintile,1989,4.7,6.0,2.5,5.2,4.5
hh_with_children,middle_quintile,1990,5.4,6.8,2.7,8.8,4.4
hh_with_children,middle_quintile,1991,5.8,6.9,3.8,7.3,5.1
hh_with_children,middle_quintile,1992,7.0,8.2,5.4,7.9,6.1
hh_with_children,middle_quintile,1993,7.7,8.5,6.1,10.3,6.6
hh_with_children,middle_quintile,1994,7.6,9.3,5.7,6.9,6.7
hh_with_children,middle_quintile,1995,8.3,9.6,6.2,8.3,7.5
hh_with_children,middle_quintile,1996,7.8,8.9,5.7,7.9,7.3
hh_with_children,middle_quintile,1997,7.8,8.9,5.7,8.1,6.6
hh_with_children,middle_quintile,1998,8.1,9.5,4.7,8.4,6.5
hh_with_children,middle_quintile,1999,10.0,11.6,5.0,10.5,7.9
hh_with_children,middle_quintile,2000,10.4,11.9,5.1,8.9,9.0
hh_with_children,middle_quintile,2001,11.0,12.6,5.0,9.4,9.0
hh_with_children,middle_quintile,2002,11.7,13.4,6.1,10.4,8.5
hh_with_children,middle_quintile,2003,12.3,14.1,6.3,9.7,9.2
hh_with_children,middle_quintile,2004,12.2,14.0,5.9,10.2,9.0
hh_with_children,middle_quintile,2005,11.8,13.7,5.8,10.2,8.3
hh_with_children,middle_quintile,2006,11.5,13.3,5.2,10.1,8.2
hh_with_children,middle_quintile,2007,11.7,13.6,5.2,9.4,8.6
hh_with_children,middle_quintile,2008,12.2,14.1,6.3,10.4,8.8
hh_with_children,middle_quintile,2009,13.6,15.8,7.9,11.6,9.9
hh_with_children,middle_quintile,2010,13.6,15.8,9.1,10.7,9.8
hh_with_children,middle_quintile,2011,14.4,16.8,9.8,11.3,10.8
hh_with_children,middle_quintile,2012,14.1,16.3,9.2,11.2,11.1
hh_with_children,middle_quintile,2013,14.7,16.8,9.8,11.7,11.2
hh_with_children,middle_quintile,2014,15.5,17.7,8.5,11.2,11.6
hh_with_children,middle_quintile,2015,16.4,18.4,9.0,11.7,12.0
hh_with_children,fourth_quintile,1979,3.5,3.8,1.7,3.8,4.1
hh_with_children,fourth_quintile,1980,2.9,2.7,1.5,2.2,3.8
hh_with_children,fourth_quintile,1981,2.9,3.4,1.6,3.5,3.3
hh_with_children,fourth_quintile,1982,2.3,2.8,0.9,3.5,2.5
hh_with_children,fourth_quintile,1983,1.9,1.7,0.7,2.8,2.4
hh_with_children,fourth_quintile,1984,2.4,2.3,1.3,3.1,2.8
hh_with_children,fourth_quintile,1985,2.3,2.3,0.9,3.6,2.7
hh_with_children,fourth_quintile,1986,2.3,2.0,0.8,2.9,2.9
hh_with_children,fourth_quintile,1987,2.4,2.7,0.7,3.6,2.7
hh_with_children,fourth_quintile,1988,2.5,3.2,0.8,3.1,2.6
hh_with_children,fourth_quintile,1989,2.6,3.1,1.0,4.2,2.4
hh_with_children,fourth_quintile,1990,2.4,3.0,0.8,4.7,2.1
hh_with_children,fourth_quintile,1991,2.7,3.2,1.3,4.5,2.5
hh_with_children,fourth_quintile,1992,3.3,3.7,1.9,3.5,3.4
hh_with_children,fourth_quintile,1993,2.8,3.3,1.7,3.5,2.6
hh_with_children,fourth_quintile,1994,3.5,4.5,1.9,4.1,2.8
hh_with_children,fourth_quintile,1995,3.4,4.2,1.6,3.2,3.4
hh_with_children,fourth_quintile,1996,3.3,4.1,1.3,3.9,2.8
hh_with_children,fourth_quintile,1997,3.5,4.3,1.3,4.8,2.7
hh_with_children,fourth_quintile,1998,3.5,4.4,1.2,3.2,3.0
hh_with_children,fourth_quintile,1999,4.0,5.0,1.2,3.3,3.2
hh_with_children,fourth_quintile,2000,4.5,5.3,1.5,3.8,4.0
hh_with_children,fourth_quintile,2001,4.3,5.1,0.8,3.8,3.3
hh_with_children,fourth_quintile,2002,4.8,5.5,1.5,4.3,4.1
hh_with_children,fourth_quintile,2003,4.8,5.6,0.9,5.1,4.0
hh_with_children,fourth_quintile,2004,5.3,6.1,1.8,5.4,4.1
hh_with_children,fourth_quintile,2005,5.1,6.0,1.2,4.9,3.7
hh_with_children,fourth_quintile,2006,5.0,5.9,1.1,4.9,4.1
hh_with_children,fourth_quintile,2007,5.2,6.1,1.3,4.9,4.1
hh_with_children,fourth_quintile,2008,5.3,6.3,1.3,5.3,3.9
hh_with_children,fourth_quintile,2009,5.8,7.1,1.7,5.4,4.3
hh_with_children,fourth_quintile,2010,5.8,7.0,2.8,5.8,4.0
hh_with_children,fourth_quintile,2011,5.5,6.8,2.1,5.0,4.2
hh_with_children,fourth_quintile,2012,5.2,6.5,1.8,4.6,4.4
hh_with_children,fourth_quintile,2013,5.5,6.6,2.4,4.5,4.6
hh_with_children,fourth_quintile,2014,6.7,7.7,2.8,5.5,5.1
hh_with_children,fourth_quintile,2015,6.7,7.7,2.6,4.2,5.7
hh_with_children,highest_quintile,1979,1.8,1.8,0.7,1.9,2.2
hh_with_children,highest_quintile,1980,1.6,1.5,0.6,1.6,2.2
hh_with_children,highest_quintile,1981,1.4,1.4,0.5,2.1,1.8
hh_with_children,highest_quintile,1982,1.3,1.9,0.3,1.8,1.4
hh_with_children,highest_quintile,1983,1.2,1.1,0.5,1.5,1.6
hh_with_children,highest_quintile,1984,1.5,1.4,0.8,2.6,1.7
hh_with_children,highest_quintile,1985,1.5,1.3,0.7,2.6,1.7
hh_with_children,highest_quintile,1986,1.3,1.2,0.5,2.0,1.7
hh_with_children,highest_quintile,1987,1.2,1.0,0.5,1.2,1.5
hh_with_children,highest_quintile,1988,1.4,1.6,0.9,1.7,1.3
hh_with_children,highest_quintile,1989,1.6,1.8,0.6,3.0,1.6
hh_with_children,highest_quintile,1990,1.4,1.6,0.5,2.2,1.4
hh_with_children,highest_quintile,1991,1.8,1.9,0.9,2.1,2.2
hh_with_children,highest_quintile,1992,1.7,2.0,0.9,2.5,1.6
hh_with_children,highest_quintile,1993,1.5,1.7,0.6,2.6,1.5
hh_with_children,highest_quintile,1994,2.0,2.6,0.6,2.6,1.7
hh_with_children,highest_quintile,1995,2.1,2.7,0.7,2.6,1.8
hh_with_children,highest_quintile,1996,1.4,1.8,0.5,1.5,1.3
hh_with_children,highest_quintile,1997,1.6,1.9,0.4,2.3,1.5
hh_with_children,highest_quintile,1998,1.7,1.9,0.4,1.7,1.7
hh_with_children,highest_quintile,1999,2.1,2.2,0.4,3.1,1.9
hh_with_children,highest_quintile,2000,2.2,2.5,0.6,2.1,2.4
hh_with_children,highest_quintile,2001,2.4,2.6,0.4,2.6,2.5
hh_with_children,highest_quintile,2002,2.4,2.7,0.5,2.5,2.2
hh_with_children,highest_quintile,2003,2.3,2.7,0.5,1.9,2.1
hh_with_children,highest_quintile,2004,2.6,2.9,0.6,3.4,2.6
hh_with_children,highest_quintile,2005,2.4,2.7,0.4,2.5,2.6
hh_with_children,highest_quintile,2006,2.5,2.8,0.4,2.5,2.8
hh_with_children,highest_quintile,2007,2.7,3.1,0.4,2.6,2.7
hh_with_children,highest_quintile,2008,2.9,3.3,0.7,3.4,2.7
hh_with_children,highest_quintile,2009,2.7,3.2,0.7,2.7,2.8
hh_with_children,highest_quintile,2010,2.8,3.1,1.1,3.9,2.8
hh_with_children,highest_quintile,2011,2.5,3.1,0.6,2.3,2.4
hh_with_children,highest_quintile,2012,2.3,2.9,0.4,1.6,2.3
hh_with_children,highest_quintile,2013,2.0,2.5,0.6,1.6,2.2
hh_with_children,highest_quintile,2014,2.7,3.1,0.9,1.8,2.9
hh_with_children,highest_quintile,2015,3.2,3.5,1.2,3.0,3.1
hh_with_children,percentiles_81_90,1979,1.1,1.1,0.4,1.5,1.3
hh_with_children,percentiles_81_90,1980,0.9,0.8,0.3,0.8,1.2
hh_with_children,percentiles_81_90,1981,0.7,0.8,0.2,1.7,0.8
hh_with_children,percentiles_81_90,1982,0.7,1.0,0.2,1.1,0.8
hh_with_children,percentiles_81_90,1983,0.5,0.4,0.2,0.9,0.7
hh_with_children,percentiles_81_90,1984,0.8,0.8,0.2,1.7,0.9
hh_with_children,percentiles_81_90,1985,0.8,0.7,0.3,1.5,0.9
hh_with_children,percentiles_81_90,1986,0.6,0.6,0.2,0.9,0.9
hh_with_children,percentiles_81_90,1987,0.6,0.4,0.2,0.6,0.8
hh_with_children,percentiles_81_90,1988,0.7,0.8,0.4,1.3,0.7
hh_with_children,percentiles_81_90,1989,0.8,1.0,0.2,1.2,0.9
hh_with_children,percentiles_81_90,1990,0.8,0.9,0.2,1.1,0.8
hh_with_children,percentiles_81_90,1991,1.0,1.1,0.5,1.2,1.1
hh_with_children,percentiles_81_90,1992,1.0,1.2,0.6,1.5,0.9
hh_with_children,percentiles_81_90,1993,0.8,1.0,0.3,1.6,0.8
hh_with_children,percentiles_81_90,1994,1.0,1.2,0.4,1.4,1.0
hh_with_children,percentiles_81_90,1995,1.1,1.4,0.3,1.4,1.0
hh_with_children,percentiles_81_90,1996,0.8,1.0,0.2,1.1,0.7
hh_with_children,percentiles_81_90,1997,1.0,1.2,0.2,1.5,0.7
hh_with_children,percentiles_81_90,1998,0.9,1.0,0.3,0.7,0.9
hh_with_children,percentiles_81_90,1999,1.1,1.2,0.2,1.9,1.2
hh_with_children,percentiles_81_90,2000,1.4,1.6,0.4,1.5,1.4
hh_with_children,percentiles_81_90,2001,1.3,1.4,0.3,1.3,1.3
hh_with_children,percentiles_81_90,2002,1.3,1.5,0.2,1.5,1.1
hh_with_children,percentiles_81_90,2003,1.3,1.5,0.2,0.9,1.2
hh_with_children,percentiles_81_90,2004,1.6,1.7,0.4,2.6,1.3
hh_with_children,percentiles_81_90,2005,1.3,1.4,0.2,1.2,1.4
hh_with_children,percentiles_81_90,2006,1.4,1.6,0.2,1.7,1.2
hh_with_children,percentiles_81_90,2007,1.4,1.7,0.2,1.5,1.3
hh_with_children,percentiles_81_90,2008,1.5,1.7,0.4,1.9,1.3
hh_with_children,percentiles_81_90,2009,1.5,1.7,0.4,1.7,1.4
hh_with_children,percentiles_81_90,2010,1.6,1.9,0.6,2.4,1.5
hh_with_children,percentiles_81_90,2011,1.4,1.7,0.3,1.4,1.2
hh_with_children,percentiles_81_90,2012,1.2,1.6,0.2,0.7,1.2
hh_with_children,percentiles_81_90,2013,1.1,1.3,0.4,1.0,1.1
hh_with_children,percentiles_81_90,2014,1.5,1.7,0.5,1.0,1.5
hh_with_children,percentiles_81_90,2015,1.6,1.8,0.6,1.3,1.5
hh_with_children,percentiles_91_95,1979,0.3,0.3,0.1,0.2,0.4
hh_with_children,percentiles_91_95,1980,0.4,0.4,0.1,0.6,0.4
hh_with_children,percentiles_91_95,1981,0.3,0.2,0.1,0.2,0.4
hh_with_children,percentiles_91_95,1982,0.3,0.5,0.1,0.4,0.3
hh_with_children,percentiles_91_95,1983,0.3,0.3,0.1,0.4,0.3
hh_with_children,percentiles_91_95,1984,0.3,0.2,0.2,0.7,0.3
hh_with_children,percentiles_91_95,1985,0.2,0.2,0.1,0.4,0.3
hh_with_children,percentiles_91_95,1986,0.2,0.2,0.1,0.2,0.3
hh_with_children,percentiles_91_95,1987,0.2,0.2,0.1,0.2,0.3
hh_with_children,percentiles_91_95,1988,0.3,0.3,0.2,0.2,0.3
hh_with_children,percentiles_91_95,1989,0.4,0.4,0.2,0.9,0.3
hh_with_children,percentiles_91_95,1990,0.3,0.2,0.1,0.7,0.2
hh_with_children,percentiles_91_95,1991,0.3,0.3,0.1,0.3,0.5
hh_with_children,percentiles_91_95,1992,0.4,0.4,0.2,0.7,0.3
hh_with_children,percentiles_91_95,1993,0.3,0.3,0.1,0.5,0.3
hh_with_children,percentiles_91_95,1994,0.4,0.7,0.1,0.6,0.3
hh_with_children,percentiles_91_95,1995,0.4,0.6,0.1,0.5,0.3
hh_with_children,percentiles_91_95,1996,0.3,0.4,0.1,0.3,0.3
hh_with_children,percentiles_91_95,1997,0.3,0.4,0.1,0.6,0.3
hh_with_children,percentiles_91_95,1998,0.3,0.4,0.1,0.2,0.4
hh_with_children,percentiles_91_95,1999,0.5,0.5,0.1,0.7,0.4
hh_with_children,percentiles_91_95,2000,0.4,0.5,0.1,0.5,0.5
hh_with_children,percentiles_91_95,2001,0.5,0.5,,0.5,0.7
hh_with_children,percentiles_91_95,2002,0.5,0.6,0.1,0.5,0.5
hh_with_children,percentiles_91_95,2003,0.5,0.5,,0.6,0.4
hh_with_children,percentiles_91_95,2004,0.6,0.6,0.1,0.7,0.7
hh_with_children,percentiles_91_95,2005,0.6,0.7,,0.5,0.6
hh_with_children,percentiles_91_95,2006,0.5,0.6,0.1,0.4,0.8
hh_with_children,percentiles_91_95,2007,0.6,0.7,0.1,0.5,0.6
hh_with_children,percentiles_91_95,2008,0.7,0.8,0.1,0.8,0.6
hh_with_children,percentiles_91_95,2009,0.6,0.7,0.2,0.6,0.6
hh_with_children,percentiles_91_95,2010,0.6,0.7,0.2,0.6,0.6
hh_with_children,percentiles_91_95,2011,0.5,0.6,0.1,0.3,0.6
hh_with_children,percentiles_91_95,2012,0.5,0.7,0.1,0.4,0.5
hh_with_children,percentiles_91_95,2013,0.4,0.5,0.1,0.4,0.5
hh_with_children,percentiles_91_95,2014,0.6,0.6,0.2,0.4,0.6
hh_with_children,percentiles_91_95,2015,0.7,0.8,0.4,0.7,0.7
hh_with_children,percentiles_96_99,1979,0.3,0.2,0.2,0.1,0.4
hh_with_children,percentiles_96_99,1980,0.2,0.2,0.1,0.1,0.3
hh_with_children,percentiles_96_99,1981,0.3,0.3,0.1,0.1,0.4
hh_with_children,percentiles_96_99,1982,0.2,0.2,,0.3,0.2
hh_with_children,percentiles_96_99,1983,0.2,0.2,0.2,0.2,0.3
hh_with_children,percentiles_96_99,1984,0.2,0.2,0.2,0.1,0.3
hh_with_children,percentiles_96_99,1985,0.3,0.3,0.2,0.5,0.4
hh_with_children,percentiles_96_99,1986,0.3,0.3,0.1,0.3,0.4
hh_with_children,percentiles_96_99,1987,0.3,0.2,0.2,0.4,0.3
hh_with_children,percentiles_96_99,1988,0.3,0.3,0.2,0.1,0.3
hh_with_children,percentiles_96_99,1989,0.2,0.2,0.1,0.3,0.3
hh_with_children,percentiles_96_99,1990,0.3,0.3,0.1,0.3,0.3
hh_with_children,percentiles_96_99,1991,0.4,0.3,0.2,0.5,0.5
hh_with_children,percentiles_96_99,1992,0.3,0.3,0.1,0.2,0.3
hh_with_children,percentiles_96_99,1993,0.3,0.3,0.1,0.4,0.3
hh_with_children,percentiles_96_99,1994,0.4,0.5,0.1,0.5,0.3
hh_with_children,percentiles_96_99,1995,0.4,0.5,0.1,0.4,0.4
hh_with_children,percentiles_96_99,1996,0.3,0.3,0.1,0.1,0.2
hh_with_children,percentiles_96_99,1997,0.3,0.3,0.1,0.2,0.4
hh_with_children,percentiles_96_99,1998,0.4,0.4,0.1,0.7,0.3
hh_with_children,percentiles_96_99,1999,0.3,0.4,,0.2,0.3
hh_with_children,percentiles_96_99,2000,0.3,0.3,0.1,0.1,0.4
hh_with_children,percentiles_96_99,2001,0.4,0.5,0.1,0.4,0.4
hh_with_children,percentiles_96_99,2002,0.4,0.4,0.2,0.4,0.3
hh_with_children,percentiles_96_99,2003,0.4,0.5,0.1,0.3,0.4
hh_with_children,percentiles_96_99,2004,0.3,0.4,0.1,0.1,0.4
hh_with_children,percentiles_96_99,2005,0.5,0.5,0.1,0.7,0.5
hh_with_children,percentiles_96_99,2006,0.5,0.5,0.1,0.4,0.6
hh_with_children,percentiles_96_99,2007,0.5,0.6,0.1,0.6,0.6
hh_with_children,percentiles_96_99,2008,0.5,0.5,0.1,0.5,0.5
hh_with_children,percentiles_96_99,2009,0.4,0.5,0.1,0.2,0.6
hh_with_children,percentiles_96_99,2010,0.4,0.4,0.2,0.5,0.5
hh_with_children,percentiles_96_99,2011,0.5,0.6,0.1,0.4,0.5
hh_with_children,percentiles_96_99,2012,0.4,0.5,0.1,0.3,0.4
hh_with_children,percentiles_96_99,2013,0.3,0.4,0.1,0.2,0.4
hh_with_children,percentiles_96_99,2014,0.5,0.5,0.1,0.3,0.5
hh_with_children,percentiles_96_99,2015,0.6,0.6,0.2,0.9,0.7
hh_with_children,top_1_percent,1979,0.1,0.1,0.1,0.2,0.2
hh_with_children,top_1_percent,1980,0.1,0.1,0.1,0.1,0.1
hh_with_children,top_1_percent,1981,0.1,0.2,0.1,0.2,0.2
hh_with_children,top_1_percent,1982,0.1,0.2,,,0.1
hh_with_children,top_1_percent,1983,0.2,0.2,0.1,0.1,0.2
hh_with_children,top_1_percent,1984,0.1,0.2,0.1,0.1,0.1
hh_with_children,top_1_percent,1985,0.2,0.2,0.1,0.2,0.2
hh_with_children,top_1_percent,1986,0.2,0.2,0.1,0.6,0.2
hh_with_children,top_1_percent,1987,0.1,0.2,0.1,0.1,0.1
hh_with_children,top_1_percent,1988,0.1,0.1,0.1,,0.1
hh_with_children,top_1_percent,1989,0.2,0.2,0.1,0.5,0.1
hh_with_children,top_1_percent,1990,0.1,0.1,0.1,0.1,0.1
hh_with_children,top_1_percent,1991,0.2,0.2,0.1,0.2,0.1
hh_with_children,top_1_percent,1992,0.1,0.1,,0.1,0.1
hh_with_children,top_1_percent,1993,0.1,0.1,0.1,0.1,0.1
hh_with_children,top_1_percent,1994,0.1,0.1,0.1,0.1,0.1
hh_with_children,top_1_percent,1995,0.2,0.3,0.1,0.2,0.1
hh_with_children,top_1_percent,1996,0.1,0.1,0.1,,0.1
hh_with_children,top_1_percent,1997,0.1,0.1,,,0.1
hh_with_children,top_1_percent,1998,0.1,0.2,,0.1,0.1
hh_with_children,top_1_percent,1999,0.1,0.2,,0.3,0.1
hh_with_children,top_1_percent,2000,0.1,0.1,,,0.1
hh_with_children,top_1_percent,2001,0.2,0.2,,0.3,0.2
hh_with_children,top_1_percent,2002,0.2,0.2,0.1,0.1,0.3
hh_with_children,top_1_percent,2003,0.1,0.2,0.1,0.1,0.1
hh_with_children,top_1_percent,2004,0.1,0.1,0.1,0.1,0.1
hh_with_children,top_1_percent,2005,0.1,0.1,0.1,0.1,0.1
hh_with_children,top_1_percent,2006,0.1,0.1,,0.2,0.2
hh_with_children,top_1_percent,2007,0.1,0.1,,0.1,0.1
hh_with_children,top_1_percent,2008,0.2,0.2,0.1,0.2,0.3
hh_with_children,top_1_percent,2009,0.2,0.2,0.1,0.2,0.2
hh_with_children,top_1_percent,2010,0.2,0.2,0.1,0.4,0.1
hh_with_children,top_1_percent,2011,0.2,0.2,,0.2,0.2
hh_with_children,top_1_percent,2012,0.1,0.2,,0.2,0.1
hh_with_children,top_1_percent,2013,0.1,0.2,,,0.1
hh_with_children,top_1_percent,2014,0.2,0.2,0.1,0.1,0.2
hh_with_children,top_1_percent,2015,0.2,0.2,0.1,0.2,0.2
elderly_headed_hh,all_quintiles,1979,100.0,100.0,100.0,100.0,100.0
elderly_headed_hh,all_quintiles,1980,100.0,100.0,100.0,100.0,100.0
elderly_headed_hh,all_quintiles,1981,100.0,100.0,100.0,100.0,100.0
elderly_headed_hh,all_quintiles,1982,100.0,100.0,100.0,100.0,100.0
elderly_headed_hh,all_quintiles,1983,100.0,100.0,100.0,100.0,100.0
elderly_headed_hh,all_quintiles,1984,100.0,100.0,100.0,100.0,100.0
elderly_headed_hh,all_quintiles,1985,100.0,100.0,100.0,100.0,100.0
elderly_headed_hh,all_quintiles,1986,100.0,100.0,100.0,100.0,100.0
elderly_headed_hh,all_quintiles,1987,100.0,100.0,100.0,100.0,100.0
elderly_headed_hh,all_quintiles,1988,100.0,100.0,100.0,100.0,100.0
elderly_headed_hh,all_quintiles,1989,100.0,100.0,100.0,100.0,100.0
elderly_headed_hh,all_quintiles,1990,100.0,100.0,100.0,100.0,100.0
elderly_headed_hh,all_quintiles,1991,100.0,100.0,100.0,100.0,100.0
elderly_headed_hh,all_quintiles,1992,100.0,100.0,100.0,100.0,100.0
elderly_headed_hh,all_quintiles,1993,100.0,100.0,100.0,100.0,100.0
elderly_headed_hh,all_quintiles,1994,100.0,100.0,100.0,100.0,100.0
elderly_headed_hh,all_quintiles,1995,100.0,100.0,100.0,100.0,100.0
elderly_headed_hh,all_quintiles,1996,100.0,100.0,100.0,100.0,100.0
elderly_headed_hh,all_quintiles,1997,100.0,100.0,100.0,100.0,100.0
elderly_headed_hh,all_quintiles,1998,100.0,100.0,100.0,100.0,100.0
elderly_headed_hh,all_quintiles,1999,100.0,100.0,100.0,100.0,100.0
elderly_headed_hh,all_quintiles,2000,100.0,100.0,100.0,100.0,100.0
elderly_headed_hh,all_quintiles,2001,100.0,100.0,100.0,100.0,100.0
elderly_headed_hh,all_quintiles,2002,100.0,100.0,100.0,100.0,100.0
elderly_headed_hh,all_quintiles,2003,100.0,100.0,100.0,100.0,100.0
elderly_headed_hh,all_quintiles,2004,100.0,100.0,100.0,100.0,100.0
elderly_headed_hh,all_quintiles,2005,100.0,100.0,100.0,100.0,100.0
elderly_headed_hh,all_quintiles,2006,100.0,100.0,100.0,100.0,100.0
elderly_headed_hh,all_quintiles,2007,100.0,100.0,100.0,100.0,100.0
elderly_headed_hh,all_quintiles,2008,100.0,100.0,100.0,100.0,100.0
elderly_headed_hh,all_quintiles,2009,100.0,100.0,100.0,100.0,100.0
elderly_headed_hh,all_quintiles,2010,100.0,100.0,100.0,100.0,100.0
elderly_headed_hh,all_quintiles,2011,100.0,100.0,100.0,100.0,100.0
elderly_headed_hh,all_quintiles,2012,100.0,100.0,100.0,100.0,100.0
elderly_headed_hh,all_quintiles,2013,100.0,100.0,100.0,100.0,100.0
elderly_headed_hh,all_quintiles,2014,100.0,100.0,100.0,100.0,100.0
elderly_headed_hh,all_quintiles,2015,100.0,100.0,100.0,100.0,100.0
elderly_headed_hh,lowest_quintile,1979,88.6,86.7,94.4,85.2,93.5
elderly_headed_hh,lowest_quintile,1980,88.6,85.5,93.3,86.5,94.5
elderly_headed_hh,lowest_quintile,1981,89.2,87.9,95.0,85.7,92.7
elderly_headed_hh,lowest_quintile,1982,87.3,85.1,92.4,87.7,89.3
elderly_headed_hh,lowest_quintile,1983,87.2,87.7,90.5,83.1,89.6
elderly_headed_hh,lowest_quintile,1984,88.5,87.5,93.2,87.3,90.2
elderly_headed_hh,lowest_quintile,1985,88.4,88.8,93.7,84.0,90.2
elderly_headed_hh,lowest_quintile,1986,85.6,83.7,92.4,82.7,90.3
elderly_headed_hh,lowest_quintile,1987,87.4,85.9,92.5,85.4,91.0
elderly_headed_hh,lowest_quintile,1988,85.0,85.5,92.0,82.0,85.0
elderly_headed_hh,lowest_quintile,1989,87.9,88.0,94.4,85.3,88.0
elderly_headed_hh,lowest_quintile,1990,87.6,87.5,90.8,87.0,87.5
elderly_headed_hh,lowest_quintile,1991,86.0,85.0,92.7,83.5,89.2
elderly_headed_hh,lowest_quintile,1992,84.9,83.9,91.0,81.9,89.3
elderly_headed_hh,lowest_quintile,1993,83.8,80.6,90.7,84.6,90.0
elderly_headed_hh,lowest_quintile,1994,81.6,77.7,91.1,83.6,89.7
elderly_headed_hh,lowest_quintile,1995,79.5,75.1,89.1,82.9,89.3
elderly_headed_hh,lowest_quintile,1996,76.1,70.3,86.6,81.9,88.2
elderly_headed_hh,lowest_quintile,1997,76.0,70.7,89.4,80.1,91.7
elderly_headed_hh,lowest_quintile,1998,75.8,71.9,87.4,78.9,89.9
elderly_headed_hh,lowest_quintile,1999,76.5,73.2,88.2,79.5,88.5
elderly_headed_hh,lowest_quintile,2000,72.9,69.3,87.9,76.4,86.2
elderly_headed_hh,lowest_quintile,2001,75.0,71.1,87.9,81.9,86.4
elderly_headed_hh,lowest_quintile,2002,74.4,71.2,86.4,78.7,88.5
elderly_headed_hh,lowest_quintile,2003,75.0,71.1,89.4,83.0,87.8
elderly_headed_hh,lowest_quintile,2004,73.7,70.7,88.8,78.1,88.4
elderly_headed_hh,lowest_quintile,2005,71.2,67.7,86.1,75.6,88.3
elderly_headed_hh,lowest_quintile,2006,69.5,64.8,85.8,73.6,78.6
elderly_headed_hh,lowest_quintile,2007,63.9,58.6,81.3,67.7,73.6
elderly_headed_hh,lowest_quintile,2008,71.3,67.8,86.8,70.6,79.0
elderly_headed_hh,lowest_quintile,2009,69.2,64.6,82.3,72.4,77.0
elderly_headed_hh,lowest_quintile,2010,66.4,61.5,78.3,71.2,73.8
elderly_headed_hh,lowest_quintile,2011,70.3,65.9,81.9,70.9,77.1
elderly_headed_hh,lowest_quintile,2012,70.1,65.7,81.8,71.0,77.0
elderly_headed_hh,lowest_quintile,2013,68.8,64.2,80.4,69.7,74.6
elderly_headed_hh,lowest_quintile,2014,68.2,63.6,80.5,69.7,75.2
elderly_headed_hh,lowest_quintile,2015,68.0,62.7,79.1,71.4,76.2
elderly_headed_hh,second_quintile,1979,6.3,6.9,4.3,7.8,4.5
elderly_headed_hh,second_quintile,1980,6.1,7.8,4.5,6.0,3.6
elderly_headed_hh,second_quintile,1981,5.7,6.0,3.3,7.0,5.5
elderly_headed_hh,second_quintile,1982,7.3,8.1,6.3,6.5,7.1
elderly_headed_hh,second_quintile,1983,8.0,7.4,6.9,10.1,7.3
elderly_headed_hh,second_quintile,1984,6.5,6.2,4.4,7.5,6.7
elderly_headed_hh,second_quintile,1985,6.6,6.8,4.1,7.4,6.4
elderly_headed_hh,second_quintile,1986,8.7,9.3,5.5,9.8,7.5
elderly_headed_hh,second_quintile,1987,7.8,8.8,4.3,8.5,5.8
elderly_headed_hh,second_quintile,1988,9.2,9.4,6.9,12.4,6.1
elderly_headed_hh,second_quintile,1989,6.6,7.0,3.3,6.6,6.7
elderly_headed_hh,second_quintile,1990,7.0,7.1,7.2,7.1,6.6
elderly_headed_hh,second_quintile,1991,9.6,10.4,5.6,11.0,7.3
elderly_headed_hh,second_quintile,1992,7.8,8.1,5.8,8.4,6.7
elderly_headed_hh,second_quintile,1993,9.8,11.5,6.7,8.8,6.8
elderly_headed_hh,second_quintile,1994,10.5,12.0,6.8,10.2,6.8
elderly_headed_hh,second_quintile,1995,11.4,13.3,7.7,9.4,7.7
elderly_headed_hh,second_quintile,1996,11.9,14.0,8.7,10.4,5.9
elderly_headed_hh,second_quintile,1997,11.4,13.4,6.3,9.9,4.7
elderly_headed_hh,second_quintile,1998,10.9,12.7,7.1,8.9,4.9
elderly_headed_hh,second_quintile,1999,11.3,12.6,6.9,9.7,7.3
elderly_headed_hh,second_quintile,2000,13.1,14.2,7.5,12.3,8.4
elderly_headed_hh,second_quintile,2001,13.3,14.9,8.7,10.3,8.8
elderly_headed_hh,second_quintile,2002,11.6,12.6,9.4,10.4,7.3
elderly_headed_hh,second_quintile,2003,11.7,13.1,7.0,8.4,7.5
elderly_headed_hh,second_quintile,2004,12.5,13.8,7.8,9.5,6.4
elderly_headed_hh,second_quintile,2005,13.4,14.7,8.2,11.6,7.3
elderly_headed_hh,second_quintile,2006,13.0,14.5,8.4,12.0,9.7
elderly_headed_hh,second_quintile,2007,15.8,17.7,9.8,14.0,12.3
elderly_headed_hh,second_quintile,2008,13.2,14.1,9.1,14.1,10.7
elderly_headed_hh,second_quintile,2009,14.4,16.2,10.4,12.4,11.2
elderly_headed_hh,second_quintile,2010,15.4,16.6,12.8,14.0,13.4
elderly_headed_hh,second_quintile,2011,14.9,16.4,11.4,13.2,13.0
elderly_headed_hh,second_quintile,2012,14.3,15.7,10.6,14.1,12.1
elderly_headed_hh,second_quintile,2013,16.2,17.6,12.5,16.3,14.4
elderly_headed_hh,second_quintile,2014,14.4,16.0,9.8,14.9,11.3
elderly_headed_hh,second_quintile,2015,14.1,15.8,11.0,12.6,11.6
elderly_headed_hh,middle_quintile,1979,2.6,2.8,0.6,4.0,1.3
elderly_headed_hh,middle_quintile,1980,2.4,2.9,1.2,3.2,1.3
elderly_headed_hh,middle_quintile,1981,2.2,2.6,1.0,3.2,0.7
elderly_headed_hh,middle_quintile,1982,2.7,3.5,0.8,2.1,2.5
elderly_headed_hh,middle_quintile,1983,2.3,2.4,1.3,3.1,1.6
elderly_headed_hh,middle_quintile,1984,2.4,3.2,0.7,2.4,1.2
elderly_headed_hh,middle_quintile,1985,2.0,1.9,0.7,3.3,1.7
elderly_headed_hh,middle_quintile,1986,3.2,4.2,1.1,3.9,1.0
elderly_headed_hh,middle_quintile,1987,2.6,3.1,1.9,2.7,1.6
elderly_headed_hh,middle_quintile,1988,3.3,2.8,0.5,3.0,5.6
elderly_headed_hh,middle_quintile,1989,2.7,2.7,0.7,4.3,1.5
elderly_headed_hh,middle_quintile,1990,2.6,3.1,1.1,3.2,1.4
elderly_headed_hh,middle_quintile,1991,2.1,2.0,1.1,2.9,1.7
elderly_headed_hh,middle_quintile,1992,3.8,4.2,1.5,4.9,2.5
elderly_headed_hh,middle_quintile,1993,3.2,4.0,1.3,3.3,1.7
elderly_headed_hh,middle_quintile,1994,3.9,5.1,1.3,3.0,1.6
elderly_headed_hh,middle_quintile,1995,4.4,5.5,1.6,3.8,1.9
elderly_headed_hh,middle_quintile,1996,4.9,6.2,2.8,3.1,2.8
elderly_headed_hh,middle_quintile,1997,6.2,7.5,1.6,5.7,2.1
elderly_headed_hh,middle_quintile,1998,6.2,7.0,3.6,6.2,1.7
elderly_headed_hh,middle_quintile,1999,5.3,6.4,2.6,4.1,1.1
elderly_headed_hh,middle_quintile,2000,5.3,6.0,2.2,4.5,2.3
elderly_headed_hh,middle_quintile,2001,5.7,6.8,2.2,3.8,3.0
elderly_headed_hh,middle_quintile,2002,6.7,7.7,1.9,5.4,2.5
elderly_headed_hh,middle_quintile,2003,6.4,7.6,1.1,4.2,2.8
elderly_headed_hh,middle_quintile,2004,6.8,7.5,1.9,6.7,2.6
elderly_headed_hh,middle_quintile,2005,7.4,8.4,3.2,6.4,2.4
elderly_headed_hh,middle_quintile,2006,7.9,9.3,3.3,6.1,5.3
elderly_headed_hh,middle_quintile,2007,9.1,10.9,5.4,8.3,5.2
elderly_headed_hh,middle_quintile,2008,7.3,8.2,2.0,8.6,4.9
elderly_headed_hh,middle_quintile,2009,7.6,9.0,3.3,6.3,5.7
elderly_headed_hh,middle_quintile,2010,8.0,9.8,3.7,6.8,5.0
elderly_headed_hh,middle_quintile,2011,7.3,8.6,3.4,8.5,5.0
elderly_headed_hh,middle_quintile,2012,6.7,8.1,3.6,6.0,4.5
elderly_headed_hh,middle_quintile,2013,6.9,8.4,3.7,5.8,5.2
elderly_headed_hh,middle_quintile,2014,8.3,9.6,4.6,8.0,6.5
elderly_headed_hh,middle_quintile,2015,8.6,10.3,5.0,8.9,5.3
elderly_headed_hh,fourth_quintile,1979,1.1,1.4,0.1,1.7,0.4
elderly_headed_hh,fourth_quintile,1980,1.5,2.1,0.3,2.0,0.3
elderly_headed_hh,fourth_quintile,1981,1.4,1.7,0.4,2.1,0.5
elderly_headed_hh,fourth_quintile,1982,1.1,1.4,0.2,1.3,0.7
elderly_headed_hh,fourth_quintile,1983,1.3,1.5,0.1,1.6,0.9
elderly_headed_hh,fourth_quintile,1984,1.5,1.8,0.3,1.7,0.9
elderly_headed_hh,fourth_quintile,1985,1.4,1.2,0.2,3.1,0.6
elderly_headed_hh,fourth_quintile,1986,1.2,1.2,0.6,2.0,0.5
elderly_headed_hh,fourth_quintile,1987,1.0,1.1,0.5,1.0,0.7
elderly_headed_hh,fourth_quintile,1988,1.2,1.2,,1.1,1.9
elderly_headed_hh,fourth_quintile,1989,1.5,1.4,0.5,2.4,1.2
elderly_headed_hh,fourth_quintile,1990,1.1,1.1,0.3,1.0,1.5
elderly_headed_hh,fourth_quintile,1991,1.2,1.5,0.3,1.4,0.6
elderly_headed_hh,fourth_quintile,1992,1.5,1.7,0.7,1.8,0.8
elderly_headed_hh,fourth_quintile,1993,2.2,2.8,0.5,2.4,0.8
elderly_headed_hh,fourth_quintile,1994,1.4,1.8,0.3,1.2,1.0
elderly_headed_hh,fourth_quintile,1995,2.3,3.1,0.6,1.9,0.3
elderly_headed_hh,fourth_quintile,1996,3.0,4.3,0.7,1.6,0.8
elderly_headed_hh,fourth_quintile,1997,3.1,3.8,1.3,2.8,0.8
elderly_headed_hh,fourth_quintile,1998,3.3,4.0,0.8,2.6,0.7
elderly_headed_hh,fourth_quintile,1999,3.2,3.5,0.5,3.8,0.5
elderly_headed_hh,fourth_quintile,2000,3.7,4.4,0.9,3.0,1.1
elderly_headed_hh,fourth_quintile,2001,3.1,3.8,0.6,2.1,0.6
elderly_headed_hh,fourth_quintile,2002,3.7,4.5,0.4,2.8,0.6
elderly_headed_hh,fourth_quintile,2003,3.4,4.1,0.3,1.7,0.8
elderly_headed_hh,fourth_quintile,2004,3.5,3.9,0.3,2.8,1.7
elderly_headed_hh,fourth_quintile,2005,3.6,4.3,0.5,2.5,0.6
elderly_headed_hh,fourth_quintile,2006,4.4,5.3,0.6,4.2,2.6
elderly_headed_hh,fourth_quintile,2007,5.0,5.7,1.4,4.8,4.2
elderly_headed_hh,fourth_quintile,2008,3.4,4.1,0.3,3.5,1.9
elderly_headed_hh,fourth_quintile,2009,4.1,4.8,1.6,4.1,2.7
elderly_headed_hh,fourth_quintile,2010,5.1,6.2,2.1,3.9,3.5
elderly_headed_hh,fourth_quintile,2011,3.6,4.4,1.1,4.3,2.1
elderly_headed_hh,fourth_quintile,2012,4.0,5.2,1.2,3.3,2.2
elderly_headed_hh,fourth_quintile,2013,3.7,4.7,1.1,3.5,2.5
elderly_headed_hh,fourth_quintile,2014,4.7,5.6,2.2,4.0,3.5
elderly_headed_hh,fourth_quintile,2015,4.9,6.1,2.4,4.3,2.9
elderly_headed_hh,highest_quintile,1979,1.1,1.9,0.4,0.8,0.3
elderly_headed_hh,highest_quintile,1980,0.9,1.2,,1.6,0.1
elderly_headed_hh,highest_quintile,1981,1.2,1.5,0.2,1.6,0.7
elderly_headed_hh,highest_quintile,1982,1.3,1.7,0.3,1.8,0.3
elderly_headed_hh,highest_quintile,1983,0.9,0.8,0.1,1.9,0.6
elderly_headed_hh,highest_quintile,1984,0.7,0.6,0.3,0.9,0.7
elderly_headed_hh,highest_quintile,1985,0.9,0.9,0.6,1.2,0.8
elderly_headed_hh,highest_quintile,1986,1.1,1.4,0.2,1.5,0.5
elderly_headed_hh,highest_quintile,1987,0.9,0.7,0.5,1.6,0.8
elderly_headed_hh,highest_quintile,1988,0.9,0.7,0.1,1.1,1.2
elderly_headed_hh,highest_quintile,1989,1.0,0.7,0.2,1.2,2.0
elderly_headed_hh,highest_quintile,1990,1.4,1.0,,1.4,2.9
elderly_headed_hh,highest_quintile,1991,0.8,0.8,,1.1,0.9
elderly_headed_hh,highest_quintile,1992,1.3,1.5,0.2,1.8,0.3
elderly_headed_hh,highest_quintile,1993,0.5,0.6,0.2,0.6,0.4
elderly_headed_hh,highest_quintile,1994,2.1,3.0,0.1,1.5,0.4
elderly_headed_hh,highest_quintile,1995,2.1,2.6,0.8,1.9,0.7
elderly_headed_hh,highest_quintile,1996,3.2,4.4,0.6,2.0,0.9
elderly_headed_hh,highest_quintile,1997,2.9,4.1,0.5,1.2,0.4
elderly_headed_hh,highest_quintile,1998,3.3,3.8,0.4,2.8,2.5
elderly_headed_hh,highest_quintile,1999,2.8,3.3,1.0,2.1,1.7
elderly_headed_hh,highest_quintile,2000,4.0,5.0,0.9,2.8,0.7
elderly_headed_hh,highest_quintile,2001,2.3,2.9,0.1,1.5,0.5
elderly_headed_hh,highest_quintile,2002,2.5,3.0,1.1,1.6,0.4
elderly_headed_hh,highest_quintile,2003,2.2,2.7,0.4,1.4,0.2
elderly_headed_hh,highest_quintile,2004,2.8,3.2,0.5,2.1,0.5
elderly_headed_hh,highest_quintile,2005,3.2,3.8,0.7,2.6,0.6
elderly_headed_hh,highest_quintile,2006,4.1,5.0,0.5,3.1,2.7
elderly_headed_hh,highest_quintile,2007,5.1,6.1,0.9,4.0,3.7
elderly_headed_hh,highest_quintile,2008,3.4,4.5,0.3,2.0,2.0
elderly_headed_hh,highest_quintile,2009,3.0,3.8,0.4,2.6,1.7
elderly_headed_hh,highest_quintile,2010,3.1,4.0,0.6,2.3,1.8
elderly_headed_hh,highest_quintile,2011,2.6,3.5,0.5,2.2,1.4
elderly_headed_hh,highest_quintile,2012,2.5,3.0,0.5,2.9,2.0
elderly_headed_hh,highest_quintile,2013,2.7,3.5,0.5,3.0,1.4
elderly_headed_hh,highest_quintile,2014,3.0,3.8,1.0,2.4,1.9
elderly_headed_hh,highest_quintile,2015,3.0,3.9,1.0,1.5,2.2
elderly_headed_hh,percentiles_81_90,1979,0.4,0.7,0.2,0.2,
elderly_headed_hh,percentiles_81_90,1980,0.4,0.5,,0.7,
elderly_headed_hh,percentiles_81_90,1981,0.4,0.7,0.1,0.2,0.5
elderly_headed_hh,percentiles_81_90,1982,0.9,1.0,0.3,1.4,0.3
elderly_headed_hh,percentiles_81_90,1983,0.3,0.4,,0.1,0.3
elderly_headed_hh,percentiles_81_90,1984,0.3,0.3,,0.5,0.4
elderly_headed_hh,percentiles_81_90,1985,0.4,0.4,0.5,0.7,0.1
elderly_headed_hh,percentiles_81_90,1986,0.6,0.8,,1.0,
elderly_headed_hh,percentiles_81_90,1987,0.4,0.3,0.3,0.3,0.7
elderly_headed_hh,percentiles_81_90,1988,0.4,0.4,0.1,0.5,0.5
elderly_headed_hh,percentiles_81_90,1989,0.3,0.2,0.1,0.6,0.1
elderly_headed_hh,percentiles_81_90,1990,0.4,0.5,,0.6,0.2
elderly_headed_hh,percentiles_81_90,1991,0.3,0.4,,0.4,0.2
elderly_headed_hh,percentiles_81_90,1992,0.6,0.7,0.1,0.8,0.1
elderly_headed_hh,percentiles_81_90,1993,0.4,0.4,0.1,0.6,0.1
elderly_headed_hh,percentiles_81_90,1994,0.7,0.8,0.1,0.8,0.3
elderly_headed_hh,percentiles_81_90,1995,0.9,1.1,0.2,0.5,0.6
elderly_headed_hh,percentiles_81_90,1996,1.5,2.1,0.1,1.0,0.4
elderly_headed_hh,percentiles_81_90,1997,1.0,1.5,0.1,0.3,0.1
elderly_headed_hh,percentiles_81_90,1998,1.3,1.5,0.2,1.1,0.3
elderly_headed_hh,percentiles_81_90,1999,1.1,1.3,0.3,1.0,0.2
elderly_headed_hh,percentiles_81_90,2000,1.5,1.9,0.4,1.2,0.2
elderly_headed_hh,percentiles_81_90,2001,1.0,1.2,0.1,0.7,0.1
elderly_headed_hh,percentiles_81_90,2002,1.1,1.4,0.7,0.5,0.2
elderly_headed_hh,percentiles_81_90,2003,0.8,0.9,0.1,0.5,0.1
elderly_headed_hh,percentiles_81_90,2004,1.3,1.4,,1.3,0.1
elderly_headed_hh,percentiles_81_90,2005,1.6,1.9,0.4,0.9,0.3
elderly_headed_hh,percentiles_81_90,2006,1.9,2.3,0.2,1.3,1.2
elderly_headed_hh,percentiles_81_90,2007,2.5,3.1,0.5,2.0,1.7
elderly_headed_hh,percentiles_81_90,2008,1.4,1.7,0.1,1.0,0.9
elderly_headed_hh,percentiles_81_90,2009,1.3,1.6,0.3,1.5,0.7
elderly_headed_hh,percentiles_81_90,2010,1.5,1.9,0.4,1.2,0.9
elderly_headed_hh,percentiles_81_90,2011,1.3,1.7,0.3,1.3,0.8
elderly_headed_hh,percentiles_81_90,2012,1.3,1.6,0.3,1.6,0.9
elderly_headed_hh,percentiles_81_90,2013,1.2,1.6,0.2,1.2,0.6
elderly_headed_hh,percentiles_81_90,2014,1.3,1.7,0.7,1.0,0.8
elderly_headed_hh,percentiles_81_90,2015,1.3,1.7,0.5,0.8,1.0
elderly_headed_hh,percentiles_91_95,1979,0.2,0.3,0.2,0.3,
elderly_headed_hh,percentiles_91_95,1980,0.3,0.4,,0.5,0.1
elderly_headed_hh,percentiles_91_95,1981,0.3,0.3,,0.6,
elderly_headed_hh,percentiles_91_95,1982,0.2,0.3,,0.3,
elderly_headed_hh,percentiles_91_95,1983,0.2,0.3,,0.4,
elderly_headed_hh,percentiles_91_95,1984,0.1,0.1,,0.3,0.1
elderly_headed_hh,percentiles_91_95,1985,0.2,0.2,,0.2,0.2
elderly_headed_hh,percentiles_91_95,1986,0.2,0.1,,0.3,0.3
elderly_headed_hh,percentiles_91_95,1987,0.1,0.2,,0.3,
elderly_headed_hh,percentiles_91_95,1988,0.1,0.1,,,0.1
elderly_headed_hh,percentiles_91_95,1989,0.5,0.2,0.1,0.2,1.8
elderly_headed_hh,percentiles_91_95,1990,0.4,0.4,,0.6,
elderly_headed_hh,percentiles_91_95,1991,0.1,0.1,,0.2,0.1
elderly_headed_hh,percentiles_91_95,1992,0.3,0.4,,0.4,
elderly_headed_hh,percentiles_91_95,1993,0.1,0.1,0.1,,0.3
elderly_headed_hh,percentiles_91_95,1994,0.7,1.0,,0.5,
elderly_headed_hh,percentiles_91_95,1995,0.6,0.9,0.1,0.4,0.1
elderly_headed_hh,percentiles_91_95,1996,0.8,1.0,0.1,0.6,0.1
elderly_headed_hh,percentiles_91_95,1997,0.9,1.3,0.1,0.2,0.1
elderly_headed_hh,percentiles_91_95,1998,1.1,1.3,0.1,1.2,0.3
elderly_headed_hh,percentiles_91_95,1999,1.0,1.2,0.2,0.7,0.7
elderly_headed_hh,percentiles_91_95,2000,1.1,1.4,0.2,0.5,0.2
elderly_headed_hh,percentiles_91_95,2001,0.7,0.9,,0.3,0.3
elderly_headed_hh,percentiles_91_95,2002,0.5,0.6,,0.2,0.1
elderly_headed_hh,percentiles_91_95,2003,0.5,0.6,0.1,0.4,0.1
elderly_headed_hh,percentiles_91_95,2004,0.5,0.7,0.1,0.2,0.1
elderly_headed_hh,percentiles_91_95,2005,0.6,0.7,0.1,0.6,0.1
elderly_headed_hh,percentiles_91_95,2006,0.9,1.2,0.1,0.5,0.6
elderly_headed_hh,percentiles_91_95,2007,1.2,1.4,0.3,1.0,0.9
elderly_headed_hh,percentiles_91_95,2008,0.9,1.2,0.1,0.5,0.6
elderly_headed_hh,percentiles_91_95,2009,0.8,1.0,,0.3,0.4
elderly_headed_hh,percentiles_91_95,2010,0.6,0.8,0.1,0.4,0.4
elderly_headed_hh,percentiles_91_95,2011,0.4,0.5,0.1,0.4,0.2
elderly_headed_hh,percentiles_91_95,2012,0.7,0.9,0.1,0.9,0.4
elderly_headed_hh,percentiles_91_95,2013,0.8,1.1,0.1,0.9,0.4
elderly_headed_hh,percentiles_91_95,2014,0.9,1.1,0.2,0.9,0.5
elderly_headed_hh,percentiles_91_95,2015,0.6,0.9,0.2,0.3,0.4
elderly_headed_hh,percentiles_96_99,1979,0.4,0.7,,0.1,0.2
elderly_headed_hh,percentiles_96_99,1980,0.2,0.3,,0.3,
elderly_headed_hh,percentiles_96_99,1981,0.4,0.4,,0.7,0.1
elderly_headed_hh,percentiles_96_99,1982,0.1,0.2,,0.1,
elderly_headed_hh,percentiles_96_99,1983,0.4,0.1,0.1,1.3,0.2
elderly_headed_hh,percentiles_96_99,1984,0.2,0.2,0.3,0.1,0.1
elderly_headed_hh,percentiles_96_99,1985,0.3,0.3,0.1,0.3,0.4
elderly_headed_hh,percentiles_96_99,1986,0.2,0.3,0.2,0.1,0.2
elderly_headed_hh,percentiles_96_99,1987,0.3,0.2,0.1,0.8,0.1
elderly_headed_hh,percentiles_96_99,1988,0.2,0.2,,0.4,0.1
elderly_headed_hh,percentiles_96_99,1989,0.1,0.1,,0.2,0.1
elderly_headed_hh,percentiles_96_99,1990,0.6,0.1,,0.2,2.3
elderly_headed_hh,percentiles_96_99,1991,0.3,0.2,,0.4,0.6
elderly_headed_hh,percentiles_96_99,1992,0.2,0.3,0.1,0.2,0.2
elderly_headed_hh,percentiles_96_99,1993,0.1,0.1,,,
elderly_headed_hh,percentiles_96_99,1994,0.6,0.9,,0.2,0.1
elderly_headed_hh,percentiles_96_99,1995,0.4,0.6,0.4,0.1,
elderly_headed_hh,percentiles_96_99,1996,0.5,0.7,0.2,0.4,0.3
elderly_headed_hh,percentiles_96_99,1997,0.8,1.0,0.2,0.6,0.2
elderly_headed_hh,percentiles_96_99,1998,0.5,0.6,,0.3,0.7
elderly_headed_hh,percentiles_96_99,1999,0.6,0.7,0.4,0.3,0.7
elderly_headed_hh,percentiles_96_99,2000,1.0,1.2,0.2,0.7,0.2
elderly_headed_hh,percentiles_96_99,2001,0.5,0.6,,0.3,0.1
elderly_headed_hh,percentiles_96_99,2002,0.7,0.8,0.2,0.8,0.1
elderly_headed_hh,percentiles_96_99,2003,0.7,0.9,0.2,0.5,
elderly_headed_hh,percentiles_96_99,2004,0.7,0.8,0.3,0.4,0.1
elderly_headed_hh,percentiles_96_99,2005,0.8,1.0,0.1,0.9,0.1
elderly_headed_hh,percentiles_96_99,2006,0.9,1.1,0.1,0.8,0.6
elderly_headed_hh,percentiles_96_99,2007,1.3,1.5,0.1,0.9,1.1
elderly_headed_hh,percentiles_96_99,2008,0.8,1.1,0.1,0.2,0.4
elderly_headed_hh,percentiles_96_99,2009,0.7,0.8,,0.5,0.4
elderly_headed_hh,percentiles_96_99,2010,0.6,0.8,0.1,0.3,0.3
elderly_headed_hh,percentiles_96_99,2011,0.6,0.9,0.1,0.2,0.3
elderly_headed_hh,percentiles_96_99,2012,0.4,0.4,0.1,0.3,0.5
elderly_headed_hh,percentiles_96_99,2013,0.6,0.7,0.2,0.8,0.3
elderly_headed_hh,percentiles_96_99,2014,0.5,0.5,0.1,0.3,0.5
elderly_headed_hh,percentiles_96_99,2015,0.8,1.0,0.2,0.4,0.6
elderly_headed_hh,top_1_percent,1979,0.2,0.2,,0.2,
elderly_headed_hh,top_1_percent,1980,,,,0.1,
elderly_headed_hh,top_1_percent,1981,0.1,0.1,,0.1,0.1
elderly_headed_hh,top_1_percent,1982,0.1,0.2,,,
elderly_headed_hh,top_1_percent,1983,,,,,0.1
elderly_headed_hh,top_1_percent,1984,0.1,,,,0.1
elderly_headed_hh,top_1_percent,1985,,,,0.1,0.1
elderly_headed_hh,top_1_percent,1986,0.1,0.1,,0.1,
elderly_headed_hh,top_1_percent,1987,,,,0.1,
elderly_headed_hh,top_1_percent,1988,0.2,,,0.1,0.5
elderly_headed_hh,top_1_percent,1989,0.1,0.1,,0.2,
elderly_headed_hh,top_1_percent,1990,0.1,,,0.1,0.4
elderly_headed_hh,top_1_percent,1991,,,,0.1,
elderly_headed_hh,top_1_percent,1992,0.2,0.2,,0.4,0.1
elderly_headed_hh,top_1_percent,1993,,,,,
elderly_headed_hh,top_1_percent,1994,0.2,0.3,,0.1,
elderly_headed_hh,top_1_percent,1995,0.2,,0.1,0.8,
elderly_headed_hh,top_1_percent,1996,0.4,0.5,0.2,0.1,
elderly_headed_hh,top_1_percent,1997,0.2,0.3,,0.1,
elderly_headed_hh,top_1_percent,1998,0.4,0.4,0.1,0.2,1.2
elderly_headed_hh,top_1_percent,1999,0.1,0.1,,0.1,
elderly_headed_hh,top_1_percent,2000,0.4,0.5,0.1,0.3,
elderly_headed_hh,top_1_percent,2001,0.2,0.2,,0.2,0.1
elderly_headed_hh,top_1_percent,2002,0.2,0.2,0.2,,
elderly_headed_hh,top_1_percent,2003,0.2,0.3,,,
elderly_headed_hh,top_1_percent,2004,0.2,0.3,,0.2,0.1
elderly_headed_hh,top_1_percent,2005,0.2,0.2,0.1,0.1,
elderly_headed_hh,top_1_percent,2006,0.4,0.5,0.1,0.4,0.3
elderly_headed_hh,top_1_percent,2007,0.1,0.2,,0.1,0.1
elderly_headed_hh,top_1_percent,2008,0.3,0.4,,0.3,0.1
elderly_headed_hh,top_1_percent,2009,0.2,0.2,,0.3,0.1
elderly_headed_hh,top_1_percent,2010,0.4,0.4,0.1,0.4,0.2
elderly_headed_hh,top_1_percent,2011,0.3,0.4,0.1,0.3,0.1
elderly_headed_hh,top_1_percent,2012,0.1,0.2,,0.2,0.2
elderly_headed_hh,top_1_percent,2013,0.1,0.1,0.1,0.1,0.1
elderly_headed_hh,top_1_percent,2014,0.3,0.4,0.1,0.2,0.2
elderly_headed_hh,top_1_percent,2015,0.3,0.4,,0.1,0.2
nonelderly_childless_hh,all_quintiles,1979,100.0,100.0,100.0,100.0,100.0
nonelderly_childless_hh,all_quintiles,1980,100.0,100.0,100.0,100.0,100.0
nonelderly_childless_hh,all_quintiles,1981,100.0,100.0,100.0,100.0,100.0
nonelderly_childless_hh,all_quintiles,1982,100.0,100.0,100.0,100.0,100.0
nonelderly_childless_hh,all_quintiles,1983,100.0,100.0,100.0,100.0,100.0
nonelderly_childless_hh,all_quintiles,1984,100.0,100.0,100.0,100.0,100.0
nonelderly_childless_hh,all_quintiles,1985,100.0,100.0,100.0,100.0,100.0
nonelderly_childless_hh,all_quintiles,1986,100.0,100.0,100.0,100.0,100.0
nonelderly_childless_hh,all_quintiles,1987,100.0,100.0,100.0,100.0,100.0
nonelderly_childless_hh,all_quintiles,1988,100.0,100.0,100.0,100.0,100.0
nonelderly_childless_hh,all_quintiles,1989,100.0,100.0,100.0,100.0,100.0
nonelderly_childless_hh,all_quintiles,1990,100.0,100.0,100.0,100.0,100.0
nonelderly_childless_hh,all_quintiles,1991,100.0,100.0,100.0,100.0,100.0
nonelderly_childless_hh,all_quintiles,1992,100.0,100.0,100.0,100.0,100.0
nonelderly_childless_hh,all_quintiles,1993,100.0,100.0,100.0,100.0,100.0
nonelderly_childless_hh,all_quintiles,1994,100.0,100.0,100.0,100.0,100.0
nonelderly_childless_hh,all_quintiles,1995,100.0,100.0,100.0,100.0,100.0
nonelderly_childless_hh,all_quintiles,1996,100.0,100.0,100.0,100.0,100.0
nonelderly_childless_hh,all_quintiles,1997,100.0,100.0,100.0,100.0,100.0
nonelderly_childless_hh,all_quintiles,1998,100.0,100.0,100.0,100.0,100.0
nonelderly_childless_hh,all_quintiles,1999,100.0,100.0,100.0,100.0,100.0
nonelderly_childless_hh,all_quintiles,2000,100.0,100.0,100.0,100.0,100.0
nonelderly_childless_hh,all_quintiles,2001,100.0,100.0,100.0,100.0,100.0
nonelderly_childless_hh,all_quintiles,2002,100.0,100.0,100.0,100.0,100.0
nonelderly_childless_hh,all_quintiles,2003,100.0,100.0,100.0,100.0,100.0
nonelderly_childless_hh,all_quintiles,2004,100.0,100.0,100.0,100.0,100.0
nonelderly_childless_hh,all_quintiles,2005,100.0,100.0,100.0,100.0,100.0
nonelderly_childless_hh,all_quintiles,2006,100.0,100.0,100.0,100.0,100.0
nonelderly_childless_hh,all_quintiles,2007,100.0,100.0,100.0,100.0,100.0
nonelderly_childless_hh,all_quintiles,2008,100.0,100.0,100.0,100.0,100.0
nonelderly_childless_hh,all_quintiles,2009,100.0,100.0,100.0,100.0,100.0
nonelderly_childless_hh,all_quintiles,2010,100.0,100.0,100.0,100.0,100.0
nonelderly_childless_hh,all_quintiles,2011,100.0,100.0,100.0,100.0,100.0
nonelderly_childless_hh,all_quintiles,2012,100.0,100.0,100.0,100.0,100.0
nonelderly_childless_hh,all_quintiles,2013,100.0,100.0,100.0,100.0,100.0
nonelderly_childless_hh,all_quintiles,2014,100.0,100.0,100.0,100.0,100.0
nonelderly_childless_hh,all_quintiles,2015,100.0,100.0,100.0,100.0,100.0
nonelderly_childless_hh,lowest_quintile,1979,69.1,66.0,69.2,71.5,69.4
nonelderly_childless_hh,lowest_quintile,1980,70.4,68.8,69.8,72.5,69.2
nonelderly_childless_hh,lowest_quintile,1981,69.9,66.7,70.7,72.5,69.8
nonelderly_childless_hh,lowest_quintile,1982,71.8,67.9,79.2,71.5,74.6
nonelderly_childless_hh,lowest_quintile,1983,72.5,70.8,74.8,71.9,74.8
nonelderly_childless_hh,lowest_quintile,1984,70.8,70.6,74.8,67.8,74.2
nonelderly_childless_hh,lowest_quintile,1985,72.7,70.3,79.7,70.2,77.6
nonelderly_childless_hh,lowest_quintile,1986,72.0,69.3,81.1,71.2,74.5
nonelderly_childless_hh,lowest_quintile,1987,63.7,62.8,72.2,62.6,63.9
nonelderly_childless_hh,lowest_quintile,1988,69.2,64.6,77.5,70.4,73.3
nonelderly_childless_hh,lowest_quintile,1989,63.9,62.0,72.8,63.0,66.7
nonelderly_childless_hh,lowest_quintile,1990,61.5,58.6,68.7,61.1,66.1
nonelderly_childless_hh,lowest_quintile,1991,63.6,61.7,68.2,64.0,66.4
nonelderly_childless_hh,lowest_quintile,1992,61.8,59.3,64.8,62.7,66.5
nonelderly_childless_hh,lowest_quintile,1993,61.1,58.7,65.3,63.3,62.1
nonelderly_childless_hh,lowest_quintile,1994,61.1,58.2,65.5,66.0,59.7
nonelderly_childless_hh,lowest_quintile,1995,64.2,61.6,71.9,66.7,66.1
nonelderly_childless_hh,lowest_quintile,1996,66.7,63.9,75.1,69.3,69.4
nonelderly_childless_hh,lowest_quintile,1997,68.5,64.6,77.6,72.4,76.4
nonelderly_childless_hh,lowest_quintile,1998,65.5,61.7,78.5,69.8,75.2
nonelderly_childless_hh,lowest_quintile,1999,62.6,59.5,73.4,65.7,75.5
nonelderly_childless_hh,lowest_quintile,2000,65.6,62.0,80.5,71.3,73.5
nonelderly_childless_hh,lowest_quintile,2001,64.0,61.6,77.0,67.5,70.4
nonelderly_childless_hh,lowest_quintile,2002,63.6,60.8,73.9,68.5,72.9
nonelderly_childless_hh,lowest_quintile,2003,62.7,59.9,74.0,67.5,72.3
nonelderly_childless_hh,lowest_quintile,2004,62.2,60.2,72.9,64.6,72.5
nonelderly_childless_hh,lowest_quintile,2005,61.2,58.4,74.0,64.9,74.0
nonelderly_childless_hh,lowest_quintile,2006,61.2,58.5,71.8,64.7,69.0
nonelderly_childless_hh,lowest_quintile,2007,61.3,58.5,72.8,64.5,70.7
nonelderly_childless_hh,lowest_quintile,2008,60.9,58.2,69.1,64.6,70.1
nonelderly_childless_hh,lowest_quintile,2009,59.5,56.3,65.3,64.8,69.8
nonelderly_childless_hh,lowest_quintile,2010,61.4,58.9,63.0,67.0,68.5
nonelderly_childless_hh,lowest_quintile,2011,59.8,57.1,62.8,63.8,69.3
nonelderly_childless_hh,lowest_quintile,2012,59.3,56.0,64.2,65.4,67.9
nonelderly_childless_hh,lowest_quintile,2013,61.7,59.4,64.2,66.8,66.9
nonelderly_childless_hh,lowest_quintile,2014,56.8,53.8,61.5,64.9,64.3
nonelderly_childless_hh,lowest_quintile,2015,53.5,50.4,61.8,63.5,58.1
nonelderly_childless_hh,second_quintile,1979,14.8,15.1,19.6,12.2,16.7
nonelderly_childless_hh,second_quintile,1980,14.9,15.0,19.7,11.9,17.8
nonelderly_childless_hh,second_quintile,1981,14.8,15.5,19.0,10.6,19.3
nonelderly_childless_hh,second_quintile,1982,14.3,14.7,14.3,13.3,15.6
nonelderly_childless_hh,second_quintile,1983,12.7,12.9,15.1,11.3,13.1
nonelderly_childless_hh,second_quintile,1984,12.4,13.2,12.6,11.5,12.7
nonelderly_childless_hh,second_quintile,1985,12.1,13.7,11.9,10.5,12.4
nonelderly_childless_hh,second_quintile,1986,12.6,13.2,11.7,11.9,13.3
nonelderly_childless_hh,second_quintile,1987,16.3,16.9,15.2,14.8,18.9
nonelderly_childless_hh,second_quintile,1988,14.2,15.9,12.2,12.5,14.4
nonelderly_childless_hh,second_quintile,1989,15.8,16.5,14.8,16.0,13.9
nonelderly_childless_hh,second_quintile,1990,15.5,16.9,17.7,13.6,13.8
nonelderly_childless_hh,second_quintile,1991,15.6,15.2,19.5,14.6,16.6
nonelderly_childless_hh,second_quintile,1992,17.1,17.7,20.5,15.6,16.0
nonelderly_childless_hh,second_quintile,1993,17.9,19.1,19.3,15.8,17.1
nonelderly_childless_hh,second_quintile,1994,16.3,16.7,19.6,14.1,17.0
nonelderly_childless_hh,second_quintile,1995,16.5,17.3,16.4,15.7,14.0
nonelderly_childless_hh,second_quintile,1996,15.2,16.2,15.5,12.9,15.7
nonelderly_childless_hh,second_quintile,1997,12.9,14.0,11.9,11.0,11.1
nonelderly_childless_hh,second_quintile,1998,15.7,17.2,13.1,13.0,13.3
nonelderly_childless_hh,second_quintile,1999,17.2,18.5,15.6,15.0,13.5
nonelderly_childless_hh,second_quintile,2000,15.6,16.9,12.0,12.6,14.6
nonelderly_childless_hh,second_quintile,2001,16.5,17.7,14.5,13.5,14.8
nonelderly_childless_hh,second_quintile,2002,15.6,16.7,15.9,12.7,12.0
nonelderly_childless_hh,second_quintile,2003,17.2,18.7,16.0,12.7,14.3
nonelderly_childless_hh,second_quintile,2004,17.3,17.9,17.5,15.9,13.5
nonelderly_childless_hh,second_quintile,2005,18.1,19.1,16.5,15.6,13.1
nonelderly_childless_hh,second_quintile,2006,17.4,18.5,16.1,14.6,14.5
nonelderly_childless_hh,second_quintile,2007,17.3,18.1,16.5,15.9,14.0
nonelderly_childless_hh,second_quintile,2008,17.5,18.5,18.2,15.2,13.5
nonelderly_childless_hh,second_quintile,2009,18.8,19.6,20.8,15.9,15.4
nonelderly_childless_hh,second_quintile,2010,19.6,20.2,22.4,16.7,17.5
nonelderly_childless_hh,second_quintile,2011,19.8,20.3,24.3,16.9,14.9
nonelderly_childless_hh,second_quintile,2012,20.5,21.7,23.9,15.0,16.3
nonelderly_childless_hh,second_quintile,2013,19.7,20.2,22.9,16.9,16.3
nonelderly_childless_hh,second_quintile,2014,21.4,22.1,23.8,17.6,18.6
nonelderly_childless_hh,second_quintile,2015,21.4,22.5,22.4,15.2,20.2
nonelderly_childless_hh,middle_quintile,1979,7.4,8.6,4.7,7.7,6.4
nonelderly_childless_hh,middle_quintile,1980,6.2,6.9,5.7,4.9,7.9
nonelderly_childless_hh,middle_quintile,1981,5.6,7.0,4.7,4.9,5.2
nonelderly_childless_hh,middle_quintile,1982,6.1,7.0,3.0,6.8,5.5
nonelderly_childless_hh,middle_quintile,1983,6.3,6.4,4.1,6.6,7.1
nonelderly_childless_hh,middle_quintile,1984,6.8,7.0,5.0,8.1,5.0
nonelderly_childless_hh,middle_quintile,1985,5.9,5.9,3.4,7.2,5.0
nonelderly_childless_hh,middle_quintile,1986,7.3,8.5,3.4,7.5,6.6
nonelderly_childless_hh,middle_quintile,1987,8.5,9.0,4.0,8.7,9.1
nonelderly_childless_hh,middle_quintile,1988,7.4,7.9,4.2,8.5,5.4
nonelderly_childless_hh,middle_quintile,1989,7.4,7.9,4.1,7.4,8.0
nonelderly_childless_hh,middle_quintile,1990,8.4,9.3,4.6,9.2,6.8
nonelderly_childless_hh,middle_quintile,1991,8.6,9.9,4.4,8.5,7.2
nonelderly_childless_hh,middle_quintile,1992,8.2,8.7,6.2,8.1,8.3
nonelderly_childless_hh,middle_quintile,1993,8.5,8.9,6.3,8.5,8.8
nonelderly_childless_hh,middle_quintile,1994,8.3,9.2,6.8,6.7,9.3
nonelderly_childless_hh,middle_quintile,1995,8.5,9.1,6.7,6.9,11.1
nonelderly_childless_hh,middle_quintile,1996,8.4,8.9,5.9,8.0,8.2
nonelderly_childless_hh,middle_quintile,1997,7.6,8.6,4.5,6.2,7.1
nonelderly_childless_hh,middle_quintile,1998,7.8,8.6,4.0,7.0,5.7
nonelderly_childless_hh,middle_quintile,1999,9.0,9.9,5.3,8.3,4.5
nonelderly_childless_hh,middle_quintile,2000,8.4,9.5,3.7,7.1,5.2
nonelderly_childless_hh,middle_quintile,2001,8.1,8.7,4.5,7.1,7.7
nonelderly_childless_hh,middle_quintile,2002,9.7,10.5,5.0,8.4,8.4
nonelderly_childless_hh,middle_quintile,2003,8.9,9.6,4.4,7.9,7.0
nonelderly_childless_hh,middle_quintile,2004,9.2,10.0,4.5,8.1,7.3
nonelderly_childless_hh,middle_quintile,2005,8.9,9.7,4.9,7.9,5.6
nonelderly_childless_hh,middle_quintile,2006,9.2,10.0,6.0,7.9,7.4
nonelderly_childless_hh,middle_quintile,2007,9.9,11.1,6.0,7.9,7.0
nonelderly_childless_hh,middle_quintile,2008,9.6,10.5,6.8,8.4,7.2
nonelderly_childless_hh,middle_quintile,2009,9.9,10.8,8.0,8.7,7.2
nonelderly_childless_hh,middle_quintile,2010,8.9,9.8,7.8,6.8,7.0
nonelderly_childless_hh,middle_quintile,2011,10.2,11.2,7.6,9.5,7.3
nonelderly_childless_hh,middle_quintile,2012,9.8,10.6,7.1,9.1,8.4
nonelderly_childless_hh,middle_quintile,2013,9.7,10.5,7.9,8.2,9.2
nonelderly_childless_hh,middle_quintile,2014,10.4,11.4,7.7,8.2,8.5
nonelderly_childless_hh,middle_quintile,2015,11.8,12.8,8.1,8.8,11.4
nonelderly_childless_hh,fourth_quintile,1979,4.6,5.8,3.1,3.9,4.7
nonelderly_childless_hh,fourth_quintile,1980,4.5,4.7,2.9,5.6,3.2
nonelderly_childless_hh,fourth_quintile,1981,4.6,5.1,2.1,5.6,3.7
nonelderly_childless_hh,fourth_quintile,1982,3.2,4.0,0.9,3.8,1.9
nonelderly_childless_hh,fourth_quintile,1983,4.8,5.4,1.9,6.1,3.1
nonelderly_childless_hh,fourth_quintile,1984,5.1,4.8,2.5,6.7,3.9
nonelderly_childless_hh,fourth_quintile,1985,4.5,4.9,1.3,6.4,2.2
nonelderly_childless_hh,fourth_quintile,1986,4.3,4.3,1.2,5.6,2.9
nonelderly_childless_hh,fourth_quintile,1987,5.5,5.9,2.7,6.9,2.9
nonelderly_childless_hh,fourth_quintile,1988,3.7,4.8,1.4,3.1,3.1
nonelderly_childless_hh,fourth_quintile,1989,5.3,6.0,0.9,6.3,3.2
nonelderly_childless_hh,fourth_quintile,1990,4.8,5.4,1.7,4.9,4.7
nonelderly_childless_hh,fourth_quintile,1991,5.0,5.8,2.4,4.9,4.4
nonelderly_childless_hh,fourth_quintile,1992,5.6,6.5,3.2,5.6,4.4
nonelderly_childless_hh,fourth_quintile,1993,5.5,6.2,3.0,5.5,4.8
nonelderly_childless_hh,fourth_quintile,1994,6.2,7.0,2.9,5.6,6.0
nonelderly_childless_hh,fourth_quintile,1995,5.0,5.7,1.9,4.8,4.3
nonelderly_childless_hh,fourth_quintile,1996,5.1,5.7,1.8,5.1,4.3
nonelderly_childless_hh,fourth_quintile,1997,5.6,6.6,2.2,5.4,2.3
nonelderly_childless_hh,fourth_quintile,1998,5.1,5.8,1.8,4.8,2.8
nonelderly_childless_hh,fourth_quintile,1999,5.2,5.7,1.8,5.3,2.2
nonelderly_childless_hh,fourth_quintile,2000,5.3,6.2,1.6,3.8,3.1
nonelderly_childless_hh,fourth_quintile,2001,5.3,5.9,1.0,5.0,2.5
nonelderly_childless_hh,fourth_quintile,2002,5.3,6.0,1.2,4.5,2.8
nonelderly_childless_hh,fourth_quintile,2003,4.9,5.5,1.7,4.4,1.9
nonelderly_childless_hh,fourth_quintile,2004,5.8,6.3,1.3,5.8,3.4
nonelderly_childless_hh,fourth_quintile,2005,5.3,6.0,1.4,4.7,2.6
nonelderly_childless_hh,fourth_quintile,2006,6.0,6.5,2.1,5.9,4.3
nonelderly_childless_hh,fourth_quintile,2007,5.5,6.2,1.6,5.0,3.4
nonelderly_childless_hh,fourth_quintile,2008,5.8,6.4,1.9,5.5,4.9
nonelderly_childless_hh,fourth_quintile,2009,5.4,6.4,2.0,4.3,2.6
nonelderly_childless_hh,fourth_quintile,2010,4.9,5.6,3.4,3.7,3.0
nonelderly_childless_hh,fourth_quintile,2011,5.2,5.8,2.7,4.8,4.1
nonelderly_childless_hh,fourth_quintile,2012,5.4,6.2,2.1,5.1,3.8
nonelderly_childless_hh,fourth_quintile,2013,4.7,5.3,2.2,4.5,3.7
nonelderly_childless_hh,fourth_quintile,2014,6.1,6.9,3.6,4.7,4.2
nonelderly_childless_hh,fourth_quintile,2015,7.3,8.1,3.8,6.3,5.0
nonelderly_childless_hh,highest_quintile,1979,3.5,3.8,2.0,4.1,2.6
nonelderly_childless_hh,highest_quintile,1980,3.0,3.6,1.0,3.9,1.6
nonelderly_childless_hh,highest_quintile,1981,3.3,4.1,0.5,4.6,1.1
nonelderly_childless_hh,highest_quintile,1982,2.8,4.5,0.5,2.9,1.1
nonelderly_childless_hh,highest_quintile,1983,2.5,3.3,1.0,2.8,1.2
nonelderly_childless_hh,highest_quintile,1984,2.9,2.6,1.1,4.1,2.1
nonelderly_childless_hh,highest_quintile,1985,3.5,3.8,0.8,4.6,2.4
nonelderly_childless_hh,highest_quintile,1986,2.7,3.4,0.5,2.9,1.9
nonelderly_childless_hh,highest_quintile,1987,3.1,2.6,2.1,4.0,2.7
nonelderly_childless_hh,highest_quintile,1988,2.3,3.4,0.9,1.9,1.4
nonelderly_childless_hh,highest_quintile,1989,3.9,4.4,1.9,3.9,3.6
nonelderly_childless_hh,highest_quintile,1990,5.1,5.2,2.1,6.1,4.2
nonelderly_childless_hh,highest_quintile,1991,3.5,4.0,1.5,3.8,2.4
nonelderly_childless_hh,highest_quintile,1992,3.4,4.2,1.2,3.8,1.6
nonelderly_childless_hh,highest_quintile,1993,3.8,4.0,2.2,4.2,3.4
nonelderly_childless_hh,highest_quintile,1994,4.9,6.1,1.1,4.3,3.6
nonelderly_childless_hh,highest_quintile,1995,3.7,4.2,1.3,3.7,2.6
nonelderly_childless_hh,highest_quintile,1996,3.3,4.0,0.6,3.5,1.5
nonelderly_childless_hh,highest_quintile,1997,3.3,4.1,0.9,2.9,1.2
nonelderly_childless_hh,highest_quintile,1998,4.0,4.9,0.5,3.4,0.9
nonelderly_childless_hh,highest_quintile,1999,3.5,4.0,1.7,3.1,0.9
nonelderly_childless_hh,highest_quintile,2000,3.3,3.7,0.5,3.1,1.4
nonelderly_childless_hh,highest_quintile,2001,3.5,3.8,0.3,3.5,1.6
nonelderly_childless_hh,highest_quintile,2002,3.0,3.4,1.3,2.6,1.4
nonelderly_childless_hh,highest_quintile,2003,3.3,3.7,0.7,3.2,1.2
nonelderly_childless_hh,highest_quintile,2004,3.6,3.8,1.9,3.6,1.7
nonelderly_childless_hh,highest_quintile,2005,3.8,4.2,0.6,3.9,1.5
nonelderly_childless_hh,highest_quintile,2006,3.9,4.3,1.0,4.3,2.1
nonelderly_childless_hh,highest_quintile,2007,3.6,4.0,0.6,3.8,1.8
nonelderly_childless_hh,highest_quintile,2008,3.5,4.0,1.1,3.2,1.6
nonelderly_childless_hh,highest_quintile,2009,3.4,4.1,1.2,2.8,2.0
nonelderly_childless_hh,highest_quintile,2010,3.0,3.5,1.3,2.6,1.6
nonelderly_childless_hh,highest_quintile,2011,3.0,3.7,0.7,2.6,1.9
nonelderly_childless_hh,highest_quintile,2012,3.3,3.9,0.8,3.4,1.7
nonelderly_childless_hh,highest_quintile,2013,2.5,3.0,0.7,1.8,1.8
nonelderly_childless_hh,highest_quintile,2014,3.6,4.2,1.3,2.6,2.3
nonelderly_childless_hh,highest_quintile,2015,4.1,4.6,1.9,3.6,2.7
nonelderly_childless_hh,percentiles_81_90,1979,1.5,1.6,0.9,1.7,1.4
nonelderly_childless_hh,percentiles_81_90,1980,1.7,2.2,0.8,1.9,0.8
nonelderly_childless_hh,percentiles_81_90,1981,2.0,2.2,0.3,3.0,0.8
nonelderly_childless_hh,percentiles_81_90,1982,1.8,2.7,0.4,1.9,0.7
nonelderly_childless_hh,percentiles_81_90,1983,1.2,1.4,0.5,1.5,0.6
nonelderly_childless_hh,percentiles_81_90,1984,1.6,1.6,0.7,2.2,1.3
nonelderly_childless_hh,percentiles_81_90,1985,2.2,2.3,0.6,3.0,1.5
nonelderly_childless_hh,percentiles_81_90,1986,1.6,1.9,0.4,1.8,1.2
nonelderly_childless_hh,percentiles_81_90,1987,1.2,1.1,1.0,1.6,0.9
nonelderly_childless_hh,percentiles_81_90,1988,1.1,1.7,0.2,1.0,0.3
nonelderly_childless_hh,percentiles_81_90,1989,1.8,2.3,0.9,2.0,0.8
nonelderly_childless_hh,percentiles_81_90,1990,2.9,3.1,0.9,3.5,2.4
nonelderly_childless_hh,percentiles_81_90,1991,2.1,2.3,0.7,2.2,1.6
nonelderly_childless_hh,percentiles_81_90,1992,2.0,2.7,0.6,1.7,1.0
nonelderly_childless_hh,percentiles_81_90,1993,2.0,2.2,1.1,2.2,1.7
nonelderly_childless_hh,percentiles_81_90,1994,2.5,3.0,0.5,2.5,1.9
nonelderly_childless_hh,percentiles_81_90,1995,1.9,2.1,0.3,2.4,1.0
nonelderly_childless_hh,percentiles_81_90,1996,2.2,2.5,0.3,2.5,1.0
nonelderly_childless_hh,percentiles_81_90,1997,1.7,2.1,0.4,1.5,0.3
nonelderly_childless_hh,percentiles_81_90,1998,2.6,3.2,0.4,2.3,0.4
nonelderly_childless_hh,percentiles_81_90,1999,1.9,2.3,0.9,1.5,0.6
nonelderly_childless_hh,percentiles_81_90,2000,1.9,2.2,0.2,1.7,0.7
nonelderly_childless_hh,percentiles_81_90,2001,1.7,2.0,0.1,1.6,0.9
nonelderly_childless_hh,percentiles_81_90,2002,1.8,2.0,0.9,1.6,0.9
nonelderly_childless_hh,percentiles_81_90,2003,1.9,2.1,0.4,1.9,0.8
nonelderly_childless_hh,percentiles_81_90,2004,2.4,2.5,1.1,2.4,1.0
nonelderly_childless_hh,percentiles_81_90,2005,2.0,2.3,0.2,2.0,0.7
nonelderly_childless_hh,percentiles_81_90,2006,2.4,2.6,0.4,2.8,1.4
nonelderly_childless_hh,percentiles_81_90,2007,2.0,2.2,0.3,2.2,1.0
nonelderly_childless_hh,percentiles_81_90,2008,1.8,2.1,0.6,1.5,0.9
nonelderly_childless_hh,percentiles_81_90,2009,1.9,2.2,0.6,1.5,0.8
nonelderly_childless_hh,percentiles_81_90,2010,1.7,2.1,0.7,1.1,0.7
nonelderly_childless_hh,percentiles_81_90,2011,1.9,2.3,0.4,1.8,1.2
nonelderly_childless_hh,percentiles_81_90,2012,1.9,2.2,0.5,2.1,0.8
nonelderly_childless_hh,percentiles_81_90,2013,1.4,1.7,0.4,1.1,0.9
nonelderly_childless_hh,percentiles_81_90,2014,2.1,2.5,0.7,1.4,1.5
nonelderly_childless_hh,percentiles_81_90,2015,2.3,2.6,1.1,2.2,1.5
nonelderly_childless_hh,percentiles_91_95,1979,0.8,1.2,0.9,0.7,0.4
nonelderly_childless_hh,percentiles_91_95,1980,0.5,0.8,0.2,0.6,0.3
nonelderly_childless_hh,percentiles_91_95,1981,0.8,1.1,,1.1,0.1
nonelderly_childless_hh,percentiles_91_95,1982,0.4,0.8,,0.4,0.1
nonelderly_childless_hh,percentiles_91_95,1983,0.9,1.4,0.2,0.9,0.3
nonelderly_childless_hh,percentiles_91_95,1984,0.4,0.3,0.1,0.8,0.3
nonelderly_childless_hh,percentiles_91_95,1985,0.6,0.6,0.1,0.7,0.5
nonelderly_childless_hh,percentiles_91_95,1986,0.6,0.8,,0.7,0.3
nonelderly_childless_hh,percentiles_91_95,1987,0.6,0.4,0.3,0.9,0.5
nonelderly_childless_hh,percentiles_91_95,1988,0.4,0.7,0.2,0.2,0.4
nonelderly_childless_hh,percentiles_91_95,1989,1.0,1.2,0.3,0.8,1.7
nonelderly_childless_hh,percentiles_91_95,1990,1.0,1.1,0.5,1.2,0.9
nonelderly_childless_hh,percentiles_91_95,1991,0.5,0.6,0.2,0.7,0.4
nonelderly_childless_hh,percentiles_91_95,1992,1.0,1.1,0.4,1.4,0.4
nonelderly_childless_hh,percentiles_91_95,1993,1.1,1.0,0.8,1.3,1.1
nonelderly_childless_hh,percentiles_91_95,1994,1.2,1.8,0.4,0.9,0.3
nonelderly_childless_hh,percentiles_91_95,1995,1.0,1.2,0.5,0.8,0.9
nonelderly_childless_hh,percentiles_91_95,1996,0.6,0.8,0.1,0.6,0.1
nonelderly_childless_hh,percentiles_91_95,1997,0.8,1.0,0.2,0.7,0.6
nonelderly_childless_hh,percentiles_91_95,1998,0.8,0.9,0.1,0.7,0.2
nonelderly_childless_hh,percentiles_91_95,1999,0.8,0.9,0.5,0.8,0.1
nonelderly_childless_hh,percentiles_91_95,2000,0.7,0.7,0.2,0.8,0.4
nonelderly_childless_hh,percentiles_91_95,2001,0.9,1.0,,1.1,0.4
nonelderly_childless_hh,percentiles_91_95,2002,0.8,0.9,0.3,0.5,0.3
nonelderly_childless_hh,percentiles_91_95,2003,0.9,1.0,0.1,0.8,0.1
nonelderly_childless_hh,percentiles_91_95,2004,0.6,0.7,0.4,0.5,0.3
nonelderly_childless_hh,percentiles_91_95,2005,0.9,1.0,0.2,1.1,0.4
nonelderly_childless_hh,percentiles_91_95,2006,0.8,0.9,0.3,0.9,0.4
nonelderly_childless_hh,percentiles_91_95,2007,0.9,1.0,0.1,0.9,0.5
nonelderly_childless_hh,percentiles_91_95,2008,1.1,1.3,0.3,1.0,0.3
nonelderly_childless_hh,percentiles_91_95,2009,0.8,1.0,0.4,0.7,0.7
nonelderly_childless_hh,percentiles_91_95,2010,0.8,0.9,0.4,0.9,0.7
nonelderly_childless_hh,percentiles_91_95,2011,0.5,0.7,0.1,0.3,0.4
nonelderly_childless_hh,percentiles_91_95,2012,0.8,1.0,0.2,0.7,0.5
nonelderly_childless_hh,percentiles_91_95,2013,0.6,0.7,0.1,0.4,0.6
nonelderly_childless_hh,percentiles_91_95,2014,0.8,0.9,0.4,0.6,0.5
nonelderly_childless_hh,percentiles_91_95,2015,1.0,1.1,0.4,0.9,0.6
nonelderly_childless_hh,percentiles_96_99,1979,0.9,0.9,0.2,1.2,0.7
nonelderly_childless_hh,percentiles_96_99,1980,0.7,0.6,0.1,1.2,0.4
nonelderly_childless_hh,percentiles_96_99,1981,0.4,0.6,0.2,0.5,0.1
nonelderly_childless_hh,percentiles_96_99,1982,0.4,0.8,0.1,0.3,0.2
nonelderly_childless_hh,percentiles_96_99,1983,0.3,0.4,0.2,0.4,0.2
nonelderly_childless_hh,percentiles_96_99,1984,0.6,0.4,0.2,1.0,0.3
nonelderly_childless_hh,percentiles_96_99,1985,0.6,0.8,0.1,0.7,0.4
nonelderly_childless_hh,percentiles_96_99,1986,0.5,0.7,0.1,0.5,0.2
nonelderly_childless_hh,percentiles_96_99,1987,1.0,0.8,0.6,1.2,1.1
nonelderly_childless_hh,percentiles_96_99,1988,0.5,0.6,0.3,0.6,0.4
nonelderly_childless_hh,percentiles_96_99,1989,0.9,0.8,0.4,1.0,1.0
nonelderly_childless_hh,percentiles_96_99,1990,0.9,0.8,0.5,1.1,0.8
nonelderly_childless_hh,percentiles_96_99,1991,0.6,0.8,0.4,0.5,0.3
nonelderly_childless_hh,percentiles_96_99,1992,0.3,0.3,0.2,0.5,0.2
nonelderly_childless_hh,percentiles_96_99,1993,0.4,0.4,0.2,0.4,0.6
nonelderly_childless_hh,percentiles_96_99,1994,0.8,0.9,0.2,0.8,1.1
nonelderly_childless_hh,percentiles_96_99,1995,0.7,0.8,0.4,0.4,0.7
nonelderly_childless_hh,percentiles_96_99,1996,0.4,0.6,,0.3,0.3
nonelderly_childless_hh,percentiles_96_99,1997,0.7,0.8,0.3,0.6,0.3
nonelderly_childless_hh,percentiles_96_99,1998,0.5,0.7,,0.3,0.3
nonelderly_childless_hh,percentiles_96_99,1999,0.6,0.7,0.3,0.6,0.2
nonelderly_childless_hh,percentiles_96_99,2000,0.6,0.7,0.1,0.5,0.2
nonelderly_childless_hh,percentiles_96_99,2001,0.7,0.8,0.1,0.7,0.3
nonelderly_childless_hh,percentiles_96_99,2002,0.3,0.3,0.1,0.3,0.2
nonelderly_childless_hh,percentiles_96_99,2003,0.3,0.4,0.1,0.3,0.1
nonelderly_childless_hh,percentiles_96_99,2004,0.5,0.5,0.3,0.6,0.3
nonelderly_childless_hh,percentiles_96_99,2005,0.7,0.8,0.2,0.7,0.4
nonelderly_childless_hh,percentiles_96_99,2006,0.5,0.6,0.2,0.5,0.3
nonelderly_childless_hh,percentiles_96_99,2007,0.6,0.7,0.1,0.5,0.3
nonelderly_childless_hh,percentiles_96_99,2008,0.5,0.5,0.1,0.6,0.3
nonelderly_childless_hh,percentiles_96_99,2009,0.6,0.7,0.1,0.6,0.3
nonelderly_childless_hh,percentiles_96_99,2010,0.4,0.4,0.1,0.5,0.1
nonelderly_childless_hh,percentiles_96_99,2011,0.4,0.5,0.1,0.3,0.2
nonelderly_childless_hh,percentiles_96_99,2012,0.4,0.5,0.1,0.3,0.3
nonelderly_childless_hh,percentiles_96_99,2013,0.3,0.4,0.2,0.2,0.3
nonelderly_childless_hh,percentiles_96_99,2014,0.5,0.6,0.2,0.5,0.2
nonelderly_childless_hh,percentiles_96_99,2015,0.7,0.8,0.3,0.5,0.5
nonelderly_childless_hh,top_1_percent,1979,0.3,0.1,0.1,0.5,0.1
nonelderly_childless_hh,top_1_percent,1980,0.1,0.1,,0.1,
nonelderly_childless_hh,top_1_percent,1981,0.1,0.3,,0.1,
nonelderly_childless_hh,top_1_percent,1982,0.2,0.2,,0.2,
nonelderly_childless_hh,top_1_percent,1983,0.1,0.1,0.1,,0.1
nonelderly_childless_hh,top_1_percent,1984,0.2,0.3,0.2,0.1,0.2
nonelderly_childless_hh,top_1_percent,1985,0.1,0.1,,0.1,0.1
nonelderly_childless_hh,top_1_percent,1986,0.1,0.1,,,0.2
nonelderly_childless_hh,top_1_percent,1987,0.3,0.3,0.2,0.4,0.2
nonelderly_childless_hh,top_1_percent,1988,0.2,0.4,0.2,0.1,0.2
nonelderly_childless_hh,top_1_percent,1989,0.2,0.2,0.3,0.2,0.2
nonelderly_childless_hh,top_1_percent,1990,0.2,0.2,0.1,0.3,0.1
nonelderly_childless_hh,top_1_percent,1991,0.3,0.3,0.2,0.4,0.1
nonelderly_childless_hh,top_1_percent,1992,0.1,0.1,0.1,0.2,0.1
nonelderly_childless_hh,top_1_percent,1993,0.3,0.3,0.1,0.4,0.1
nonelderly_childless_hh,top_1_percent,1994,0.3,0.3,0.1,0.2,0.2
nonelderly_childless_hh,top_1_percent,1995,0.1,0.1,0.1,0.1,0.1
nonelderly_childless_hh,top_1_percent,1996,0.1,0.1,0.1,0.1,0.1
nonelderly_childless_hh,top_1_percent,1997,0.1,0.1,0.1,0.1,
nonelderly_childless_hh,top_1_percent,1998,0.1,0.2,,0.1,
nonelderly_childless_hh,top_1_percent,1999,0.1,0.1,,0.2,
nonelderly_childless_hh,top_1_percent,2000,0.2,0.2,,0.1,0.1
nonelderly_childless_hh,top_1_percent,2001,0.1,0.1,,0.1,
nonelderly_childless_hh,top_1_percent,2002,0.2,0.2,,0.2,
nonelderly_childless_hh,top_1_percent,2003,0.2,0.2,0.1,0.2,0.2
nonelderly_childless_hh,top_1_percent,2004,0.1,0.1,0.1,0.1,0.1
nonelderly_childless_hh,top_1_percent,2005,0.1,0.2,0.1,0.1,0.1
nonelderly_childless_hh,top_1_percent,2006,0.1,0.1,0.1,0.1,0.1
nonelderly_childless_hh,top_1_percent,2007,0.1,0.1,0.1,0.2,0.1
nonelderly_childless_hh,top_1_percent,2008,0.1,0.1,0.1,0.1,0.1
nonelderly_childless_hh,top_1_percent,2009,0.1,0.2,,0.1,0.1
nonelderly_childless_hh,top_1_percent,2010,0.1,0.2,,0.1,
nonelderly_childless_hh,top_1_percent,2011,0.2,0.2,,0.2,0.1
nonelderly_childless_hh,top_1_percent,2012,0.2,0.2,,0.4,0.1
nonelderly_childless_hh,top_1_percent,2013,0.2,0.2,,,0.1
nonelderly_childless_hh,top_1_percent,2014,0.1,0.1,0.1,0.1,0.1
nonelderly_childless_hh,top_1_percent,2015,0.1,0.1,,0.1,0.1
