household_type,income_group,year,all_means_tested_transfers,medicaid_and_chip,snap,ssi,other_transfers
all_households,all_quintiles,1979,100.0,100.0,100.0,100.0,100.0
all_households,all_quintiles,1980,100.0,100.0,100.0,100.0,100.0
all_households,all_quintiles,1981,100.0,100.0,100.0,100.0,100.0
all_households,all_quintiles,1982,100.0,100.0,100.0,100.0,100.0
all_households,all_quintiles,1983,100.0,100.0,100.0,100.0,100.0
all_households,all_quintiles,1984,100.0,100.0,100.0,100.0,100.0
all_households,all_quintiles,1985,100.0,100.0,100.0,100.0,100.0
all_households,all_quintiles,1986,100.0,100.0,100.0,100.0,100.0
all_households,all_quintiles,1987,100.0,100.0,100.0,100.0,100.0
all_households,all_quintiles,1988,100.0,100.0,100.0,100.0,100.0
all_households,all_quintiles,1989,100.0,100.0,100.0,100.0,100.0
all_households,all_quintiles,1990,100.0,100.0,100.0,100.0,100.0
all_households,all_quintiles,1991,100.0,100.0,100.0,100.0,100.0
all_households,all_quintiles,1992,100.0,100.0,100.0,100.0,100.0
all_households,all_quintiles,1993,100.0,100.0,100.0,100.0,100.0
all_households,all_quintiles,1994,100.0,100.0,100.0,100.0,100.0
all_households,all_quintiles,1995,100.0,100.0,100.0,100.0,100.0
all_households,all_quintiles,1996,100.0,100.0,100.0,100.0,100.0
all_households,all_quintiles,1997,100.0,100.0,100.0,100.0,100.0
all_households,all_quintiles,1998,100.0,100.0,100.0,100.0,100.0
all_households,all_quintiles,1999,100.0,100.0,100.0,100.0,100.0
all_households,all_quintiles,2000,100.0,100.0,100.0,100.0,100.0
all_households,all_quintiles,2001,100.0,100.0,100.0,100.0,100.0
all_households,all_quintiles,2002,100.0,100.0,100.0,100.0,100.0
all_households,all_quintiles,2003,100.0,100.0,100.0,100.0,100.0
all_households,all_quintiles,2004,100.0,100.0,100.0,100.0,100.0
all_households,all_quintiles,2005,100.0,100.0,100.0,100.0,100.0
all_households,all_quintiles,2006,100.0,100.0,100.0,100.0,100.0
all_households,all_quintiles,2007,100.0,100.0,100.0,100.0,100.0
all_households,all_quintiles,2008,100.0,100.0,100.0,100.0,100.0
all_households,all_quintiles,2009,100.0,100.0,100.0,100.0,100.0
all_households,all_quintiles,2010,100.0,100.0,100.0,100.0,100.0
all_households,all_quintiles,2011,100.0,100.0,100.0,100.0,100.0
all_households,all_quintiles,2012,100.0,100.0,100.0,100.0,100.0
all_households,all_quintiles,2013,100.0,100.0,100.0,100.0,100.0
all_households,all_quintiles,2014,100.0,100.0,100.0,100.0,100.0
all_households,all_quintiles,2015,100.0,100.0,100.0,100.0,100.0
all_households,lowest_quintile,1979,73.4,71.0,79.7,69.9,73.8
all_households,lowest_quintile,1980,73.6,71.4,77.7,74.1,73.0
all_households,lowest_quintile,1981,72.5,69.5,76.3,70.5,73.5
all_households,lowest_quintile,1982,75.1,71.2,81.2,72.0,76.7
all_households,lowest_quintile,1983,76.0,73.5,81.8,71.3,77.3
all_households,lowest_quintile,1984,74.2,72.3,78.9,69.0,76.0
all_households,lowest_quintile,1985,75.2,72.7,81.9,68.5,77.5
all_households,lowest_quintile,1986,75.0,71.8,83.5,67.9,77.6
all_households,lowest_quintile,1987,75.6,72.8,85.5,66.8,78.8
all_households,lowest_quintile,1988,75.2,71.1,85.1,69.5,78.2
all_households,lowest_quintile,1989,74.1,70.8,83.8,66.0,78.3
all_households,lowest_quintile,1990,72.6,68.9,81.9,63.3,77.9
all_households,lowest_quintile,1991,70.5,66.8,79.2,62.4,76.0
all_households,lowest_quintile,1992,67.7,63.6,75.0,62.1,74.4
all_households,lowest_quintile,1993,67.3,62.9,75.1,61.8,74.3
all_households,lowest_quintile,1994,66.0,59.9,75.8,63.5,73.9
all_households,lowest_quintile,1995,64.6,58.7,75.5,62.9,72.7
all_households,lowest_quintile,1996,65.0,59.3,75.2,65.6,72.2
all_households,lowest_quintile,1997,64.4,58.8,75.9,65.5,73.5
all_households,lowest_quintile,1998,63.1,57.4,77.2,66.2,72.6
all_households,lowest_quintile,1999,61.1,55.8,78.0,63.2,72.7
all_households,lowest_quintile,2000,59.4,54.6,76.2,64.5,68.5
all_households,lowest_quintile,2001,59.0,54.2,77.9,64.3,68.4
all_households,lowest_quintile,2002,56.9,52.5,73.9,61.8,67.6
all_households,lowest_quintile,2003,56.2,51.6,74.2,61.1,67.7
all_households,lowest_quintile,2004,54.6,50.2,72.8,58.7,67.3
all_households,lowest_quintile,2005,55.0,50.1,72.9,60.5,67.7
all_households,lowest_quintile,2006,53.7,49.3,74.3,59.3,57.6
all_households,lowest_quintile,2007,53.2,49.0,72.9,58.6,56.5
all_households,lowest_quintile,2008,52.0,47.8,70.4,57.1,56.2
all_households,lowest_quintile,2009,50.7,45.8,67.8,57.4,53.1
all_households,lowest_quintile,2010,50.9,46.5,63.9,58.3,52.4
all_households,lowest_quintile,2011,50.8,46.0,64.4,57.1,52.8
all_households,lowest_quintile,2012,51.4,46.8,66.0,57.8,51.5
all_households,lowest_quintile,2013,51.9,48.0,64.0,60.8,49.9
all_households,lowest_quintile,2014,50.1,46.7,64.1,58.4,50.1
all_households,lowest_quintile,2015,49.3,45.8,64.5,60.0,49.0
all_households,second_quintile,1979,13.1,13.7,12.7,13.6,12.6
all_households,second_quintile,1980,13.6,14.7,13.7,11.4,13.6
all_households,second_quintile,1981,14.6,15.7,14.8,13.0,14.2
all_households,second_quintile,1982,13.7,15.2,12.5,14.8,12.7
all_households,second_quintile,1983,12.5,13.9,11.3,12.6,11.9
all_households,second_quintile,1984,13.2,14.6,12.5,13.1,12.4
all_households,second_quintile,1985,12.7,14.2,11.3,13.1,11.7
all_households,second_quintile,1986,13.8,15.4,11.2,16.0,12.3
all_households,second_quintile,1987,13.3,15.1,8.8,16.1,12.1
all_households,second_quintile,1988,13.2,15.2,8.5,15.5,11.8
all_households,second_quintile,1989,13.8,15.2,10.2,16.7,11.9
all_households,second_quintile,1990,14.7,16.5,11.8,17.7,12.2
all_households,second_quintile,1991,16.0,17.8,13.3,19.2,13.0
all_households,second_quintile,1992,18.2,20.2,16.5,19.1,14.7
all_households,second_quintile,1993,18.2,20.4,16.2,19.1,14.8
all_households,second_quintile,1994,18.5,20.8,16.0,19.4,14.8
all_households,second_quintile,1995,19.5,22.0,16.1,20.4,15.1
all_households,second_quintile,1996,19.2,21.4,17.2,17.3,16.8
all_households,second_quintile,1997,19.8,22.0,17.0,17.9,17.0
all_households,second_quintile,1998,20.7,23.1,16.4,17.7,17.6
all_households,second_quintile,1999,20.9,23.4,15.3,18.0,16.3
all_households,second_quintile,2000,21.9,23.9,16.5,18.8,18.7
all_households,second_quintile,2001,22.6,24.8,15.9,18.7,18.9
all_households,second_quintile,2002,23.2,25.1,17.9,20.0,19.1
all_households,second_quintile,2003,24.0,25.8,18.4,20.7,19.6
all_households,second_quintile,2004,24.5,26.4,19.3,20.9,19.7
all_households,second_quintile,2005,23.9,26.0,19.4,18.7,19.4
all_households,second_quintile,2006,25.0,26.7,18.4,20.3,24.7
all_households,second_quintile,2007,24.4,25.9,19.1,20.4,24.3
all_households,second_quintile,2008,25.9,27.4,20.8,21.4,25.8
all_households,second_quintile,2009,26.7,28.2,22.4,22.3,27.8
all_households,second_quintile,2010,26.9,28.1,24.0,22.0,28.2
all_households,second_quintile,2011,27.8,29.1,25.3,22.8,28.4
all_households,second_quintile,2012,27.4,28.9,24.0,21.6,29.6
all_households,second_quintile,2013,27.2,28.3,24.9,21.3,30.2
all_households,second_quintile,2014,27.0,27.8,24.1,21.8,29.2
all_households,second_quintile,2015,26.6,27.7,22.7,19.5,28.5
all_households,middle_quintile,1979,6.2,6.8,3.3,7.9,6.4
all_households,middle_quintile,1980,5.6,6.5,3.9,5.5,5.9
all_households,middle_quintile,1981,5.5,6.5,4.1,6.2,5.1
all_households,middle_quintile,1982,4.6,5.4,2.6,5.5,4.7
all_households,middle_quintile,1983,4.9,5.7,2.8,7.1,4.4
all_households,middle_quintile,1984,5.3,5.8,3.7,7.4,4.8
all_households,middle_quintile,1985,5.1,5.9,2.5,7.5,4.5
all_households,middle_quintile,1986,5.1,6.2,2.2,7.4,4.2
all_households,middle_quintile,1987,4.9,5.7,1.9,7.6,4.1
all_households,middle_quintile,1988,5.6,6.4,2.6,8.1,4.8
all_households,middle_quintile,1989,5.2,6.3,2.2,6.8,4.3
all_households,middle_quintile,1990,5.7,6.9,2.6,7.7,4.4
all_households,middle_quintile,1991,6.3,7.5,3.3,8.3,4.9
all_households,middle_quintile,1992,6.4,7.4,4.1,8.2,5.1
all_households,middle_quintile,1993,7.2,8.2,4.7,8.9,5.8
all_households,middle_quintile,1994,7.3,8.9,4.5,7.2,5.6
all_households,middle_quintile,1995,7.9,9.4,5.0,7.9,6.4
all_households,middle_quintile,1996,8.3,9.9,4.7,9.1,6.0
all_households,middle_quintile,1997,7.6,9.0,4.4,7.5,5.2
all_households,middle_quintile,1998,7.7,9.2,3.5,7.2,5.1
all_households,middle_quintile,1999,9.2,10.8,3.8,9.1,5.7
all_households,middle_quintile,2000,9.5,11.0,4.5,8.0,6.8
all_households,middle_quintile,2001,9.4,10.8,3.9,7.8,6.9
all_households,middle_quintile,2002,10.1,11.5,4.7,8.5,6.9
all_households,middle_quintile,2003,10.3,11.8,4.3,8.5,6.9
all_households,middle_quintile,2004,10.8,12.2,4.5,9.6,6.8
all_households,middle_quintile,2005,10.9,12.4,4.7,10.3,6.6
all_households,middle_quintile,2006,10.7,12.1,4.1,9.1,9.0
all_households,middle_quintile,2007,11.3,12.7,4.8,9.6,9.6
all_households,middle_quintile,2008,11.4,12.8,5.2,10.3,9.5
all_households,middle_quintile,2009,12.1,13.8,6.0,10.5,10.5
all_households,middle_quintile,2010,11.8,13.4,7.0,9.3,10.7
all_households,middle_quintile,2011,11.8,13.6,6.9,10.0,10.8
all_households,middle_quintile,2012,11.8,13.2,6.8,11.1,10.9
all_households,middle_quintile,2013,12.0,13.6,7.3,9.5,11.5
all_households,middle_quintile,2014,12.5,13.9,7.0,10.4,11.3
all_households,middle_quintile,2015,13.1,14.4,7.6,10.2,12.3
all_households,fourth_quintile,1979,3.7,4.4,1.7,4.7,3.6
all_households,fourth_quintile,1980,3.3,3.6,1.7,4.7,3.3
all_households,fourth_quintile,1981,3.0,3.7,1.4,4.4,2.8
all_households,fourth_quintile,1982,2.5,3.5,0.8,3.4,2.2
all_households,fourth_quintile,1983,2.6,3.0,0.8,4.9,2.2
all_households,fourth_quintile,1984,3.0,3.3,1.2,5.2,2.6
all_households,fourth_quintile,1985,2.8,2.9,0.8,5.5,2.3
all_households,fourth_quintile,1986,2.7,2.9,0.9,4.3,2.5
all_households,fourth_quintile,1987,3.1,3.5,1.0,4.9,2.6
all_households,fourth_quintile,1988,2.9,3.7,0.9,3.6,2.6
all_households,fourth_quintile,1989,3.2,4.0,0.8,5.3,2.3
all_households,fourth_quintile,1990,3.0,3.6,0.8,4.9,2.2
all_households,fourth_quintile,1991,3.1,3.7,1.2,5.0,2.3
all_households,fourth_quintile,1992,3.9,4.6,1.9,5.1,3.0
all_households,fourth_quintile,1993,3.6,4.4,1.7,4.9,2.3
all_households,fourth_quintile,1994,4.1,5.3,1.9,4.7,2.7
all_households,fourth_quintile,1995,4.2,5.3,1.7,4.3,3.2
all_households,fourth_quintile,1996,4.0,5.1,1.4,4.3,2.8
all_households,fourth_quintile,1997,4.7,5.9,1.3,5.4,2.4
all_households,fourth_quintile,1998,4.6,5.6,1.3,4.9,2.5
all_households,fourth_quintile,1999,4.7,5.6,1.2,4.8,2.6
all_households,fourth_quintile,2000,5.1,6.0,1.4,4.5,3.2
all_households,fourth_quintile,2001,4.9,5.8,0.9,4.6,2.9
all_households,fourth_quintile,2002,5.5,6.4,1.5,5.1,3.5
all_households,fourth_quintile,2003,5.3,6.2,1.0,4.9,3.1
all_households,fourth_quintile,2004,5.9,6.7,1.5,6.1,3.5
all_households,fourth_quintile,2005,5.8,6.7,1.2,5.7,2.9
all_households,fourth_quintile,2006,6.0,6.8,1.5,5.8,4.8
all_households,fourth_quintile,2007,6.3,7.2,1.5,5.9,5.4
all_households,fourth_quintile,2008,5.9,6.7,1.4,6.0,4.8
all_households,fourth_quintile,2009,5.9,7.0,1.7,5.2,4.8
all_households,fourth_quintile,2010,6.0,7.1,2.7,5.3,4.6
all_households,fourth_quintile,2011,5.7,6.8,1.9,6.0,4.7
all_households,fourth_quintile,2012,5.6,6.6,1.7,5.5,4.8
all_households,fourth_quintile,2013,5.5,6.3,2.2,5.0,5.3
all_households,fourth_quintile,2014,6.3,7.0,2.7,5.7,5.6
all_households,fourth_quintile,2015,6.6,7.4,2.9,5.9,6.0
all_households,highest_quintile,1979,2.2,2.6,0.9,2.9,2.1
all_households,highest_quintile,1980,1.9,2.1,0.6,2.8,1.9
all_households,highest_quintile,1981,1.9,2.4,0.5,3.7,1.6
all_households,highest_quintile,1982,1.8,2.8,0.4,2.5,1.3
all_households,highest_quintile,1983,1.4,1.7,0.5,2.2,1.4
all_households,highest_quintile,1984,1.8,1.7,0.8,3.3,1.6
all_households,highest_quintile,1985,1.8,1.9,0.6,3.4,1.7
all_households,highest_quintile,1986,1.8,2.0,0.5,2.9,1.6
all_households,highest_quintile,1987,1.6,1.5,0.7,2.9,1.5
all_households,highest_quintile,1988,1.8,2.1,0.8,1.9,1.7
all_households,highest_quintile,1989,2.1,2.3,0.7,3.5,1.8
all_households,highest_quintile,1990,2.3,2.5,0.7,3.9,1.9
all_households,highest_quintile,1991,2.2,2.4,0.9,2.8,2.1
all_households,highest_quintile,1992,2.3,2.7,0.9,3.4,1.6
all_households,highest_quintile,1993,2.2,2.7,0.7,3.5,1.6
all_households,highest_quintile,1994,2.9,3.9,0.6,3.4,1.8
all_households,highest_quintile,1995,2.8,3.6,0.8,3.2,1.8
all_households,highest_quintile,1996,2.6,3.5,0.6,2.8,1.3
all_households,highest_quintile,1997,2.7,3.7,0.5,2.9,1.3
all_households,highest_quintile,1998,3.0,3.8,0.5,3.0,1.6
all_households,highest_quintile,1999,3.2,3.7,0.7,3.7,1.7
all_households,highest_quintile,2000,3.3,3.8,0.7,3.2,2.0
all_households,highest_quintile,2001,3.1,3.6,0.4,3.2,2.0
all_households,highest_quintile,2002,3.1,3.5,0.7,2.9,1.9
all_households,highest_quintile,2003,3.0,3.5,0.5,2.8,1.6
all_households,highest_quintile,2004,3.4,3.8,0.8,3.7,2.2
all_households,highest_quintile,2005,3.3,3.8,0.5,3.6,2.1
all_households,highest_quintile,2006,3.7,4.2,0.5,4.2,3.1
all_households,highest_quintile,2007,3.8,4.3,0.6,3.9,3.3
all_households,highest_quintile,2008,3.6,4.1,0.7,3.6,2.7
all_households,highest_quintile,2009,3.5,4.1,0.9,3.2,2.9
all_households,highest_quintile,2010,3.3,3.8,1.2,3.3,2.9
all_households,highest_quintile,2011,3.0,3.7,0.6,2.8,2.4
all_households,highest_quintile,2012,3.1,3.8,0.6,3.1,2.4
all_households,highest_quintile,2013,2.5,3.0,0.6,2.2,2.2
all_households,highest_quintile,2014,3.3,3.8,1.1,2.6,3.0
all_households,highest_quintile,2015,3.7,4.2,1.5,3.5,3.3
all_households,percentiles_81_90,1979,1.2,1.4,0.5,1.5,1.2
all_households,percentiles_81_90,1980,1.0,1.2,0.2,1.4,1.1
all_households,percentiles_81_90,1981,1.0,1.2,0.3,2.3,0.8
all_households,percentiles_81_90,1982,1.0,1.6,0.2,1.5,0.7
all_households,percentiles_81_90,1983,0.6,0.7,0.1,0.9,0.7
all_households,percentiles_81_90,1984,1.0,1.0,0.3,1.8,0.8
all_households,percentiles_81_90,1985,1.0,1.0,0.2,2.2,0.8
all_households,percentiles_81_90,1986,1.0,1.1,0.2,1.9,0.8
all_households,percentiles_81_90,1987,0.7,0.7,0.3,1.1,0.7
all_households,percentiles_81_90,1988,1.0,1.2,0.3,1.1,0.9
all_households,percentiles_81_90,1989,1.1,1.3,0.3,1.6,0.8
all_households,percentiles_81_90,1990,1.2,1.4,0.3,2.0,0.9
all_households,percentiles_81_90,1991,1.2,1.4,0.5,1.6,1.1
all_households,percentiles_81_90,1992,1.3,1.6,0.5,1.7,1.0
all_households,percentiles_81_90,1993,1.2,1.5,0.3,1.9,0.8
all_households,percentiles_81_90,1994,1.5,1.8,0.4,1.9,1.0
all_households,percentiles_81_90,1995,1.4,1.9,0.3,1.8,1.0
all_households,percentiles_81_90,1996,1.4,1.9,0.3,1.9,0.7
all_households,percentiles_81_90,1997,1.5,2.0,0.2,1.7,0.6
all_households,percentiles_81_90,1998,1.7,2.2,0.3,1.6,0.7
all_households,percentiles_81_90,1999,1.8,2.1,0.4,2.2,1.0
all_households,percentiles_81_90,2000,1.9,2.2,0.4,1.9,1.1
all_households,percentiles_81_90,2001,1.6,1.9,0.2,1.6,1.0
all_households,percentiles_81_90,2002,1.8,2.1,0.4,1.7,1.0
all_households,percentiles_81_90,2003,1.7,2.1,0.3,1.6,0.9
all_households,percentiles_81_90,2004,2.1,2.3,0.4,2.5,1.2
all_households,percentiles_81_90,2005,1.8,2.0,0.2,1.8,1.1
all_households,percentiles_81_90,2006,2.1,2.4,0.3,2.6,1.6
all_households,percentiles_81_90,2007,2.1,2.3,0.3,2.3,1.7
all_households,percentiles_81_90,2008,1.9,2.2,0.4,2.0,1.4
all_households,percentiles_81_90,2009,2.0,2.3,0.5,2.0,1.6
all_households,percentiles_81_90,2010,1.9,2.2,0.7,1.8,1.6
all_households,percentiles_81_90,2011,1.7,2.0,0.4,1.8,1.3
all_households,percentiles_81_90,2012,1.8,2.2,0.3,1.8,1.3
all_households,percentiles_81_90,2013,1.4,1.7,0.4,1.4,1.2
all_households,percentiles_81_90,2014,1.9,2.1,0.6,1.4,1.8
all_households,percentiles_81_90,2015,2.0,2.3,0.8,1.9,1.8
all_households,percentiles_91_95,1979,0.4,0.5,0.2,0.5,0.3
all_households,percentiles_91_95,1980,0.4,0.5,0.1,0.6,0.4
all_households,percentiles_91_95,1981,0.4,0.5,0.1,0.8,0.3
all_households,percentiles_91_95,1982,0.4,0.6,,0.6,0.3
all_households,percentiles_91_95,1983,0.4,0.5,0.1,0.6,0.3
all_households,percentiles_91_95,1984,0.3,0.3,0.2,0.7,0.3
all_households,percentiles_91_95,1985,0.3,0.3,0.1,0.5,0.3
all_households,percentiles_91_95,1986,0.3,0.4,0.1,0.5,0.3
all_households,percentiles_91_95,1987,0.3,0.3,0.1,0.7,0.3
all_households,percentiles_91_95,1988,0.3,0.4,0.2,0.3,0.3
all_households,percentiles_91_95,1989,0.5,0.5,0.1,0.9,0.4
all_households,percentiles_91_95,1990,0.5,0.5,0.1,1.0,0.3
all_households,percentiles_91_95,1991,0.4,0.4,0.1,0.5,0.4
all_households,percentiles_91_95,1992,0.5,0.6,0.2,1.1,0.3
all_households,percentiles_91_95,1993,0.6,0.6,0.2,1.0,0.4
all_households,percentiles_91_95,1994,0.7,1.0,0.1,0.7,0.3
all_households,percentiles_91_95,1995,0.7,0.9,0.2,0.6,0.4
all_households,percentiles_91_95,1996,0.6,0.8,0.1,0.6,0.3
all_households,percentiles_91_95,1997,0.7,0.9,0.1,0.6,0.3
all_households,percentiles_91_95,1998,0.7,0.8,0.1,0.7,0.3
all_households,percentiles_91_95,1999,0.7,0.9,0.2,0.8,0.4
all_households,percentiles_91_95,2000,0.6,0.7,0.1,0.7,0.4
all_households,percentiles_91_95,2001,0.7,0.8,,0.8,0.6
all_households,percentiles_91_95,2002,0.6,0.8,0.1,0.5,0.4
all_households,percentiles_91_95,2003,0.6,0.7,0.1,0.6,0.3
all_households,percentiles_91_95,2004,0.7,0.7,0.2,0.6,0.5
all_households,percentiles_91_95,2005,0.8,1.0,0.1,1.0,0.5
all_households,percentiles_91_95,2006,0.9,1.0,0.1,0.9,0.8
all_households,percentiles_91_95,2007,0.9,1.1,0.1,0.9,0.7
all_households,percentiles_91_95,2008,0.9,1.1,0.2,0.9,0.6
all_households,percentiles_91_95,2009,0.8,0.9,0.2,0.7,0.7
all_households,percentiles_91_95,2010,0.7,0.9,0.2,0.8,0.7
all_households,percentiles_91_95,2011,0.6,0.8,0.1,0.4,0.6
all_households,percentiles_91_95,2012,0.7,0.9,0.1,0.7,0.6
all_households,percentiles_91_95,2013,0.6,0.7,0.1,0.5,0.5
all_households,percentiles_91_95,2014,0.7,0.8,0.2,0.7,0.6
all_households,percentiles_91_95,2015,0.9,1.0,0.4,0.8,0.8
all_households,percentiles_96_99,1979,0.4,0.5,0.2,0.6,0.4
all_households,percentiles_96_99,1980,0.3,0.4,0.1,0.6,0.3
all_households,percentiles_96_99,1981,0.4,0.4,0.1,0.5,0.4
all_households,percentiles_96_99,1982,0.3,0.4,0.1,0.3,0.2
all_households,percentiles_96_99,1983,0.3,0.3,0.2,0.6,0.3
all_households,percentiles_96_99,1984,0.3,0.3,0.2,0.6,0.3
all_households,percentiles_96_99,1985,0.4,0.4,0.2,0.5,0.3
all_households,percentiles_96_99,1986,0.3,0.4,0.1,0.3,0.3
all_households,percentiles_96_99,1987,0.4,0.4,0.2,0.9,0.4
all_households,percentiles_96_99,1988,0.3,0.4,0.2,0.4,0.3
all_households,percentiles_96_99,1989,0.4,0.4,0.1,0.7,0.5
all_households,percentiles_96_99,1990,0.5,0.5,0.2,0.7,0.5
all_households,percentiles_96_99,1991,0.4,0.5,0.2,0.5,0.5
all_households,percentiles_96_99,1992,0.3,0.4,0.1,0.5,0.3
all_households,percentiles_96_99,1993,0.3,0.4,0.1,0.4,0.3
all_households,percentiles_96_99,1994,0.6,0.8,0.1,0.6,0.4
all_households,percentiles_96_99,1995,0.5,0.7,0.2,0.5,0.3
all_households,percentiles_96_99,1996,0.4,0.6,0.1,0.3,0.2
all_households,percentiles_96_99,1997,0.5,0.6,0.1,0.5,0.4
all_households,percentiles_96_99,1998,0.5,0.5,0.1,0.5,0.4
all_households,percentiles_96_99,1999,0.5,0.6,0.1,0.5,0.3
all_households,percentiles_96_99,2000,0.6,0.7,0.1,0.4,0.3
all_households,percentiles_96_99,2001,0.6,0.7,0.1,0.7,0.3
all_households,percentiles_96_99,2002,0.4,0.5,0.2,0.5,0.3
all_households,percentiles_96_99,2003,0.5,0.6,0.1,0.4,0.3
all_households,percentiles_96_99,2004,0.5,0.6,0.1,0.5,0.4
all_households,percentiles_96_99,2005,0.6,0.7,0.1,0.7,0.4
all_households,percentiles_96_99,2006,0.6,0.7,0.1,0.5,0.5
all_households,percentiles_96_99,2007,0.7,0.8,0.1,0.6,0.8
all_households,percentiles_96_99,2008,0.6,0.7,0.1,0.5,0.5
all_households,percentiles_96_99,2009,0.6,0.7,0.1,0.4,0.5
all_households,percentiles_96_99,2010,0.5,0.5,0.2,0.5,0.4
all_households,percentiles_96_99,2011,0.5,0.6,0.1,0.4,0.4
all_households,percentiles_96_99,2012,0.4,0.5,0.1,0.3,0.5
all_households,percentiles_96_99,2013,0.4,0.5,0.1,0.3,0.4
all_households,percentiles_96_99,2014,0.5,0.6,0.1,0.4,0.5
all_households,percentiles_96_99,2015,0.6,0.7,0.2,0.6,0.6
all_households,top_1_percent,1979,0.2,0.1,0.1,0.3,0.1
all_households,top_1_percent,1980,0.1,0.1,0.1,0.1,0.1
all_households,top_1_percent,1981,0.1,0.2,0.1,0.1,0.1
all_households,top_1_percent,1982,0.1,0.2,,0.1,0.1
all_households,top_1_percent,1983,0.1,0.1,0.1,,0.2
all_households,top_1_percent,1984,0.1,0.2,0.1,0.1,0.2
all_households,top_1_percent,1985,0.1,0.1,0.1,0.1,0.2
all_households,top_1_percent,1986,0.2,0.1,0.1,0.2,0.2
all_households,top_1_percent,1987,0.1,0.2,0.1,0.2,0.1
all_households,top_1_percent,1988,0.1,0.2,0.1,0.1,0.1
all_households,top_1_percent,1989,0.2,0.2,0.1,0.3,0.1
all_households,top_1_percent,1990,0.1,0.1,0.1,0.2,0.1
all_households,top_1_percent,1991,0.2,0.2,0.1,0.3,0.1
all_households,top_1_percent,1992,0.1,0.1,,0.2,0.1
all_households,top_1_percent,1993,0.1,0.2,0.1,0.2,0.1
all_households,top_1_percent,1994,0.2,0.2,0.1,0.1,0.1
all_households,top_1_percent,1995,0.2,0.2,0.1,0.3,0.1
all_households,top_1_percent,1996,0.1,0.2,0.1,,0.1
all_households,top_1_percent,1997,0.1,0.1,,0.1,0.1
all_households,top_1_percent,1998,0.2,0.2,,0.1,0.2
all_households,top_1_percent,1999,0.1,0.1,,0.2,0.1
all_households,top_1_percent,2000,0.2,0.2,,0.2,0.1
all_households,top_1_percent,2001,0.2,0.2,,0.2,0.1
all_households,top_1_percent,2002,0.2,0.2,0.1,0.2,0.2
all_households,top_1_percent,2003,0.2,0.2,0.1,0.1,0.1
all_households,top_1_percent,2004,0.1,0.1,0.1,0.1,0.1
all_households,top_1_percent,2005,0.1,0.1,0.1,0.1,0.1
all_households,top_1_percent,2006,0.2,0.2,,0.2,0.2
all_households,top_1_percent,2007,0.1,0.1,,0.1,0.1
all_households,top_1_percent,2008,0.2,0.2,0.1,0.1,0.2
all_households,top_1_percent,2009,0.2,0.2,0.1,0.2,0.2
all_households,top_1_percent,2010,0.2,0.2,0.1,0.2,0.1
all_households,top_1_percent,2011,0.2,0.2,,0.2,0.1
all_households,top_1_percent,2012,0.2,0.2,,0.3,0.1
all_households,top_1_percent,2013,0.2,0.2,,0.1,0.1
all_households,top_1_percent,2014,0.2,0.2,0.1,0.1,0.2
all_households,top_1_percent,2015,0.2,0.2,0.1,0.1,0.2
hh_with_children,all_quintiles,1979,100.0,100.0,100.0,100.0,100.0
hh_with_children,all_quintiles,1980,100.0,100.0,100.0,100.0,100.0
hh_with_children,all_quintiles,1981,100.0,100.0,100.0,100.0,100.0
hh_with_children,all_quintiles,1982,100.0,100.0,100.0,100.0,100.0
hh_with_children,all_quintiles,1983,100.0,100.0,100.0,100.0,100.0
hh_with_children,all_quintiles,1984,100.0,100.0,100.0,100.0,100.0
hh_with_children,all_quintiles,1985,100.0,100.0,100.0,100.0,100.0
hh_with_children,all_quintiles,1986,100.0,100.0,100.0,100.0,100.0
hh_with_children,all_quintiles,1987,100.0,100.0,100.0,100.0,100.0
hh_with_children,all_quintiles,1988,100.0,100.0,100.0,100.0,100.0
hh_with_children,all_quintiles,1989,100.0,100.0,100.0,100.0,100.0
hh_with_children,all_quintiles,1990,100.0,100.0,100.0,100.0,100.0
hh_with_children,all_quintiles,1991,100.0,100.0,100.0,100.0,100.0
hh_with_children,all_quintiles,1992,100.0,100.0,100.0,100.0,100.0
hh_with_children,all_quintiles,1993,100.0,100.0,100.0,100.0,100.0
hh_with_children,all_quintiles,1994,100.0,100.0,100.0,100.0,100.0
hh_with_children,all_quintiles,1995,100.0,100.0,100.0,100.0,100.0
hh_with_children,all_quintiles,1996,100.0,100.0,100.0,100.0,100.0
hh_with_children,all_quintiles,1997,100.0,100.0,100.0,100.0,100.0
hh_with_children,all_quintiles,1998,100.0,100.0,100.0,100.0,100.0
hh_with_children,all_quintiles,1999,100.0,100.0,100.0,100.0,100.0
hh_with_children,all_quintiles,2000,100.0,100.0,100.0,100.0,100.0
hh_with_children,all_quintiles,2001,100.0,100.0,100.0,100.0,100.0
hh_with_children,all_quintiles,2002,100.0,100.0,100.0,100.0,100.0
hh_with_children,all_quintiles,2003,100.0,100.0,100.0,100.0,100.0
hh_with_children,all_quintiles,2004,100.0,100.0,100.0,100.0,100.0
hh_with_children,all_quintiles,2005,100.0,100.0,100.0,100.0,100.0
hh_with_children,all_quintiles,2006,100.0,100.0,100.0,100.0,100.0
hh_with_children,all_quintiles,2007,100.0,100.0,100.0,100.0,100.0
hh_with_children,all_quintiles,2008,100.0,100.0,100.0,100.0,100.0
hh_with_children,all_quintiles,2009,100.0,100.0,100.0,100.0,100.0
hh_with_children,all_quintiles,2010,100.0,100.0,100.0,100.0,100.0
hh_with_children,all_quintiles,2011,100.0,100.0,100.0,100.0,100.0
hh_with_children,all_quintiles,2012,100.0,100.0,100.0,100.0,100.0
hh_with_children,all_quintiles,2013,100.0,100.0,100.0,100.0,100.0
hh_with_children,all_quintiles,2014,100.0,100.0,100.0,100.0,100.0
hh_with_children,all_quintiles,2015,100.0,100.0,100.0,100.0,100.0
hh_with_children,lowest_quintile,1979,73.9,72.0,80.0,68.9,73.2
hh_with_children,lowest_quintile,1980,73.5,71.8,77.5,74.6,72.4
hh_with_children,lowest_quintile,1981,72.7,69.9,75.4,69.7,73.3
hh_with_children,lowest_quintile,1982,77.2,74.1,81.0,75.2,77.6
hh_with_children,lowest_quintile,1983,79.3,77.7,83.2,74.7,79.1
hh_with_children,lowest_quintile,1984,75.8,73.4,79.0,69.2,76.9
hh_with_children,lowest_quintile,1985,77.0,74.0,81.9,68.3,78.4
hh_with_children,lowest_quintile,1986,78.7,76.7,83.7,70.6,79.3
hh_with_children,lowest_quintile,1987,82.0,80.1,87.8,75.4,82.2
hh_with_children,lowest_quintile,1988,80.2,76.3,86.6,73.0,82.1
hh_with_children,lowest_quintile,1989,79.4,75.7,85.5,72.4,81.5
hh_with_children,lowest_quintile,1990,78.1,74.4,84.5,67.6,81.3
hh_with_children,lowest_quintile,1991,75.5,71.9,81.6,66.5,78.5
hh_with_children,lowest_quintile,1992,73.0,69.1,78.0,67.6,77.2
hh_with_children,lowest_quintile,1993,72.7,68.8,77.9,65.3,77.8
hh_with_children,lowest_quintile,1994,71.3,65.8,78.1,66.3,77.0
hh_with_children,lowest_quintile,1995,69.8,64.5,77.0,66.0,75.4
hh_with_children,lowest_quintile,1996,70.0,65.0,76.7,69.3,74.5
hh_with_children,lowest_quintile,1997,68.7,64.2,76.7,66.8,74.2
hh_with_children,lowest_quintile,1998,66.7,61.7,77.8,66.5,72.7
hh_with_children,lowest_quintile,1999,64.5,59.0,79.2,64.5,72.2
hh_with_children,lowest_quintile,2000,62.0,57.6,77.0,64.8,67.6
hh_with_children,lowest_quintile,2001,61.1,56.2,78.7,65.4,67.9
hh_with_children,lowest_quintile,2002,59.3,54.9,75.2,62.0,67.4
hh_with_children,lowest_quintile,2003,58.9,54.0,75.5,63.0,67.7
hh_with_children,lowest_quintile,2004,57.3,52.8,73.4,59.5,66.8
hh_with_children,lowest_quintile,2005,58.6,53.6,74.3,64.0,67.6
hh_with_children,lowest_quintile,2006,58.8,54.1,76.5,62.3,64.7
hh_with_children,lowest_quintile,2007,58.3,53.7,75.3,63.9,63.2
hh_with_children,lowest_quintile,2008,56.4,51.8,72.8,59.2,63.1
hh_with_children,lowest_quintile,2009,56.0,50.5,71.5,60.7,62.0
hh_with_children,lowest_quintile,2010,55.9,50.9,67.9,61.7,62.1
hh_with_children,lowest_quintile,2011,55.5,50.2,67.5,61.6,61.1
hh_with_children,lowest_quintile,2012,55.7,50.7,68.8,60.5,59.3
hh_with_children,lowest_quintile,2013,54.8,50.1,66.7,61.4,59.7
hh_with_children,lowest_quintile,2014,52.4,48.3,67.8,60.2,57.6
hh_with_children,lowest_quintile,2015,51.3,47.2,67.7,62.6,56.3
hh_with_children,second_quintile,1979,12.9,13.4,12.4,14.3,12.5
hh_with_children,second_quintile,1980,13.8,15.2,13.8,12.5,13.3
hh_with_children,second_quintile,1981,14.5,15.8,15.2,13.3,13.6
hh_with_children,second_quintile,1982,12.2,13.5,12.4,11.8,11.5
hh_with_children,second_quintile,1983,10.2,11.0,10.1,10.0,9.8
hh_with_children,second_quintile,1984,12.2,13.9,12.4,12.2,11.1
hh_with_children,second_quintile,1985,11.8,13.5,11.2,14.7,10.4
hh_with_children,second_quintile,1986,11.3,12.5,11.0,12.8,10.5
hh_with_children,second_quintile,1987,9.7,10.8,7.3,13.1,9.3
hh_with_children,second_quintile,1988,10.1,11.8,7.3,12.8,9.5
hh_with_children,second_quintile,1989,10.8,12.4,9.2,12.9,9.7
hh_with_children,second_quintile,1990,12.0,13.5,10.0,15.6,10.4
hh_with_children,second_quintile,1991,13.2,15.1,11.5,18.0,10.8
hh_with_children,second_quintile,1992,15.4,17.5,14.1,18.0,12.4
hh_with_children,second_quintile,1993,15.2,17.4,14.3,16.6,12.1
hh_with_children,second_quintile,1994,15.9,18.2,14.4,18.1,12.7
hh_with_children,second_quintile,1995,17.1,19.8,15.0,19.0,13.0
hh_with_children,second_quintile,1996,17.8,20.2,16.2,16.8,14.9
hh_with_children,second_quintile,1997,19.1,21.5,16.9,17.5,16.4
hh_with_children,second_quintile,1998,20.7,23.3,16.3,20.2,17.3
hh_with_children,second_quintile,1999,20.3,23.1,14.8,18.4,16.3
hh_with_children,second_quintile,2000,21.7,23.8,16.1,19.7,18.8
hh_with_children,second_quintile,2001,22.7,25.1,15.9,19.7,19.0
hh_with_children,second_quintile,2002,23.3,25.3,17.5,20.9,19.2
hh_with_children,second_quintile,2003,23.4,25.6,17.7,20.1,18.9
hh_with_children,second_quintile,2004,24.0,25.9,18.9,21.1,19.7
hh_with_children,second_quintile,2005,23.6,26.0,18.8,17.5,19.1
hh_with_children,second_quintile,2006,23.8,25.9,17.6,20.3,20.4
hh_with_children,second_quintile,2007,23.6,25.5,18.2,19.0,21.5
hh_with_children,second_quintile,2008,24.4,26.2,19.4,21.3,21.6
hh_with_children,second_quintile,2009,24.5,26.5,20.3,19.7,22.0
hh_with_children,second_quintile,2010,24.7,26.7,21.5,18.7,21.9
hh_with_children,second_quintile,2011,25.7,27.4,23.2,21.2,23.0
hh_with_children,second_quintile,2012,26.3,28.0,22.6,23.0,24.7
hh_with_children,second_quintile,2013,26.3,28.0,23.4,22.4,23.5
hh_with_children,second_quintile,2014,26.4,27.8,22.0,22.2,24.3
hh_with_children,second_quintile,2015,26.8,28.4,21.6,20.4,23.7
hh_with_children,middle_quintile,1979,6.2,6.9,3.3,9.1,6.7
hh_with_children,middle_quintile,1980,5.6,6.1,3.8,5.2,6.2
hh_with_children,middle_quintile,1981,5.4,6.4,4.1,6.9,5.3
hh_with_children,middle_quintile,1982,4.2,4.8,2.6,4.4,4.5
hh_with_children,middle_quintile,1983,4.1,4.8,2.5,6.3,4.0
hh_with_children,middle_quintile,1984,5.1,5.6,3.7,8.4,4.9
hh_with_children,middle_quintile,1985,4.2,5.2,2.2,5.8,4.2
hh_with_children,middle_quintile,1986,4.1,4.9,2.1,7.4,3.9
hh_with_children,middle_quintile,1987,3.4,3.6,1.6,5.1,3.7
hh_with_children,middle_quintile,1988,4.6,5.7,2.4,8.0,4.0
hh_with_children,middle_quintile,1989,4.3,5.6,1.9,6.3,3.8
hh_with_children,middle_quintile,1990,4.8,6.1,2.3,7.9,3.8
hh_with_children,middle_quintile,1991,5.1,6.3,3.1,7.0,4.4
hh_with_children,middle_quintile,1992,5.5,6.5,3.9,6.9,4.7
hh_with_children,middle_quintile,1993,6.4,7.4,4.3,9.1,5.4
hh_with_children,middle_quintile,1994,6.6,8.1,4.3,7.8,5.2
hh_with_children,middle_quintile,1995,6.8,7.8,4.7,8.2,6.1
hh_with_children,middle_quintile,1996,6.8,8.2,4.2,7.3,5.9
hh_with_children,middle_quintile,1997,6.5,7.6,4.3,7.8,5.0
hh_with_children,middle_quintile,1998,6.8,8.3,3.4,7.0,5.2
hh_with_children,middle_quintile,1999,8.6,10.2,3.5,9.5,6.1
hh_with_children,middle_quintile,2000,9.1,10.4,4.2,8.5,7.1
hh_with_children,middle_quintile,2001,9.1,10.6,3.3,8.3,6.9
hh_with_children,middle_quintile,2002,9.7,11.2,4.4,9.3,6.9
hh_with_children,middle_quintile,2003,10.0,11.6,4.2,8.9,7.2
hh_with_children,middle_quintile,2004,10.2,11.8,4.5,9.2,6.8
hh_with_children,middle_quintile,2005,9.8,11.5,4.2,9.6,6.6
hh_with_children,middle_quintile,2006,9.4,10.9,3.5,8.8,7.3
hh_with_children,middle_quintile,2007,9.9,11.4,4.0,8.9,7.8
hh_with_children,middle_quintile,2008,10.3,12.0,4.5,9.0,7.9
hh_with_children,middle_quintile,2009,10.9,12.8,4.9,10.8,8.5
hh_with_children,middle_quintile,2010,10.4,12.3,6.0,8.6,8.2
hh_with_children,middle_quintile,2011,10.9,12.8,6.3,9.3,8.9
hh_with_children,middle_quintile,2012,10.5,12.3,5.9,9.8,8.8
hh_with_children,middle_quintile,2013,11.5,13.4,6.6,8.9,9.4
hh_with_children,middle_quintile,2014,12.5,14.1,6.3,10.5,10.0
hh_with_children,middle_quintile,2015,12.6,14.1,6.6,9.4,10.8
hh_with_children,fourth_quintile,1979,3.3,3.7,1.5,3.8,3.7
hh_with_children,fourth_quintile,1980,2.8,2.7,1.5,2.7,3.5
hh_with_children,fourth_quintile,1981,2.7,3.1,1.4,3.4,2.9
hh_with_children,fourth_quintile,1982,2.1,2.7,0.8,3.2,2.2
hh_with_children,fourth_quintile,1983,1.8,1.8,0.6,3.1,2.1
hh_with_children,fourth_quintile,1984,2.2,2.2,1.1,3.6,2.4
hh_with_children,fourth_quintile,1985,2.2,2.2,0.8,4.3,2.5
hh_with_children,fourth_quintile,1986,2.2,2.1,0.8,3.7,2.7
hh_with_children,fourth_quintile,1987,2.3,2.8,0.7,3.5,2.5
hh_with_children,fourth_quintile,1988,2.3,3.0,0.7,2.8,2.4
hh_with_children,fourth_quintile,1989,2.5,3.1,0.9,3.7,2.3
hh_with_children,fourth_quintile,1990,2.2,2.8,0.7,4.4,1.8
hh_with_children,fourth_quintile,1991,2.5,3.0,1.1,4.6,2.2
hh_with_children,fourth_quintile,1992,3.0,3.6,1.7,3.4,3.0
hh_with_children,fourth_quintile,1993,2.6,3.0,1.5,3.9,2.1
hh_with_children,fourth_quintile,1994,3.2,4.2,1.7,3.6,2.5
hh_with_children,fourth_quintile,1995,3.3,4.2,1.7,2.9,3.1
hh_with_children,fourth_quintile,1996,3.0,3.7,1.2,3.8,2.6
hh_with_children,fourth_quintile,1997,3.5,4.3,1.0,5.4,2.4
hh_with_children,fourth_quintile,1998,3.2,3.9,1.0,3.4,2.6
hh_with_children,fourth_quintile,1999,3.7,4.6,1.0,3.5,2.8
hh_with_children,fourth_quintile,2000,4.2,4.9,1.3,3.6,3.4
hh_with_children,fourth_quintile,2001,3.9,4.7,0.8,3.5,2.9
hh_with_children,fourth_quintile,2002,4.3,5.0,1.2,4.1,3.6
hh_with_children,fourth_quintile,2003,4.5,5.3,0.8,5.1,3.4
hh_with_children,fourth_quintile,2004,4.9,5.6,1.4,5.4,3.7
hh_with_children,fourth_quintile,2005,4.6,5.5,1.1,5.1,3.1
hh_with_children,fourth_quintile,2006,4.7,5.5,1.1,4.8,3.9
hh_with_children,fourth_quintile,2007,4.7,5.6,1.1,4.6,4.0
hh_with_children,fourth_quintile,2008,4.9,5.7,1.2,5.0,3.9
hh_with_children,fourth_quintile,2009,5.0,6.1,1.5,5.2,4.0
hh_with_children,fourth_quintile,2010,5.1,6.1,2.3,5.9,3.8
hh_with_children,fourth_quintile,2011,4.5,5.6,1.5,4.4,3.7
hh_with_children,fourth_quintile,2012,4.6,5.6,1.5,4.1,4.4
hh_with_children,fourth_quintile,2013,4.7,5.6,2.0,4.4,4.5
hh_with_children,fourth_quintile,2014,5.5,6.3,2.2,4.6,4.7
hh_with_children,fourth_quintile,2015,5.8,6.5,2.4,4.1,5.6
hh_with_children,highest_quintile,1979,1.8,1.8,0.8,1.8,2.2
hh_with_children,highest_quintile,1980,1.5,1.5,0.6,1.6,2.1
hh_with_children,highest_quintile,1981,1.4,1.5,0.5,2.0,1.7
hh_with_children,highest_quintile,1982,1.3,2.0,0.3,1.8,1.4
hh_with_children,highest_quintile,1983,1.1,1.0,0.4,1.0,1.5
hh_with_children,highest_quintile,1984,1.4,1.4,0.8,2.6,1.6
hh_with_children,highest_quintile,1985,1.4,1.4,0.6,2.6,1.6
hh_with_children,highest_quintile,1986,1.3,1.2,0.5,1.8,1.6
hh_with_children,highest_quintile,1987,1.1,1.0,0.5,1.2,1.4
hh_with_children,highest_quintile,1988,1.4,1.6,0.9,1.9,1.3
hh_with_children,highest_quintile,1989,1.6,1.8,0.5,3.2,1.5
hh_with_children,highest_quintile,1990,1.4,1.7,0.5,2.3,1.3
hh_with_children,highest_quintile,1991,1.8,1.8,0.9,2.1,2.0
hh_with_children,highest_quintile,1992,1.8,2.0,0.9,2.7,1.6
hh_with_children,highest_quintile,1993,1.6,1.8,0.5,3.0,1.4
hh_with_children,highest_quintile,1994,1.9,2.6,0.6,2.6,1.6
hh_with_children,highest_quintile,1995,2.1,2.7,0.7,2.6,1.8
hh_with_children,highest_quintile,1996,1.5,2.0,0.5,1.8,1.3
hh_with_children,highest_quintile,1997,1.5,1.8,0.4,1.9,1.4
hh_with_children,highest_quintile,1998,1.6,1.9,0.4,1.7,1.5
hh_with_children,highest_quintile,1999,2.1,2.3,0.4,3.1,1.8
hh_with_children,highest_quintile,2000,2.2,2.5,0.6,2.2,2.3
hh_with_children,highest_quintile,2001,2.4,2.7,0.4,2.7,2.4
hh_with_children,highest_quintile,2002,2.3,2.7,0.5,2.5,2.1
hh_with_children,highest_quintile,2003,2.3,2.6,0.5,2.1,2.0
hh_with_children,highest_quintile,2004,2.6,2.9,0.6,3.6,2.5
hh_with_children,highest_quintile,2005,2.4,2.7,0.4,2.8,2.5
hh_with_children,highest_quintile,2006,2.6,2.9,0.4,3.0,2.8
hh_with_children,highest_quintile,2007,2.6,3.0,0.4,2.8,2.6
hh_with_children,highest_quintile,2008,2.8,3.2,0.6,3.7,2.6
hh_with_children,highest_quintile,2009,2.6,3.1,0.7,2.7,2.7
hh_with_children,highest_quintile,2010,2.7,3.0,1.1,3.6,2.8
hh_with_children,highest_quintile,2011,2.5,3.1,0.5,2.3,2.4
hh_with_children,highest_quintile,2012,2.2,2.8,0.4,1.6,2.2
hh_with_children,highest_quintile,2013,2.0,2.4,0.5,1.7,2.1
hh_with_children,highest_quintile,2014,2.6,2.9,0.8,1.8,2.8
hh_with_children,highest_quintile,2015,3.1,3.4,1.2,3.0,3.1
hh_with_children,percentiles_81_90,1979,1.0,1.1,0.4,1.4,1.2
hh_with_children,percentiles_81_90,1980,0.8,0.8,0.2,0.8,1.2
hh_with_children,percentiles_81_90,1981,0.8,0.9,0.3,1.6,0.8
hh_with_children,percentiles_81_90,1982,0.7,1.0,0.2,0.8,0.8
hh_with_children,percentiles_81_90,1983,0.5,0.4,0.1,0.4,0.7
hh_with_children,percentiles_81_90,1984,0.8,0.8,0.2,1.7,0.8
hh_with_children,percentiles_81_90,1985,0.7,0.7,0.2,1.5,0.8
hh_with_children,percentiles_81_90,1986,0.6,0.7,0.1,0.7,0.8
hh_with_children,percentiles_81_90,1987,0.5,0.4,0.2,0.6,0.7
hh_with_children,percentiles_81_90,1988,0.7,0.9,0.4,1.5,0.6
hh_with_children,percentiles_81_90,1989,0.8,1.0,0.2,1.4,0.8
hh_with_children,percentiles_81_90,1990,0.7,0.9,0.2,1.2,0.7
hh_with_children,percentiles_81_90,1991,0.9,1.0,0.5,1.2,1.0
hh_with_children,percentiles_81_90,1992,1.1,1.3,0.6,1.8,1.0
hh_with_children,percentiles_81_90,1993,0.9,1.1,0.2,1.9,0.7
hh_with_children,percentiles_81_90,1994,1.0,1.3,0.4,1.4,0.9
hh_with_children,percentiles_81_90,1995,1.0,1.2,0.3,1.2,1.0
hh_with_children,percentiles_81_90,1996,0.9,1.1,0.3,1.3,0.7
hh_with_children,percentiles_81_90,1997,0.9,1.1,0.2,1.3,0.6
hh_with_children,percentiles_81_90,1998,0.8,1.0,0.2,0.7,0.8
hh_with_children,percentiles_81_90,1999,1.2,1.3,0.2,2.0,1.1
hh_with_children,percentiles_81_90,2000,1.5,1.7,0.4,1.6,1.3
hh_with_children,percentiles_81_90,2001,1.4,1.6,0.3,1.4,1.2
hh_with_children,percentiles_81_90,2002,1.3,1.5,0.2,1.3,1.0
hh_with_children,percentiles_81_90,2003,1.2,1.4,0.2,1.1,1.1
hh_with_children,percentiles_81_90,2004,1.6,1.7,0.4,2.8,1.3
hh_with_children,percentiles_81_90,2005,1.3,1.4,0.2,1.5,1.3
hh_with_children,percentiles_81_90,2006,1.5,1.6,0.2,1.9,1.4
hh_with_children,percentiles_81_90,2007,1.4,1.6,0.2,1.5,1.3
hh_with_children,percentiles_81_90,2008,1.5,1.7,0.3,2.3,1.2
hh_with_children,percentiles_81_90,2009,1.5,1.8,0.3,1.8,1.3
hh_with_children,percentiles_81_90,2010,1.6,1.8,0.6,2.1,1.6
hh_with_children,percentiles_81_90,2011,1.3,1.7,0.3,1.4,1.3
hh_with_children,percentiles_81_90,2012,1.2,1.5,0.2,0.8,1.1
hh_with_children,percentiles_81_90,2013,1.1,1.3,0.3,1.2,1.1
hh_with_children,percentiles_81_90,2014,1.4,1.6,0.5,1.0,1.6
hh_with_children,percentiles_81_90,2015,1.6,1.8,0.5,1.2,1.5
hh_with_children,percentiles_91_95,1979,0.3,0.3,0.1,0.2,0.4
hh_with_children,percentiles_91_95,1980,0.3,0.3,0.1,0.6,0.4
hh_with_children,percentiles_91_95,1981,0.2,0.2,0.1,0.2,0.3
hh_with_children,percentiles_91_95,1982,0.3,0.5,0.1,0.6,0.3
hh_with_children,percentiles_91_95,1983,0.2,0.2,0.1,0.3,0.3
hh_with_children,percentiles_91_95,1984,0.3,0.2,0.2,0.7,0.3
hh_with_children,percentiles_91_95,1985,0.3,0.2,0.1,0.5,0.3
hh_with_children,percentiles_91_95,1986,0.2,0.1,0.1,0.1,0.3
hh_with_children,percentiles_91_95,1987,0.2,0.2,,0.2,0.3
hh_with_children,percentiles_91_95,1988,0.3,0.3,0.2,0.3,0.3
hh_with_children,percentiles_91_95,1989,0.3,0.4,0.1,0.9,0.3
hh_with_children,percentiles_91_95,1990,0.3,0.3,0.1,0.7,0.2
hh_with_children,percentiles_91_95,1991,0.3,0.3,0.1,0.2,0.5
hh_with_children,percentiles_91_95,1992,0.3,0.4,0.2,0.5,0.3
hh_with_children,percentiles_91_95,1993,0.3,0.3,0.1,0.6,0.3
hh_with_children,percentiles_91_95,1994,0.4,0.7,0.1,0.5,0.3
hh_with_children,percentiles_91_95,1995,0.5,0.7,0.1,0.7,0.3
hh_with_children,percentiles_91_95,1996,0.3,0.4,0.1,0.3,0.3
hh_with_children,percentiles_91_95,1997,0.3,0.4,0.1,0.4,0.3
hh_with_children,percentiles_91_95,1998,0.3,0.4,0.1,0.2,0.3
hh_with_children,percentiles_91_95,1999,0.5,0.6,0.1,0.7,0.4
hh_with_children,percentiles_91_95,2000,0.4,0.5,0.1,0.4,0.5
hh_with_children,percentiles_91_95,2001,0.5,0.5,0.1,0.5,0.7
hh_with_children,percentiles_91_95,2002,0.5,0.6,0.1,0.6,0.5
hh_with_children,percentiles_91_95,2003,0.5,0.6,,0.6,0.4
hh_with_children,percentiles_91_95,2004,0.6,0.6,0.1,0.6,0.6
hh_with_children,percentiles_91_95,2005,0.6,0.7,,0.5,0.6
hh_with_children,percentiles_91_95,2006,0.5,0.6,0.1,0.5,0.7
hh_with_children,percentiles_91_95,2007,0.6,0.7,0.1,0.6,0.6
hh_with_children,percentiles_91_95,2008,0.7,0.8,0.1,0.7,0.6
hh_with_children,percentiles_91_95,2009,0.6,0.7,0.2,0.6,0.6
hh_with_children,percentiles_91_95,2010,0.5,0.6,0.2,0.6,0.6
hh_with_children,percentiles_91_95,2011,0.5,0.6,0.1,0.3,0.6
hh_with_children,percentiles_91_95,2012,0.5,0.6,0.1,0.4,0.5
hh_with_children,percentiles_91_95,2013,0.4,0.5,0.1,0.3,0.5
hh_with_children,percentiles_91_95,2014,0.5,0.6,0.1,0.4,0.5
hh_with_children,percentiles_91_95,2015,0.7,0.8,0.4,0.8,0.8
hh_with_children,percentiles_96_99,1979,0.3,0.2,0.2,0.1,0.4
hh_with_children,percentiles_96_99,1980,0.2,0.2,0.1,0.1,0.3
hh_with_children,percentiles_96_99,1981,0.3,0.3,0.1,0.1,0.4
hh_with_children,percentiles_96_99,1982,0.2,0.3,,0.3,0.2
hh_with_children,percentiles_96_99,1983,0.3,0.3,0.2,0.2,0.3
hh_with_children,percentiles_96_99,1984,0.2,0.2,0.2,0.1,0.3
hh_with_children,percentiles_96_99,1985,0.3,0.3,0.2,0.4,0.3
hh_with_children,percentiles_96_99,1986,0.3,0.3,0.1,0.3,0.3
hh_with_children,percentiles_96_99,1987,0.3,0.2,0.2,0.4,0.3
hh_with_children,percentiles_96_99,1988,0.3,0.3,0.2,0.1,0.3
hh_with_children,percentiles_96_99,1989,0.2,0.2,0.1,0.3,0.3
hh_with_children,percentiles_96_99,1990,0.3,0.4,0.1,0.3,0.3
hh_with_children,percentiles_96_99,1991,0.4,0.3,0.2,0.5,0.5
hh_with_children,percentiles_96_99,1992,0.3,0.3,0.1,0.3,0.3
hh_with_children,percentiles_96_99,1993,0.3,0.3,0.1,0.4,0.3
hh_with_children,percentiles_96_99,1994,0.4,0.5,0.1,0.6,0.3
hh_with_children,percentiles_96_99,1995,0.4,0.5,0.1,0.4,0.3
hh_with_children,percentiles_96_99,1996,0.3,0.3,0.1,0.1,0.2
hh_with_children,percentiles_96_99,1997,0.3,0.3,0.1,0.2,0.4
hh_with_children,percentiles_96_99,1998,0.4,0.4,0.1,0.7,0.3
hh_with_children,percentiles_96_99,1999,0.3,0.3,,0.2,0.3
hh_with_children,percentiles_96_99,2000,0.3,0.3,0.1,0.1,0.4
hh_with_children,percentiles_96_99,2001,0.4,0.5,0.1,0.4,0.4
hh_with_children,percentiles_96_99,2002,0.4,0.4,0.2,0.5,0.3
hh_with_children,percentiles_96_99,2003,0.4,0.5,0.1,0.3,0.4
hh_with_children,percentiles_96_99,2004,0.3,0.4,0.1,0.2,0.4
hh_with_children,percentiles_96_99,2005,0.4,0.5,0.1,0.7,0.5
hh_with_children,percentiles_96_99,2006,0.5,0.5,0.1,0.4,0.6
hh_with_children,percentiles_96_99,2007,0.5,0.5,0.1,0.5,0.6
hh_with_children,percentiles_96_99,2008,0.5,0.5,0.1,0.5,0.5
hh_with_children,percentiles_96_99,2009,0.4,0.5,0.1,0.2,0.6
hh_with_children,percentiles_96_99,2010,0.4,0.4,0.2,0.5,0.5
hh_with_children,percentiles_96_99,2011,0.5,0.6,0.1,0.4,0.4
hh_with_children,percentiles_96_99,2012,0.4,0.5,0.1,0.3,0.4
hh_with_children,percentiles_96_99,2013,0.3,0.4,0.1,0.2,0.4
hh_with_children,percentiles_96_99,2014,0.5,0.5,0.1,0.3,0.5
hh_with_children,percentiles_96_99,2015,0.6,0.6,0.2,0.8,0.6
hh_with_children,top_1_percent,1979,0.1,0.1,0.1,0.1,0.2
hh_with_children,top_1_percent,1980,0.1,0.1,0.1,0.1,0.1
hh_with_children,top_1_percent,1981,0.1,0.2,0.1,0.2,0.2
hh_with_children,top_1_percent,1982,0.1,0.2,,,0.1
hh_with_children,top_1_percent,1983,0.2,0.2,0.1,0.1,0.2
hh_with_children,top_1_percent,1984,0.1,0.2,0.1,0.1,0.1
hh_with_children,top_1_percent,1985,0.2,0.2,0.1,0.2,0.2
hh_with_children,top_1_percent,1986,0.2,0.2,0.1,0.6,0.2
hh_with_children,top_1_percent,1987,0.1,0.2,0.1,0.1,0.1
hh_with_children,top_1_percent,1988,0.1,0.1,0.1,,0.1
hh_with_children,top_1_percent,1989,0.2,0.2,0.1,0.5,0.1
hh_with_children,top_1_percent,1990,0.1,0.1,0.1,0.1,0.1
hh_with_children,top_1_percent,1991,0.2,0.2,0.1,0.2,0.1
hh_with_children,top_1_percent,1992,0.1,0.1,,0.1,0.1
hh_with_children,top_1_percent,1993,0.1,0.1,0.1,0.1,0.1
hh_with_children,top_1_percent,1994,0.1,0.1,0.1,0.1,0.1
hh_with_children,top_1_percent,1995,0.2,0.3,0.1,0.2,0.1
hh_with_children,top_1_percent,1996,0.1,0.1,0.1,,0.1
hh_with_children,top_1_percent,1997,,0.1,,,0.1
hh_with_children,top_1_percent,1998,0.1,0.2,,0.1,0.1
hh_with_children,top_1_percent,1999,0.1,0.2,,0.3,0.1
hh_with_children,top_1_percent,2000,0.1,0.1,,,0.1
hh_with_children,top_1_percent,2001,0.2,0.2,,0.3,0.1
hh_with_children,top_1_percent,2002,0.2,0.2,0.1,0.1,0.3
hh_with_children,top_1_percent,2003,0.1,0.1,0.1,0.1,0.1
hh_with_children,top_1_percent,2004,0.1,0.1,0.1,0.1,0.1
hh_with_children,top_1_percent,2005,0.1,0.1,0.1,0.1,0.1
hh_with_children,top_1_percent,2006,0.1,0.1,,0.2,0.2
hh_with_children,top_1_percent,2007,0.1,0.1,,0.1,0.1
hh_with_children,top_1_percent,2008,0.2,0.2,0.1,0.2,0.3
hh_with_children,top_1_percent,2009,0.2,0.2,0.1,0.2,0.2
hh_with_children,top_1_percent,2010,0.2,0.2,0.1,0.4,0.1
hh_with_children,top_1_percent,2011,0.2,0.2,,0.2,0.2
hh_with_children,top_1_percent,2012,0.1,0.2,,0.2,0.1
hh_with_children,top_1_percent,2013,0.1,0.2,,,0.1
hh_with_children,top_1_percent,2014,0.2,0.2,0.1,0.1,0.2
hh_with_children,top_1_percent,2015,0.2,0.2,0.1,0.2,0.2
elderly_headed_hh,all_quintiles,1979,100.0,100.0,100.0,100.0,100.0
elderly_headed_hh,all_quintiles,1980,100.0,100.0,100.0,100.0,100.0
elderly_headed_hh,all_quintiles,1981,100.0,100.0,100.0,100.0,100.0
elderly_headed_hh,all_quintiles,1982,100.0,100.0,100.0,100.0,100.0
elderly_headed_hh,all_quintiles,1983,100.0,100.0,100.0,100.0,100.0
elderly_headed_hh,all_quintiles,1984,100.0,100.0,100.0,100.0,100.0
elderly_headed_hh,all_quintiles,1985,100.0,100.0,100.0,100.0,100.0
elderly_headed_hh,all_quintiles,1986,100.0,100.0,100.0,100.0,100.0
elderly_headed_hh,all_quintiles,1987,100.0,100.0,100.0,100.0,100.0
elderly_headed_hh,all_quintiles,1988,100.0,100.0,100.0,100.0,100.0
elderly_headed_hh,all_quintiles,1989,100.0,100.0,100.0,100.0,100.0
elderly_headed_hh,all_quintiles,1990,100.0,100.0,100.0,100.0,100.0
elderly_headed_hh,all_quintiles,1991,100.0,100.0,100.0,100.0,100.0
elderly_headed_hh,all_quintiles,1992,100.0,100.0,100.0,100.0,100.0
elderly_headed_hh,all_quintiles,1993,100.0,100.0,100.0,100.0,100.0
elderly_headed_hh,all_quintiles,1994,100.0,100.0,100.0,100.0,100.0
elderly_headed_hh,all_quintiles,1995,100.0,100.0,100.0,100.0,100.0
elderly_headed_hh,all_quintiles,1996,100.0,100.0,100.0,100.0,100.0
elderly_headed_hh,all_quintiles,1997,100.0,100.0,100.0,100.0,100.0
elderly_headed_hh,all_quintiles,1998,100.0,100.0,100.0,100.0,100.0
elderly_headed_hh,all_quintiles,1999,100.0,100.0,100.0,100.0,100.0
elderly_headed_hh,all_quintiles,2000,100.0,100.0,100.0,100.0,100.0
elderly_headed_hh,all_quintiles,2001,100.0,100.0,100.0,100.0,100.0
elderly_headed_hh,all_quintiles,2002,100.0,100.0,100.0,100.0,100.0
elderly_headed_hh,all_quintiles,2003,100.0,100.0,100.0,100.0,100.0
elderly_headed_hh,all_quintiles,2004,100.0,100.0,100.0,100.0,100.0
elderly_headed_hh,all_quintiles,2005,100.0,100.0,100.0,100.0,100.0
elderly_headed_hh,all_quintiles,2006,100.0,100.0,100.0,100.0,100.0
elderly_headed_hh,all_quintiles,2007,100.0,100.0,100.0,100.0,100.0
elderly_headed_hh,all_quintiles,2008,100.0,100.0,100.0,100.0,100.0
elderly_headed_hh,all_quintiles,2009,100.0,100.0,100.0,100.0,100.0
elderly_headed_hh,all_quintiles,2010,100.0,100.0,100.0,100.0,100.0
elderly_headed_hh,all_quintiles,2011,100.0,100.0,100.0,100.0,100.0
elderly_headed_hh,all_quintiles,2012,100.0,100.0,100.0,100.0,100.0
elderly_headed_hh,all_quintiles,2013,100.0,100.0,100.0,100.0,100.0
elderly_headed_hh,all_quintiles,2014,100.0,100.0,100.0,100.0,100.0
elderly_headed_hh,all_quintiles,2015,100.0,100.0,100.0,100.0,100.0
elderly_headed_hh,lowest_quintile,1979,77.6,74.3,87.6,74.5,82.4
elderly_headed_hh,lowest_quintile,1980,79.1,75.8,85.4,80.0,80.6
elderly_headed_hh,lowest_quintile,1981,76.4,75.0,84.2,74.0,76.6
elderly_headed_hh,lowest_quintile,1982,69.0,67.7,78.9,70.2,65.3
elderly_headed_hh,lowest_quintile,1983,65.7,67.2,72.9,66.4,57.0
elderly_headed_hh,lowest_quintile,1984,72.1,74.7,78.5,71.6,63.8
elderly_headed_hh,lowest_quintile,1985,72.0,75.2,78.7,69.7,64.5
elderly_headed_hh,lowest_quintile,1986,66.7,66.8,77.8,66.2,63.4
elderly_headed_hh,lowest_quintile,1987,65.1,64.1,77.0,64.3,64.5
elderly_headed_hh,lowest_quintile,1988,66.9,68.4,77.7,65.5,62.0
elderly_headed_hh,lowest_quintile,1989,70.4,72.0,80.6,69.9,63.5
elderly_headed_hh,lowest_quintile,1990,67.3,67.2,72.8,68.4,64.6
elderly_headed_hh,lowest_quintile,1991,63.5,63.3,69.5,60.4,65.3
elderly_headed_hh,lowest_quintile,1992,59.0,58.8,64.4,58.3,57.4
elderly_headed_hh,lowest_quintile,1993,54.0,51.0,61.0,57.5,55.3
elderly_headed_hh,lowest_quintile,1994,53.1,48.6,64.3,57.8,58.4
elderly_headed_hh,lowest_quintile,1995,52.0,46.3,67.4,59.4,57.9
elderly_headed_hh,lowest_quintile,1996,48.7,42.9,60.6,58.3,53.6
elderly_headed_hh,lowest_quintile,1997,49.2,42.6,65.0,56.4,65.7
elderly_headed_hh,lowest_quintile,1998,51.1,44.5,70.9,60.9,66.8
elderly_headed_hh,lowest_quintile,1999,53.4,48.4,71.5,58.2,71.8
elderly_headed_hh,lowest_quintile,2000,50.4,45.4,67.6,58.1,65.1
elderly_headed_hh,lowest_quintile,2001,50.8,45.4,67.8,60.5,66.3
elderly_headed_hh,lowest_quintile,2002,46.5,41.9,60.8,55.7,61.0
elderly_headed_hh,lowest_quintile,2003,44.5,39.8,60.3,54.5,61.0
elderly_headed_hh,lowest_quintile,2004,42.6,37.8,59.5,53.5,64.9
elderly_headed_hh,lowest_quintile,2005,43.4,38.3,58.5,54.4,64.2
elderly_headed_hh,lowest_quintile,2006,37.4,31.9,59.8,47.6,43.1
elderly_headed_hh,lowest_quintile,2007,35.8,30.2,55.1,43.5,43.2
elderly_headed_hh,lowest_quintile,2008,38.1,33.5,56.2,44.5,43.5
elderly_headed_hh,lowest_quintile,2009,31.2,27.2,43.3,39.5,33.7
elderly_headed_hh,lowest_quintile,2010,30.3,27.1,37.8,39.5,31.4
elderly_headed_hh,lowest_quintile,2011,32.8,28.9,42.3,40.2,34.8
elderly_headed_hh,lowest_quintile,2012,32.7,29.1,44.2,38.5,33.6
elderly_headed_hh,lowest_quintile,2013,32.8,29.5,42.9,41.8,31.4
elderly_headed_hh,lowest_quintile,2014,35.3,32.6,44.7,44.6,33.8
elderly_headed_hh,lowest_quintile,2015,35.8,32.1,45.6,45.4,37.0
elderly_headed_hh,second_quintile,1979,13.1,14.3,9.4,13.4,12.5
elderly_headed_hh,second_quintile,1980,11.8,12.2,10.3,8.8,16.0
elderly_headed_hh,second_quintile,1981,14.7,14.3,12.1,13.8,18.5
elderly_headed_hh,second_quintile,1982,20.6,19.5,16.3,20.6,25.5
elderly_headed_hh,second_quintile,1983,23.9,22.2,22.1,20.1,34.2
elderly_headed_hh,second_quintile,1984,18.8,15.5,18.3,18.3,27.3
elderly_headed_hh,second_quintile,1985,17.7,15.2,16.7,15.1,26.8
elderly_headed_hh,second_quintile,1986,21.5,19.3,19.1,19.3,29.6
elderly_headed_hh,second_quintile,1987,24.8,24.2,17.7,23.5,29.3
elderly_headed_hh,second_quintile,1988,21.6,20.9,17.9,21.1,24.7
elderly_headed_hh,second_quintile,1989,19.5,17.9,15.9,17.3,27.4
elderly_headed_hh,second_quintile,1990,22.2,22.2,23.6,20.9,22.9
elderly_headed_hh,second_quintile,1991,24.6,24.2,25.0,25.4,24.7
elderly_headed_hh,second_quintile,1992,28.4,27.8,29.3,25.8,34.1
elderly_headed_hh,second_quintile,1993,31.2,30.6,32.6,28.1,37.1
elderly_headed_hh,second_quintile,1994,30.2,30.4,29.5,28.6,32.5
elderly_headed_hh,second_quintile,1995,28.0,28.9,23.7,25.0,31.5
elderly_headed_hh,second_quintile,1996,27.2,26.7,28.6,23.8,34.7
elderly_headed_hh,second_quintile,1997,26.3,27.0,25.3,24.7,25.6
elderly_headed_hh,second_quintile,1998,25.3,27.4,19.9,20.0,23.8
elderly_headed_hh,second_quintile,1999,25.4,26.9,20.4,24.0,20.1
elderly_headed_hh,second_quintile,2000,24.9,25.7,22.8,23.2,23.6
elderly_headed_hh,second_quintile,2001,25.5,26.7,22.0,22.5,22.9
elderly_headed_hh,second_quintile,2002,27.5,28.1,26.7,24.8,27.1
elderly_headed_hh,second_quintile,2003,29.7,30.2,31.8,27.6,28.1
elderly_headed_hh,second_quintile,2004,30.2,31.5,32.4,25.4,23.8
elderly_headed_hh,second_quintile,2005,27.8,28.6,30.3,23.7,24.9
elderly_headed_hh,second_quintile,2006,29.7,29.7,28.0,25.7,33.0
elderly_headed_hh,second_quintile,2007,26.5,26.5,26.6,24.9,27.4
elderly_headed_hh,second_quintile,2008,31.1,31.3,31.6,26.7,33.1
elderly_headed_hh,second_quintile,2009,34.9,33.6,37.9,33.7,38.8
elderly_headed_hh,second_quintile,2010,33.4,30.7,40.6,31.8,39.6
elderly_headed_hh,second_quintile,2011,35.4,33.8,42.6,30.1,39.2
elderly_headed_hh,second_quintile,2012,36.8,35.6,40.2,32.0,41.9
elderly_headed_hh,second_quintile,2013,36.1,34.6,39.3,30.3,41.6
elderly_headed_hh,second_quintile,2014,33.9,32.3,38.0,28.3,39.6
elderly_headed_hh,second_quintile,2015,32.5,31.0,36.0,28.7,37.0
elderly_headed_hh,middle_quintile,1979,4.6,5.4,1.9,5.2,3.5
elderly_headed_hh,middle_quintile,1980,3.8,5.0,2.2,4.1,1.9
elderly_headed_hh,middle_quintile,1981,4.5,5.1,2.8,5.5,3.0
elderly_headed_hh,middle_quintile,1982,5.2,5.6,3.7,4.1,6.4
elderly_headed_hh,middle_quintile,1983,5.9,6.1,3.8,6.7,5.3
elderly_headed_hh,middle_quintile,1984,5.0,4.9,1.7,5.6,6.0
elderly_headed_hh,middle_quintile,1985,6.0,5.9,3.2,7.4,5.8
elderly_headed_hh,middle_quintile,1986,7.3,8.4,1.2,8.6,5.5
elderly_headed_hh,middle_quintile,1987,6.4,7.5,3.1,7.6,3.7
elderly_headed_hh,middle_quintile,1988,6.2,6.4,3.1,8.6,4.3
elderly_headed_hh,middle_quintile,1989,5.1,5.7,2.4,5.3,4.5
elderly_headed_hh,middle_quintile,1990,5.9,6.1,2.8,6.1,6.5
elderly_headed_hh,middle_quintile,1991,8.0,8.3,4.6,9.3,6.9
elderly_headed_hh,middle_quintile,1992,6.4,6.3,3.7,7.9,5.7
elderly_headed_hh,middle_quintile,1993,7.9,9.5,4.3,7.5,5.1
elderly_headed_hh,middle_quintile,1994,9.1,10.9,4.2,7.7,6.7
elderly_headed_hh,middle_quintile,1995,10.2,12.5,5.8,7.4,6.7
elderly_headed_hh,middle_quintile,1996,12.2,14.2,7.5,11.0,7.1
elderly_headed_hh,middle_quintile,1997,11.5,13.8,5.9,9.5,5.5
elderly_headed_hh,middle_quintile,1998,10.6,12.4,4.4,8.8,4.9
elderly_headed_hh,middle_quintile,1999,9.8,11.1,5.2,8.7,4.7
elderly_headed_hh,middle_quintile,2000,11.4,13.1,6.2,8.5,7.6
elderly_headed_hh,middle_quintile,2001,12.5,14.0,8.6,10.0,7.0
elderly_headed_hh,middle_quintile,2002,12.4,13.7,8.8,9.1,9.1
elderly_headed_hh,middle_quintile,2003,13.3,15.0,5.3,10.1,8.1
elderly_headed_hh,middle_quintile,2004,13.8,15.5,5.9,10.7,7.0
elderly_headed_hh,middle_quintile,2005,14.6,16.4,7.9,11.2,6.7
elderly_headed_hh,middle_quintile,2006,16.5,18.8,8.3,13.6,12.8
elderly_headed_hh,middle_quintile,2007,16.8,18.8,10.9,13.6,14.4
elderly_headed_hh,middle_quintile,2008,16.5,18.2,9.5,15.3,13.5
elderly_headed_hh,middle_quintile,2009,18.1,20.2,12.5,14.9,15.2
elderly_headed_hh,middle_quintile,2010,19.3,21.2,15.1,16.4,17.1
elderly_headed_hh,middle_quintile,2011,17.5,19.8,10.4,14.6,16.3
elderly_headed_hh,middle_quintile,2012,16.7,18.2,11.7,17.1,14.7
elderly_headed_hh,middle_quintile,2013,16.7,18.2,12.6,14.7,16.0
elderly_headed_hh,middle_quintile,2014,15.7,17.3,10.6,14.0,14.1
elderly_headed_hh,middle_quintile,2015,16.3,18.4,10.9,13.5,14.4
elderly_headed_hh,fourth_quintile,1979,2.7,2.9,0.5,4.5,1.0
elderly_headed_hh,fourth_quintile,1980,3.4,4.4,1.4,4.7,1.0
elderly_headed_hh,fourth_quintile,1981,2.8,3.2,0.7,4.7,0.9
elderly_headed_hh,fourth_quintile,1982,2.9,4.2,0.3,2.1,1.9
elderly_headed_hh,fourth_quintile,1983,2.8,2.9,0.9,3.9,2.3
elderly_headed_hh,fourth_quintile,1984,2.5,3.3,0.5,2.7,1.5
elderly_headed_hh,fourth_quintile,1985,2.8,2.4,0.6,5.5,1.6
elderly_headed_hh,fourth_quintile,1986,2.7,3.6,1.4,3.3,0.6
elderly_headed_hh,fourth_quintile,1987,2.3,2.7,1.5,2.3,1.5
elderly_headed_hh,fourth_quintile,1988,3.3,3.1,0.9,3.4,4.3
elderly_headed_hh,fourth_quintile,1989,3.3,3.4,0.7,5.3,1.9
elderly_headed_hh,fourth_quintile,1990,2.6,2.9,0.5,2.7,2.4
elderly_headed_hh,fourth_quintile,1991,2.2,2.4,0.8,3.0,1.1
elderly_headed_hh,fourth_quintile,1992,3.9,4.5,1.6,4.6,1.8
elderly_headed_hh,fourth_quintile,1993,4.4,5.6,1.4,4.6,1.7
elderly_headed_hh,fourth_quintile,1994,4.5,5.9,1.6,3.7,1.4
elderly_headed_hh,fourth_quintile,1995,5.8,7.3,1.8,4.9,2.5
elderly_headed_hh,fourth_quintile,1996,6.3,8.6,1.9,3.3,2.6
elderly_headed_hh,fourth_quintile,1997,7.4,9.2,2.2,5.8,2.4
elderly_headed_hh,fourth_quintile,1998,7.2,8.7,3.4,5.9,1.5
elderly_headed_hh,fourth_quintile,1999,6.2,7.6,1.6,4.6,1.3
elderly_headed_hh,fourth_quintile,2000,7.0,8.3,2.0,5.8,2.4
elderly_headed_hh,fourth_quintile,2001,7.1,8.7,1.1,4.4,3.1
elderly_headed_hh,fourth_quintile,2002,8.4,10.1,2.0,6.4,1.7
elderly_headed_hh,fourth_quintile,2003,7.5,9.1,1.0,4.5,2.4
elderly_headed_hh,fourth_quintile,2004,8.1,9.2,1.4,6.9,3.3
elderly_headed_hh,fourth_quintile,2005,9.0,10.6,2.1,6.6,3.1
elderly_headed_hh,fourth_quintile,2006,9.5,11.1,2.9,7.9,6.5
elderly_headed_hh,fourth_quintile,2007,12.5,14.5,5.3,10.8,9.1
elderly_headed_hh,fourth_quintile,2008,8.5,9.7,1.6,9.2,5.9
elderly_headed_hh,fourth_quintile,2009,9.2,11.0,3.9,6.2,7.7
elderly_headed_hh,fourth_quintile,2010,10.5,13.0,3.9,7.9,7.4
elderly_headed_hh,fourth_quintile,2011,9.8,11.7,3.3,11.2,6.8
elderly_headed_hh,fourth_quintile,2012,8.4,10.5,2.4,7.1,6.0
elderly_headed_hh,fourth_quintile,2013,9.3,11.3,3.7,7.9,7.7
elderly_headed_hh,fourth_quintile,2014,9.4,10.7,4.1,8.6,8.5
elderly_headed_hh,fourth_quintile,2015,9.6,11.3,5.2,8.5,7.2
elderly_headed_hh,highest_quintile,1979,1.9,3.0,0.5,2.1,0.6
elderly_headed_hh,highest_quintile,1980,1.7,2.5,0.1,2.3,0.4
elderly_headed_hh,highest_quintile,1981,1.7,2.3,0.2,2.0,1.0
elderly_headed_hh,highest_quintile,1982,2.1,2.8,0.6,2.5,0.9
elderly_headed_hh,highest_quintile,1983,1.6,1.5,0.1,2.9,1.1
elderly_headed_hh,highest_quintile,1984,1.5,1.6,0.5,1.8,1.4
elderly_headed_hh,highest_quintile,1985,1.4,1.3,0.7,2.0,1.3
elderly_headed_hh,highest_quintile,1986,1.7,1.9,0.4,2.7,0.9
elderly_headed_hh,highest_quintile,1987,1.4,1.4,0.8,1.8,1.0
elderly_headed_hh,highest_quintile,1988,1.9,1.1,0.1,1.3,4.7
elderly_headed_hh,highest_quintile,1989,1.5,1.0,0.3,2.1,2.4
elderly_headed_hh,highest_quintile,1990,1.9,1.5,0.1,1.9,3.6
elderly_headed_hh,highest_quintile,1991,1.7,1.8,0.1,1.8,1.9
elderly_headed_hh,highest_quintile,1992,2.0,2.3,0.3,2.7,1.0
elderly_headed_hh,highest_quintile,1993,2.3,3.2,0.4,2.2,0.7
elderly_headed_hh,highest_quintile,1994,3.0,4.2,0.3,2.2,0.9
elderly_headed_hh,highest_quintile,1995,3.9,5.0,1.1,3.2,1.3
elderly_headed_hh,highest_quintile,1996,5.2,7.1,1.2,3.2,1.5
elderly_headed_hh,highest_quintile,1997,5.4,7.2,1.1,3.4,0.7
elderly_headed_hh,highest_quintile,1998,5.7,6.9,1.2,4.3,2.9
elderly_headed_hh,highest_quintile,1999,5.0,5.8,1.1,4.3,1.9
elderly_headed_hh,highest_quintile,2000,5.8,7.2,1.2,4.1,0.9
elderly_headed_hh,highest_quintile,2001,4.0,5.0,0.5,2.3,0.7
elderly_headed_hh,highest_quintile,2002,4.8,5.8,1.4,3.0,1.0
elderly_headed_hh,highest_quintile,2003,4.4,5.5,0.8,2.6,0.4
elderly_headed_hh,highest_quintile,2004,5.0,6.0,0.6,3.4,1.1
elderly_headed_hh,highest_quintile,2005,4.8,5.7,0.7,3.5,0.8
elderly_headed_hh,highest_quintile,2006,6.4,7.9,0.6,4.6,4.1
elderly_headed_hh,highest_quintile,2007,8.0,9.7,1.8,6.5,5.7
elderly_headed_hh,highest_quintile,2008,5.6,7.0,0.5,3.7,3.5
elderly_headed_hh,highest_quintile,2009,6.2,7.6,1.8,5.1,4.0
elderly_headed_hh,highest_quintile,2010,5.8,7.3,2.0,3.9,3.9
elderly_headed_hh,highest_quintile,2011,4.2,5.4,0.8,3.5,2.5
elderly_headed_hh,highest_quintile,2012,4.9,6.2,0.9,4.7,3.4
elderly_headed_hh,highest_quintile,2013,4.3,5.6,0.9,4.5,2.7
elderly_headed_hh,highest_quintile,2014,5.2,6.5,2.0,3.9,3.5
elderly_headed_hh,highest_quintile,2015,5.3,6.7,2.0,3.5,3.9
elderly_headed_hh,percentiles_81_90,1979,1.0,1.3,0.2,1.4,0.3
elderly_headed_hh,percentiles_81_90,1980,1.0,1.4,,1.3,0.3
elderly_headed_hh,percentiles_81_90,1981,0.6,0.8,0.1,0.3,0.6
elderly_headed_hh,percentiles_81_90,1982,1.4,1.9,0.6,1.6,0.6
elderly_headed_hh,percentiles_81_90,1983,0.8,0.9,,1.1,0.6
elderly_headed_hh,percentiles_81_90,1984,0.9,1.0,0.2,1.0,0.9
elderly_headed_hh,percentiles_81_90,1985,0.8,0.8,0.3,1.4,0.6
elderly_headed_hh,percentiles_81_90,1986,0.8,0.6,0.2,1.7,0.4
elderly_headed_hh,percentiles_81_90,1987,0.8,0.9,0.4,0.5,0.8
elderly_headed_hh,percentiles_81_90,1988,1.3,0.6,0.1,0.5,3.8
elderly_headed_hh,percentiles_81_90,1989,0.6,0.5,0.1,1.1,0.5
elderly_headed_hh,percentiles_81_90,1990,0.6,0.5,0.1,0.6,0.7
elderly_headed_hh,percentiles_81_90,1991,1.1,1.3,0.1,1.0,1.1
elderly_headed_hh,percentiles_81_90,1992,1.0,1.1,0.2,1.2,0.7
elderly_headed_hh,percentiles_81_90,1993,1.9,2.6,0.2,1.7,0.3
elderly_headed_hh,percentiles_81_90,1994,1.3,1.6,0.2,1.1,0.6
elderly_headed_hh,percentiles_81_90,1995,2.2,3.0,0.5,1.6,0.6
elderly_headed_hh,percentiles_81_90,1996,2.3,3.1,0.6,1.4,0.5
elderly_headed_hh,percentiles_81_90,1997,2.7,3.4,0.6,2.2,0.4
elderly_headed_hh,percentiles_81_90,1998,3.0,3.8,0.5,2.0,0.6
elderly_headed_hh,percentiles_81_90,1999,2.8,3.2,0.4,3.0,0.3
elderly_headed_hh,percentiles_81_90,2000,2.9,3.5,0.7,2.3,0.4
elderly_headed_hh,percentiles_81_90,2001,1.9,2.4,0.4,1.1,0.2
elderly_headed_hh,percentiles_81_90,2002,2.9,3.5,1.0,1.7,0.8
elderly_headed_hh,percentiles_81_90,2003,2.6,3.2,0.5,1.5,0.2
elderly_headed_hh,percentiles_81_90,2004,2.9,3.4,0.2,2.1,0.7
elderly_headed_hh,percentiles_81_90,2005,2.3,2.8,0.3,1.6,0.4
elderly_headed_hh,percentiles_81_90,2006,3.0,3.7,0.3,2.4,1.8
elderly_headed_hh,percentiles_81_90,2007,4.1,4.9,1.3,3.9,2.7
elderly_headed_hh,percentiles_81_90,2008,2.5,3.1,0.2,2.0,1.9
elderly_headed_hh,percentiles_81_90,2009,3.7,4.4,1.5,3.3,2.5
elderly_headed_hh,percentiles_81_90,2010,3.2,4.0,1.4,1.8,2.3
elderly_headed_hh,percentiles_81_90,2011,2.1,2.6,0.5,2.1,1.4
elderly_headed_hh,percentiles_81_90,2012,3.0,3.8,0.6,2.8,1.7
elderly_headed_hh,percentiles_81_90,2013,2.4,3.0,0.4,2.3,1.6
elderly_headed_hh,percentiles_81_90,2014,2.9,3.6,1.3,2.0,2.0
elderly_headed_hh,percentiles_81_90,2015,3.1,3.8,1.3,2.5,2.2
elderly_headed_hh,percentiles_91_95,1979,0.3,0.5,0.1,0.3,
elderly_headed_hh,percentiles_91_95,1980,0.4,0.5,,0.6,0.1
elderly_headed_hh,percentiles_91_95,1981,0.4,0.7,,0.4,0.2
elderly_headed_hh,percentiles_91_95,1982,0.4,0.5,,0.7,0.2
elderly_headed_hh,percentiles_91_95,1983,0.3,0.5,,0.3,0.2
elderly_headed_hh,percentiles_91_95,1984,0.2,0.3,,0.3,0.2
elderly_headed_hh,percentiles_91_95,1985,0.2,0.2,0.2,0.2,0.3
elderly_headed_hh,percentiles_91_95,1986,0.6,0.8,0.1,0.7,0.2
elderly_headed_hh,percentiles_91_95,1987,0.2,0.3,0.2,0.1,
elderly_headed_hh,percentiles_91_95,1988,0.2,0.1,,0.3,0.2
elderly_headed_hh,percentiles_91_95,1989,0.3,0.2,,0.6,0.1
elderly_headed_hh,percentiles_91_95,1990,0.5,0.6,,0.8,0.2
elderly_headed_hh,percentiles_91_95,1991,0.2,0.2,,0.2,0.2
elderly_headed_hh,percentiles_91_95,1992,0.4,0.5,,0.7,0.1
elderly_headed_hh,percentiles_91_95,1993,0.3,0.4,0.1,0.4,0.2
elderly_headed_hh,percentiles_91_95,1994,0.6,0.8,,0.6,0.2
elderly_headed_hh,percentiles_91_95,1995,0.8,1.0,0.2,0.4,0.7
elderly_headed_hh,percentiles_91_95,1996,1.7,2.2,0.2,1.3,0.6
elderly_headed_hh,percentiles_91_95,1997,1.4,2.0,0.1,0.4,0.2
elderly_headed_hh,percentiles_91_95,1998,1.6,1.9,0.6,1.6,0.3
elderly_headed_hh,percentiles_91_95,1999,1.1,1.3,0.3,0.7,0.8
elderly_headed_hh,percentiles_91_95,2000,1.1,1.3,0.2,0.6,0.3
elderly_headed_hh,percentiles_91_95,2001,1.1,1.5,0.1,0.5,0.2
elderly_headed_hh,percentiles_91_95,2002,0.7,0.9,0.1,0.3,0.1
elderly_headed_hh,percentiles_91_95,2003,0.7,0.9,0.2,0.5,
elderly_headed_hh,percentiles_91_95,2004,0.9,1.1,0.1,0.6,0.2
elderly_headed_hh,percentiles_91_95,2005,1.3,1.6,0.2,0.9,0.3
elderly_headed_hh,percentiles_91_95,2006,1.8,2.3,0.1,0.8,1.2
elderly_headed_hh,percentiles_91_95,2007,2.0,2.5,0.4,1.2,1.2
elderly_headed_hh,percentiles_91_95,2008,1.4,1.8,0.2,1.1,0.8
elderly_headed_hh,percentiles_91_95,2009,1.2,1.6,0.2,0.9,0.7
elderly_headed_hh,percentiles_91_95,2010,1.4,1.7,0.3,1.4,0.9
elderly_headed_hh,percentiles_91_95,2011,1.0,1.3,0.2,0.9,0.7
elderly_headed_hh,percentiles_91_95,2012,1.2,1.5,0.2,1.3,0.8
elderly_headed_hh,percentiles_91_95,2013,1.0,1.4,0.1,1.1,0.5
elderly_headed_hh,percentiles_91_95,2014,1.4,1.7,0.5,1.3,0.7
elderly_headed_hh,percentiles_91_95,2015,1.0,1.3,0.4,0.5,0.8
elderly_headed_hh,percentiles_96_99,1979,0.4,0.9,0.2,0.1,0.2
elderly_headed_hh,percentiles_96_99,1980,0.3,0.5,,0.4,
elderly_headed_hh,percentiles_96_99,1981,0.5,0.6,,1.1,0.1
elderly_headed_hh,percentiles_96_99,1982,0.2,0.3,,0.1,
elderly_headed_hh,percentiles_96_99,1983,0.5,0.1,0.1,1.5,0.2
elderly_headed_hh,percentiles_96_99,1984,0.3,0.3,0.3,0.5,0.1
elderly_headed_hh,percentiles_96_99,1985,0.3,0.3,0.1,0.3,0.4
elderly_headed_hh,percentiles_96_99,1986,0.3,0.4,0.2,0.2,0.2
elderly_headed_hh,percentiles_96_99,1987,0.4,0.2,0.1,1.1,0.1
elderly_headed_hh,percentiles_96_99,1988,0.3,0.3,,0.4,0.1
elderly_headed_hh,percentiles_96_99,1989,0.5,0.3,0.1,0.2,1.8
elderly_headed_hh,percentiles_96_99,1990,0.7,0.3,,0.4,2.3
elderly_headed_hh,percentiles_96_99,1991,0.4,0.3,,0.5,0.6
elderly_headed_hh,percentiles_96_99,1992,0.4,0.6,0.1,0.4,0.2
elderly_headed_hh,percentiles_96_99,1993,0.1,0.2,0.1,,0.2
elderly_headed_hh,percentiles_96_99,1994,1.0,1.5,,0.4,0.1
elderly_headed_hh,percentiles_96_99,1995,0.7,1.0,0.4,0.3,
elderly_headed_hh,percentiles_96_99,1996,0.8,1.2,0.2,0.4,0.4
elderly_headed_hh,percentiles_96_99,1997,1.1,1.4,0.4,0.7,0.2
elderly_headed_hh,percentiles_96_99,1998,0.7,0.8,0.1,0.5,0.9
elderly_headed_hh,percentiles_96_99,1999,1.0,1.2,0.4,0.6,0.8
elderly_headed_hh,percentiles_96_99,2000,1.4,1.8,0.3,0.9,0.2
elderly_headed_hh,percentiles_96_99,2001,0.8,0.9,,0.5,0.2
elderly_headed_hh,percentiles_96_99,2002,1.0,1.1,0.2,1.0,0.1
elderly_headed_hh,percentiles_96_99,2003,0.8,1.0,0.1,0.5,0.1
elderly_headed_hh,percentiles_96_99,2004,1.0,1.2,0.3,0.5,0.1
elderly_headed_hh,percentiles_96_99,2005,1.0,1.2,0.2,0.9,0.1
elderly_headed_hh,percentiles_96_99,2006,1.2,1.5,0.1,1.0,0.8
elderly_headed_hh,percentiles_96_99,2007,1.8,2.1,0.1,1.3,1.7
elderly_headed_hh,percentiles_96_99,2008,1.2,1.7,0.1,0.3,0.7
elderly_headed_hh,percentiles_96_99,2009,1.1,1.4,0.1,0.6,0.6
elderly_headed_hh,percentiles_96_99,2010,0.8,1.1,0.1,0.4,0.4
elderly_headed_hh,percentiles_96_99,2011,0.7,1.1,0.1,0.3,0.3
elderly_headed_hh,percentiles_96_99,2012,0.6,0.7,0.1,0.5,0.7
elderly_headed_hh,percentiles_96_99,2013,0.8,1.1,0.2,0.9,0.4
elderly_headed_hh,percentiles_96_99,2014,0.6,0.7,0.1,0.4,0.6
elderly_headed_hh,percentiles_96_99,2015,0.8,1.0,0.2,0.4,0.6
elderly_headed_hh,top_1_percent,1979,0.2,0.3,,0.2,0.1
elderly_headed_hh,top_1_percent,1980,,,,0.1,
elderly_headed_hh,top_1_percent,1981,0.1,0.1,,0.2,0.1
elderly_headed_hh,top_1_percent,1982,0.1,0.2,,,
elderly_headed_hh,top_1_percent,1983,,,,,0.1
elderly_headed_hh,top_1_percent,1984,0.1,,,,0.1
elderly_headed_hh,top_1_percent,1985,,,,0.1,0.1
elderly_headed_hh,top_1_percent,1986,0.1,0.1,,0.1,0.1
elderly_headed_hh,top_1_percent,1987,0.1,,,0.1,
elderly_headed_hh,top_1_percent,1988,0.2,,,0.1,0.5
elderly_headed_hh,top_1_percent,1989,0.1,0.1,,0.2,
elderly_headed_hh,top_1_percent,1990,0.1,,,0.1,0.4
elderly_headed_hh,top_1_percent,1991,,,,0.1,
elderly_headed_hh,top_1_percent,1992,0.2,0.2,,0.4,0.1
elderly_headed_hh,top_1_percent,1993,,,,,
elderly_headed_hh,top_1_percent,1994,0.2,0.3,,0.1,
elderly_headed_hh,top_1_percent,1995,0.2,,0.1,0.8,
elderly_headed_hh,top_1_percent,1996,0.4,0.6,0.2,0.1,
elderly_headed_hh,top_1_percent,1997,0.3,0.4,,0.1,
elderly_headed_hh,top_1_percent,1998,0.4,0.4,0.1,0.2,1.2
elderly_headed_hh,top_1_percent,1999,0.1,0.1,,0.1,
elderly_headed_hh,top_1_percent,2000,0.5,0.6,0.1,0.4,
elderly_headed_hh,top_1_percent,2001,0.2,0.2,,0.2,0.1
elderly_headed_hh,top_1_percent,2002,0.2,0.3,0.2,,
elderly_headed_hh,top_1_percent,2003,0.2,0.3,,,
elderly_headed_hh,top_1_percent,2004,0.3,0.3,,0.2,0.1
elderly_headed_hh,top_1_percent,2005,0.2,0.2,0.1,0.1,
elderly_headed_hh,top_1_percent,2006,0.5,0.5,0.1,0.4,0.3
elderly_headed_hh,top_1_percent,2007,0.2,0.2,,0.1,0.1
elderly_headed_hh,top_1_percent,2008,0.3,0.4,,0.3,0.2
elderly_headed_hh,top_1_percent,2009,0.3,0.3,,0.4,0.2
elderly_headed_hh,top_1_percent,2010,0.4,0.5,0.1,0.4,0.3
elderly_headed_hh,top_1_percent,2011,0.3,0.5,0.1,0.3,0.2
elderly_headed_hh,top_1_percent,2012,0.2,0.2,,0.2,0.1
elderly_headed_hh,top_1_percent,2013,0.1,0.2,0.1,0.2,0.1
elderly_headed_hh,top_1_percent,2014,0.3,0.4,0.1,0.2,0.2
elderly_headed_hh,top_1_percent,2015,0.3,0.5,,0.1,0.3
nonelderly_childless_hh,all_quintiles,1979,100.0,100.0,100.0,100.0,100.0
nonelderly_childless_hh,all_quintiles,1980,100.0,100.0,100.0,100.0,100.0
nonelderly_childless_hh,all_quintiles,1981,100.0,100.0,100.0,100.0,100.0
nonelderly_childless_hh,all_quintiles,1982,100.0,100.0,100.0,100.0,100.0
nonelderly_childless_hh,all_quintiles,1983,100.0,100.0,100.0,100.0,100.0
nonelderly_childless_hh,all_quintiles,1984,100.0,100.0,100.0,100.0,100.0
nonelderly_childless_hh,all_quintiles,1985,100.0,100.0,100.0,100.0,100.0
nonelderly_childless_hh,all_quintiles,1986,100.0,100.0,100.0,100.0,100.0
nonelderly_childless_hh,all_quintiles,1987,100.0,100.0,100.0,100.0,100.0
nonelderly_childless_hh,all_quintiles,1988,100.0,100.0,100.0,100.0,100.0
nonelderly_childless_hh,all_quintiles,1989,100.0,100.0,100.0,100.0,100.0
nonelderly_childless_hh,all_quintiles,1990,100.0,100.0,100.0,100.0,100.0
nonelderly_childless_hh,all_quintiles,1991,100.0,100.0,100.0,100.0,100.0
nonelderly_childless_hh,all_quintiles,1992,100.0,100.0,100.0,100.0,100.0
nonelderly_childless_hh,all_quintiles,1993,100.0,100.0,100.0,100.0,100.0
nonelderly_childless_hh,all_quintiles,1994,100.0,100.0,100.0,100.0,100.0
nonelderly_childless_hh,all_quintiles,1995,100.0,100.0,100.0,100.0,100.0
nonelderly_childless_hh,all_quintiles,1996,100.0,100.0,100.0,100.0,100.0
nonelderly_childless_hh,all_quintiles,1997,100.0,100.0,100.0,100.0,100.0
nonelderly_childless_hh,all_quintiles,1998,100.0,100.0,100.0,100.0,100.0
nonelderly_childless_hh,all_quintiles,1999,100.0,100.0,100.0,100.0,100.0
nonelderly_childless_hh,all_quintiles,2000,100.0,100.0,100.0,100.0,100.0
nonelderly_childless_hh,all_quintiles,2001,100.0,100.0,100.0,100.0,100.0
nonelderly_childless_hh,all_quintiles,2002,100.0,100.0,100.0,100.0,100.0
nonelderly_childless_hh,all_quintiles,2003,100.0,100.0,100.0,100.0,100.0
nonelderly_childless_hh,all_quintiles,2004,100.0,100.0,100.0,100.0,100.0
nonelderly_childless_hh,all_quintiles,2005,100.0,100.0,100.0,100.0,100.0
nonelderly_childless_hh,all_quintiles,2006,100.0,100.0,100.0,100.0,100.0
nonelderly_childless_hh,all_quintiles,2007,100.0,100.0,100.0,100.0,100.0
nonelderly_childless_hh,all_quintiles,2008,100.0,100.0,100.0,100.0,100.0
nonelderly_childless_hh,all_quintiles,2009,100.0,100.0,100.0,100.0,100.0
nonelderly_childless_hh,all_quintiles,2010,100.0,100.0,100.0,100.0,100.0
nonelderly_childless_hh,all_quintiles,2011,100.0,100.0,100.0,100.0,100.0
nonelderly_childless_hh,all_quintiles,2012,100.0,100.0,100.0,100.0,100.0
nonelderly_childless_hh,all_quintiles,2013,100.0,100.0,100.0,100.0,100.0
nonelderly_childless_hh,all_quintiles,2014,100.0,100.0,100.0,100.0,100.0
nonelderly_childless_hh,all_quintiles,2015,100.0,100.0,100.0,100.0,100.0
nonelderly_childless_hh,lowest_quintile,1979,68.1,64.5,72.1,68.2,71.9
nonelderly_childless_hh,lowest_quintile,1980,70.1,66.4,73.9,70.7,72.8
nonelderly_childless_hh,lowest_quintile,1981,69.1,63.7,76.2,69.4,73.2
nonelderly_childless_hh,lowest_quintile,1982,72.3,66.9,84.2,70.5,77.9
nonelderly_childless_hh,lowest_quintile,1983,72.8,68.7,79.1,71.7,77.6
nonelderly_childless_hh,lowest_quintile,1984,70.8,67.3,78.2,67.9,77.9
nonelderly_childless_hh,lowest_quintile,1985,72.0,67.2,83.6,68.2,81.8
nonelderly_childless_hh,lowest_quintile,1986,69.6,64.7,85.3,67.1,77.2
nonelderly_childless_hh,lowest_quintile,1987,63.6,61.2,75.2,61.9,66.3
nonelderly_childless_hh,lowest_quintile,1988,66.4,61.3,79.9,68.9,66.7
nonelderly_childless_hh,lowest_quintile,1989,62.1,58.7,76.0,59.9,69.1
nonelderly_childless_hh,lowest_quintile,1990,59.8,56.0,71.8,57.9,67.2
nonelderly_childless_hh,lowest_quintile,1991,60.3,56.5,70.8,60.4,65.5
nonelderly_childless_hh,lowest_quintile,1992,57.7,52.8,65.0,58.8,67.4
nonelderly_childless_hh,lowest_quintile,1993,58.8,55.4,66.9,60.2,62.8
nonelderly_childless_hh,lowest_quintile,1994,58.7,54.1,69.0,63.1,62.6
nonelderly_childless_hh,lowest_quintile,1995,58.4,54.2,71.0,61.1,64.0
nonelderly_childless_hh,lowest_quintile,1996,62.2,57.8,74.2,65.0,70.5
nonelderly_childless_hh,lowest_quintile,1997,63.4,58.3,76.9,67.9,74.5
nonelderly_childless_hh,lowest_quintile,1998,62.1,57.0,77.0,67.9,75.5
nonelderly_childless_hh,lowest_quintile,1999,58.9,54.3,74.8,64.2,76.5
nonelderly_childless_hh,lowest_quintile,2000,59.6,54.6,77.1,66.8,74.2
nonelderly_childless_hh,lowest_quintile,2001,59.2,55.1,79.2,64.9,71.3
nonelderly_childless_hh,lowest_quintile,2002,57.7,53.6,74.1,64.0,73.0
nonelderly_childless_hh,lowest_quintile,2003,57.0,53.3,75.2,62.1,72.0
nonelderly_childless_hh,lowest_quintile,2004,55.5,51.9,75.5,60.0,71.1
nonelderly_childless_hh,lowest_quintile,2005,54.1,49.9,73.5,59.9,70.7
nonelderly_childless_hh,lowest_quintile,2006,52.1,48.1,70.8,60.9,53.9
nonelderly_childless_hh,lowest_quintile,2007,52.0,48.5,70.8,59.3,54.1
nonelderly_childless_hh,lowest_quintile,2008,50.7,46.8,67.7,59.6,51.9
nonelderly_childless_hh,lowest_quintile,2009,50.0,45.3,64.9,60.6,52.2
nonelderly_childless_hh,lowest_quintile,2010,50.7,46.6,61.6,61.0,49.4
nonelderly_childless_hh,lowest_quintile,2011,50.1,45.3,64.3,58.7,50.7
nonelderly_childless_hh,lowest_quintile,2012,52.0,47.1,66.8,61.6,50.6
nonelderly_childless_hh,lowest_quintile,2013,54.7,51.0,65.6,65.4,47.8
nonelderly_childless_hh,lowest_quintile,2014,52.1,48.9,63.4,61.1,51.7
nonelderly_childless_hh,lowest_quintile,2015,51.0,47.7,65.3,62.6,48.5
nonelderly_childless_hh,second_quintile,1979,14.1,14.3,16.4,13.1,14.1
nonelderly_childless_hh,second_quintile,1980,14.0,15.2,15.4,11.9,15.2
nonelderly_childless_hh,second_quintile,1981,14.6,16.5,14.1,12.3,16.0
nonelderly_childless_hh,second_quintile,1982,14.0,15.4,10.7,14.1,13.5
nonelderly_childless_hh,second_quintile,1983,11.7,13.2,11.7,10.3,11.5
nonelderly_childless_hh,second_quintile,1984,12.4,15.3,10.4,11.5,10.4
nonelderly_childless_hh,second_quintile,1985,11.8,15.0,8.4,11.0,8.9
nonelderly_childless_hh,second_quintile,1986,15.8,19.0,8.3,16.5,11.5
nonelderly_childless_hh,second_quintile,1987,16.4,18.1,13.1,15.2,17.0
nonelderly_childless_hh,second_quintile,1988,16.1,18.5,10.7,14.8,15.4
nonelderly_childless_hh,second_quintile,1989,18.0,19.6,12.9,19.1,13.8
nonelderly_childless_hh,second_quintile,1990,17.9,19.7,15.7,17.8,14.3
nonelderly_childless_hh,second_quintile,1991,18.8,19.9,17.6,17.5,19.1
nonelderly_childless_hh,second_quintile,1992,19.9,22.0,21.9,17.1,16.8
nonelderly_childless_hh,second_quintile,1993,19.6,21.5,18.3,17.7,17.2
nonelderly_childless_hh,second_quintile,1994,18.8,20.4,18.0,16.7,17.2
nonelderly_childless_hh,second_quintile,1995,21.2,22.5,18.2,20.0,19.1
nonelderly_childless_hh,second_quintile,1996,18.4,20.5,16.3,15.0,17.1
nonelderly_childless_hh,second_quintile,1997,17.9,19.9,13.5,15.4,14.6
nonelderly_childless_hh,second_quintile,1998,18.4,20.7,15.4,14.6,15.0
nonelderly_childless_hh,second_quintile,1999,19.6,22.0,15.2,15.3,13.7
nonelderly_childless_hh,second_quintile,2000,20.7,23.1,15.3,16.4,15.3
nonelderly_childless_hh,second_quintile,2001,21.0,23.4,13.2,16.6,15.9
nonelderly_childless_hh,second_quintile,2002,21.2,23.3,15.9,17.5,13.6
nonelderly_childless_hh,second_quintile,2003,22.1,23.9,15.8,18.7,16.9
nonelderly_childless_hh,second_quintile,2004,22.8,24.6,15.9,19.1,17.1
nonelderly_childless_hh,second_quintile,2005,22.9,25.0,17.3,17.8,17.0
nonelderly_childless_hh,second_quintile,2006,25.0,26.9,18.4,18.6,27.1
nonelderly_childless_hh,second_quintile,2007,24.9,26.2,19.4,20.0,27.7
nonelderly_childless_hh,second_quintile,2008,26.2,27.9,21.6,19.8,28.9
nonelderly_childless_hh,second_quintile,2009,27.1,28.8,23.4,20.7,29.9
nonelderly_childless_hh,second_quintile,2010,27.9,29.4,25.2,21.7,32.3
nonelderly_childless_hh,second_quintile,2011,28.2,30.1,24.3,21.9,30.6
nonelderly_childless_hh,second_quintile,2012,25.6,27.9,21.4,17.5,29.3
nonelderly_childless_hh,second_quintile,2013,25.3,26.6,22.7,18.2,33.0
nonelderly_childless_hh,second_quintile,2014,25.3,26.3,23.2,19.8,28.6
nonelderly_childless_hh,second_quintile,2015,24.0,25.3,19.6,16.1,28.4
nonelderly_childless_hh,middle_quintile,1979,7.5,8.0,4.4,8.6,6.2
nonelderly_childless_hh,middle_quintile,1980,7.2,8.7,5.6,6.5,6.7
nonelderly_childless_hh,middle_quintile,1981,6.4,8.1,4.7,6.0,5.4
nonelderly_childless_hh,middle_quintile,1982,5.8,6.7,2.0,6.9,4.8
nonelderly_childless_hh,middle_quintile,1983,7.0,7.7,3.7,7.9,6.3
nonelderly_childless_hh,middle_quintile,1984,6.1,7.0,4.4,7.5,3.2
nonelderly_childless_hh,middle_quintile,1985,7.2,7.9,3.6,8.8,5.2
nonelderly_childless_hh,middle_quintile,1986,6.6,7.3,3.3,6.9,5.9
nonelderly_childless_hh,middle_quintile,1987,8.6,9.4,3.7,9.3,7.7
nonelderly_childless_hh,middle_quintile,1988,8.1,8.0,3.6,7.9,11.1
nonelderly_childless_hh,middle_quintile,1989,7.7,8.6,3.8,7.8,7.0
nonelderly_childless_hh,middle_quintile,1990,8.2,9.6,4.3,8.1,6.4
nonelderly_childless_hh,middle_quintile,1991,8.7,10.1,4.2,8.9,6.3
nonelderly_childless_hh,middle_quintile,1992,9.2,10.3,5.2,9.4,7.7
nonelderly_childless_hh,middle_quintile,1993,9.1,9.3,6.7,9.4,9.5
nonelderly_childless_hh,middle_quintile,1994,8.1,9.5,5.5,6.4,7.4
nonelderly_childless_hh,middle_quintile,1995,9.4,10.8,6.3,7.8,8.5
nonelderly_childless_hh,middle_quintile,1996,9.8,10.8,5.8,10.1,6.4
nonelderly_childless_hh,middle_quintile,1997,7.8,9.0,4.1,6.4,6.0
nonelderly_childless_hh,middle_quintile,1998,7.9,9.1,3.6,6.7,5.2
nonelderly_childless_hh,middle_quintile,1999,10.1,11.4,4.4,9.0,4.5
nonelderly_childless_hh,middle_quintile,2000,9.4,10.7,4.6,7.5,5.1
nonelderly_childless_hh,middle_quintile,2001,8.6,9.7,4.1,6.6,6.5
nonelderly_childless_hh,middle_quintile,2002,9.7,11.0,4.2,7.6,5.6
nonelderly_childless_hh,middle_quintile,2003,9.5,10.6,4.4,7.7,5.2
nonelderly_childless_hh,middle_quintile,2004,10.4,11.3,4.0,9.5,6.7
nonelderly_childless_hh,middle_quintile,2005,11.2,12.1,5.4,10.5,6.7
nonelderly_childless_hh,middle_quintile,2006,10.3,11.5,5.0,7.9,9.5
nonelderly_childless_hh,middle_quintile,2007,11.2,12.5,5.6,8.9,8.8
nonelderly_childless_hh,middle_quintile,2008,11.1,12.2,5.7,9.6,9.7
nonelderly_childless_hh,middle_quintile,2009,11.5,12.9,7.0,8.8,10.5
nonelderly_childless_hh,middle_quintile,2010,11.0,12.4,7.0,7.9,10.7
nonelderly_childless_hh,middle_quintile,2011,11.2,12.5,6.9,9.3,9.9
nonelderly_childless_hh,middle_quintile,2012,11.8,13.0,7.4,10.1,12.1
nonelderly_childless_hh,middle_quintile,2013,11.1,12.3,7.1,8.5,11.2
nonelderly_childless_hh,middle_quintile,2014,11.4,12.4,7.3,9.3,11.1
nonelderly_childless_hh,middle_quintile,2015,12.7,13.7,8.4,9.8,13.0
nonelderly_childless_hh,fourth_quintile,1979,6.0,8.0,3.8,5.3,5.0
nonelderly_childless_hh,fourth_quintile,1980,5.1,5.2,3.4,6.2,3.8
nonelderly_childless_hh,fourth_quintile,1981,4.5,5.7,1.7,5.0,3.5
nonelderly_childless_hh,fourth_quintile,1982,3.5,4.7,0.9,4.3,1.6
nonelderly_childless_hh,fourth_quintile,1983,5.1,6.1,1.9,6.6,3.0
nonelderly_childless_hh,fourth_quintile,1984,5.8,6.1,2.2,7.2,4.7
nonelderly_childless_hh,fourth_quintile,1985,4.4,5.1,1.0,6.5,1.6
nonelderly_childless_hh,fourth_quintile,1986,4.0,4.1,1.2,5.1,2.9
nonelderly_childless_hh,fourth_quintile,1987,5.9,6.4,2.5,6.9,4.4
nonelderly_childless_hh,fourth_quintile,1988,4.3,5.6,1.6,4.2,2.9
nonelderly_childless_hh,fourth_quintile,1989,5.2,6.3,0.6,6.4,2.4
nonelderly_childless_hh,fourth_quintile,1990,5.6,6.3,1.7,6.3,4.5
nonelderly_childless_hh,fourth_quintile,1991,5.6,6.5,2.3,6.0,4.2
nonelderly_childless_hh,fourth_quintile,1992,6.4,7.3,3.2,7.0,3.7
nonelderly_childless_hh,fourth_quintile,1993,6.1,7.3,2.8,6.1,4.3
nonelderly_childless_hh,fourth_quintile,1994,6.5,7.4,3.0,6.3,5.4
nonelderly_childless_hh,fourth_quintile,1995,5.6,6.4,1.9,5.6,4.2
nonelderly_childless_hh,fourth_quintile,1996,5.2,5.7,2.3,5.3,4.3
nonelderly_childless_hh,fourth_quintile,1997,5.7,6.7,2.7,5.2,2.4
nonelderly_childless_hh,fourth_quintile,1998,6.1,6.9,1.7,5.8,2.5
nonelderly_childless_hh,fourth_quintile,1999,5.7,6.2,1.7,5.9,2.2
nonelderly_childless_hh,fourth_quintile,2000,5.7,6.6,1.5,4.6,2.8
nonelderly_childless_hh,fourth_quintile,2001,5.6,6.2,1.3,5.4,2.6
nonelderly_childless_hh,fourth_quintile,2002,6.2,6.9,2.3,5.4,4.5
nonelderly_childless_hh,fourth_quintile,2003,5.7,6.4,1.6,5.0,2.2
nonelderly_childless_hh,fourth_quintile,2004,6.5,7.1,2.0,6.4,2.8
nonelderly_childless_hh,fourth_quintile,2005,6.2,7.0,1.3,5.8,2.3
nonelderly_childless_hh,fourth_quintile,2006,6.6,7.3,2.8,5.9,5.5
nonelderly_childless_hh,fourth_quintile,2007,6.3,7.0,1.8,5.3,4.9
nonelderly_childless_hh,fourth_quintile,2008,6.4,7.1,1.9,5.6,5.8
nonelderly_childless_hh,fourth_quintile,2009,6.0,7.0,1.8,4.9,3.6
nonelderly_childless_hh,fourth_quintile,2010,5.6,6.5,3.3,4.2,3.9
nonelderly_childless_hh,fourth_quintile,2011,6.1,7.0,2.5,5.6,5.2
nonelderly_childless_hh,fourth_quintile,2012,5.9,6.7,2.1,6.0,4.7
nonelderly_childless_hh,fourth_quintile,2013,5.1,5.9,2.0,4.7,4.4
nonelderly_childless_hh,fourth_quintile,2014,6.3,7.0,3.2,5.6,4.6
nonelderly_childless_hh,fourth_quintile,2015,6.9,7.5,3.3,6.2,5.5
nonelderly_childless_hh,highest_quintile,1979,3.8,4.6,2.0,4.3,2.6
nonelderly_childless_hh,highest_quintile,1980,3.1,3.9,1.0,3.9,1.3
nonelderly_childless_hh,highest_quintile,1981,3.8,4.7,0.6,5.5,1.1
nonelderly_childless_hh,highest_quintile,1982,2.9,4.8,0.5,3.1,0.9
nonelderly_childless_hh,highest_quintile,1983,2.3,3.4,0.8,2.5,1.1
nonelderly_childless_hh,highest_quintile,1984,2.9,2.6,1.1,4.4,1.8
nonelderly_childless_hh,highest_quintile,1985,3.5,3.8,0.8,4.7,2.4
nonelderly_childless_hh,highest_quintile,1986,3.2,4.1,0.5,3.8,1.6
nonelderly_childless_hh,highest_quintile,1987,3.4,3.0,2.1,4.4,2.6
nonelderly_childless_hh,highest_quintile,1988,2.8,4.3,0.9,2.2,1.7
nonelderly_childless_hh,highest_quintile,1989,4.1,4.6,1.9,4.2,3.8
nonelderly_childless_hh,highest_quintile,1990,5.1,5.3,2.2,6.0,4.2
nonelderly_childless_hh,highest_quintile,1991,3.7,4.4,1.5,3.8,2.5
nonelderly_childless_hh,highest_quintile,1992,4.0,4.8,1.1,4.4,2.0
nonelderly_childless_hh,highest_quintile,1993,4.1,4.4,2.2,4.6,3.2
nonelderly_childless_hh,highest_quintile,1994,5.3,6.5,1.2,4.9,3.7
nonelderly_childless_hh,highest_quintile,1995,4.0,4.7,1.3,3.9,2.6
nonelderly_childless_hh,highest_quintile,1996,3.6,4.4,0.6,3.7,1.4
nonelderly_childless_hh,highest_quintile,1997,3.9,4.8,0.8,3.6,1.2
nonelderly_childless_hh,highest_quintile,1998,4.3,5.3,0.7,3.6,0.9
nonelderly_childless_hh,highest_quintile,1999,4.3,4.9,2.1,3.9,0.9
nonelderly_childless_hh,highest_quintile,2000,3.7,4.2,0.6,3.6,1.4
nonelderly_childless_hh,highest_quintile,2001,3.9,4.3,0.3,4.0,1.6
nonelderly_childless_hh,highest_quintile,2002,3.5,3.9,1.4,3.2,1.7
nonelderly_childless_hh,highest_quintile,2003,3.6,4.1,0.6,3.4,1.1
nonelderly_childless_hh,highest_quintile,2004,3.8,4.1,1.5,3.9,1.6
nonelderly_childless_hh,highest_quintile,2005,4.2,4.7,0.6,4.3,1.5
nonelderly_childless_hh,highest_quintile,2006,4.6,5.0,1.0,4.9,2.7
nonelderly_childless_hh,highest_quintile,2007,4.0,4.4,0.6,4.0,2.4
nonelderly_childless_hh,highest_quintile,2008,4.0,4.5,1.2,3.5,2.1
nonelderly_childless_hh,highest_quintile,2009,3.7,4.4,1.2,3.0,2.5
nonelderly_childless_hh,highest_quintile,2010,3.4,3.9,1.3,2.9,2.2
nonelderly_childless_hh,highest_quintile,2011,3.4,4.1,0.7,2.8,2.3
nonelderly_childless_hh,highest_quintile,2012,3.7,4.4,0.8,3.5,2.3
nonelderly_childless_hh,highest_quintile,2013,2.6,3.2,0.8,1.9,2.2
nonelderly_childless_hh,highest_quintile,2014,3.7,4.3,1.3,2.7,2.7
nonelderly_childless_hh,highest_quintile,2015,4.2,4.7,1.9,3.8,3.1
nonelderly_childless_hh,percentiles_81_90,1979,1.8,2.4,0.9,1.7,1.7
nonelderly_childless_hh,percentiles_81_90,1980,1.7,2.4,0.7,1.9,0.5
nonelderly_childless_hh,percentiles_81_90,1981,2.3,2.6,0.3,3.6,0.8
nonelderly_childless_hh,percentiles_81_90,1982,1.8,2.8,0.3,1.9,0.6
nonelderly_childless_hh,percentiles_81_90,1983,1.0,1.4,0.4,1.1,0.5
nonelderly_childless_hh,percentiles_81_90,1984,1.6,1.6,0.5,2.3,1.0
nonelderly_childless_hh,percentiles_81_90,1985,2.2,2.2,0.5,3.2,1.4
nonelderly_childless_hh,percentiles_81_90,1986,2.2,2.6,0.3,2.7,0.9
nonelderly_childless_hh,percentiles_81_90,1987,1.3,1.3,0.9,1.7,0.8
nonelderly_childless_hh,percentiles_81_90,1988,1.5,2.5,0.3,1.1,0.7
nonelderly_childless_hh,percentiles_81_90,1989,2.0,2.5,0.9,2.0,1.0
nonelderly_childless_hh,percentiles_81_90,1990,2.9,3.1,1.2,3.3,2.4
nonelderly_childless_hh,percentiles_81_90,1991,2.1,2.5,0.7,2.1,1.8
nonelderly_childless_hh,percentiles_81_90,1992,2.2,2.9,0.5,1.9,1.3
nonelderly_childless_hh,percentiles_81_90,1993,1.8,2.1,0.8,1.9,1.3
nonelderly_childless_hh,percentiles_81_90,1994,2.8,3.3,0.5,2.9,2.0
nonelderly_childless_hh,percentiles_81_90,1995,2.2,2.5,0.4,2.5,1.0
nonelderly_childless_hh,percentiles_81_90,1996,2.3,2.7,0.3,2.7,0.9
nonelderly_childless_hh,percentiles_81_90,1997,2.1,2.6,0.3,1.9,0.3
nonelderly_childless_hh,percentiles_81_90,1998,2.8,3.5,0.6,2.3,0.3
nonelderly_childless_hh,percentiles_81_90,1999,2.4,2.8,1.2,2.1,0.6
nonelderly_childless_hh,percentiles_81_90,2000,2.1,2.4,0.3,2.0,0.7
nonelderly_childless_hh,percentiles_81_90,2001,2.0,2.3,0.1,2.0,0.9
nonelderly_childless_hh,percentiles_81_90,2002,2.2,2.4,1.1,2.1,1.1
nonelderly_childless_hh,percentiles_81_90,2003,2.3,2.5,0.3,2.1,0.7
nonelderly_childless_hh,percentiles_81_90,2004,2.5,2.7,0.7,2.5,1.0
nonelderly_childless_hh,percentiles_81_90,2005,2.3,2.7,0.2,2.2,0.8
nonelderly_childless_hh,percentiles_81_90,2006,2.8,3.0,0.5,3.1,1.8
nonelderly_childless_hh,percentiles_81_90,2007,2.3,2.5,0.3,2.4,1.4
nonelderly_childless_hh,percentiles_81_90,2008,2.3,2.6,0.6,1.9,1.3
nonelderly_childless_hh,percentiles_81_90,2009,2.1,2.5,0.6,1.7,1.2
nonelderly_childless_hh,percentiles_81_90,2010,1.9,2.3,0.7,1.5,1.2
nonelderly_childless_hh,percentiles_81_90,2011,2.0,2.4,0.5,1.9,1.3
nonelderly_childless_hh,percentiles_81_90,2012,2.2,2.6,0.5,2.1,1.3
nonelderly_childless_hh,percentiles_81_90,2013,1.5,1.8,0.4,1.2,1.2
nonelderly_childless_hh,percentiles_81_90,2014,2.2,2.6,0.7,1.5,1.9
nonelderly_childless_hh,percentiles_81_90,2015,2.4,2.7,1.2,2.2,1.8
nonelderly_childless_hh,percentiles_91_95,1979,0.8,1.1,0.9,0.7,0.2
nonelderly_childless_hh,percentiles_91_95,1980,0.6,0.8,0.1,0.7,0.3
nonelderly_childless_hh,percentiles_91_95,1981,0.9,1.1,0.1,1.4,0.1
nonelderly_childless_hh,percentiles_91_95,1982,0.5,0.8,,0.4,0.1
nonelderly_childless_hh,percentiles_91_95,1983,0.9,1.3,0.2,1.0,0.3
nonelderly_childless_hh,percentiles_91_95,1984,0.5,0.3,0.2,0.9,0.3
nonelderly_childless_hh,percentiles_91_95,1985,0.5,0.6,0.2,0.6,0.5
nonelderly_childless_hh,percentiles_91_95,1986,0.6,0.7,,0.7,0.2
nonelderly_childless_hh,percentiles_91_95,1987,0.7,0.5,0.4,1.2,0.5
nonelderly_childless_hh,percentiles_91_95,1988,0.5,0.8,0.1,0.4,0.4
nonelderly_childless_hh,percentiles_91_95,1989,1.1,1.1,0.3,0.9,1.6
nonelderly_childless_hh,percentiles_91_95,1990,1.0,1.2,0.4,1.2,0.8
nonelderly_childless_hh,percentiles_91_95,1991,0.6,0.7,0.2,0.7,0.3
nonelderly_childless_hh,percentiles_91_95,1992,1.3,1.4,0.4,1.7,0.4
nonelderly_childless_hh,percentiles_91_95,1993,1.5,1.4,1.0,1.7,1.2
nonelderly_childless_hh,percentiles_91_95,1994,1.3,1.8,0.4,1.0,0.3
nonelderly_childless_hh,percentiles_91_95,1995,1.0,1.3,0.5,0.7,1.0
nonelderly_childless_hh,percentiles_91_95,1996,0.7,0.9,0.1,0.5,0.2
nonelderly_childless_hh,percentiles_91_95,1997,1.0,1.2,0.2,0.9,0.6
nonelderly_childless_hh,percentiles_91_95,1998,0.9,1.0,0.1,0.9,0.2
nonelderly_childless_hh,percentiles_91_95,1999,1.0,1.1,0.5,0.9,0.1
nonelderly_childless_hh,percentiles_91_95,2000,0.8,0.9,0.2,1.0,0.4
nonelderly_childless_hh,percentiles_91_95,2001,0.9,1.0,,1.0,0.4
nonelderly_childless_hh,percentiles_91_95,2002,0.8,1.0,0.3,0.6,0.4
nonelderly_childless_hh,percentiles_91_95,2003,0.8,0.9,0.1,0.7,0.1
nonelderly_childless_hh,percentiles_91_95,2004,0.7,0.8,0.4,0.6,0.2
nonelderly_childless_hh,percentiles_91_95,2005,1.1,1.1,0.2,1.3,0.3
nonelderly_childless_hh,percentiles_91_95,2006,1.0,1.1,0.3,1.2,0.5
nonelderly_childless_hh,percentiles_91_95,2007,1.0,1.1,0.1,0.9,0.6
nonelderly_childless_hh,percentiles_91_95,2008,1.1,1.3,0.3,1.0,0.4
nonelderly_childless_hh,percentiles_91_95,2009,0.8,1.0,0.4,0.6,0.7
nonelderly_childless_hh,percentiles_91_95,2010,0.9,1.0,0.4,0.8,0.8
nonelderly_childless_hh,percentiles_91_95,2011,0.7,0.9,0.1,0.4,0.7
nonelderly_childless_hh,percentiles_91_95,2012,0.9,1.1,0.1,0.7,0.6
nonelderly_childless_hh,percentiles_91_95,2013,0.6,0.7,0.2,0.5,0.6
nonelderly_childless_hh,percentiles_91_95,2014,0.8,1.0,0.3,0.7,0.5
nonelderly_childless_hh,percentiles_91_95,2015,1.0,1.1,0.4,1.0,0.7
nonelderly_childless_hh,percentiles_96_99,1979,0.9,1.0,0.2,1.2,0.7
nonelderly_childless_hh,percentiles_96_99,1980,0.7,0.6,0.1,1.2,0.4
nonelderly_childless_hh,percentiles_96_99,1981,0.5,0.7,0.1,0.5,0.1
nonelderly_childless_hh,percentiles_96_99,1982,0.5,1.0,0.1,0.5,0.2
nonelderly_childless_hh,percentiles_96_99,1983,0.4,0.6,0.2,0.4,0.2
nonelderly_childless_hh,percentiles_96_99,1984,0.6,0.4,0.2,1.0,0.3
nonelderly_childless_hh,percentiles_96_99,1985,0.6,0.8,,0.7,0.4
nonelderly_childless_hh,percentiles_96_99,1986,0.5,0.7,0.1,0.4,0.3
nonelderly_childless_hh,percentiles_96_99,1987,1.0,0.9,0.6,1.1,1.1
nonelderly_childless_hh,percentiles_96_99,1988,0.5,0.6,0.3,0.6,0.4
nonelderly_childless_hh,percentiles_96_99,1989,0.9,0.8,0.4,1.2,1.0
nonelderly_childless_hh,percentiles_96_99,1990,0.9,0.9,0.5,1.2,0.8
nonelderly_childless_hh,percentiles_96_99,1991,0.7,0.9,0.4,0.5,0.3
nonelderly_childless_hh,percentiles_96_99,1992,0.4,0.4,0.2,0.6,0.2
nonelderly_childless_hh,percentiles_96_99,1993,0.5,0.6,0.2,0.5,0.5
nonelderly_childless_hh,percentiles_96_99,1994,1.0,1.1,0.2,0.8,1.1
nonelderly_childless_hh,percentiles_96_99,1995,0.7,0.8,0.3,0.6,0.5
nonelderly_childless_hh,percentiles_96_99,1996,0.5,0.7,0.1,0.4,0.3
nonelderly_childless_hh,percentiles_96_99,1997,0.7,0.9,0.3,0.7,0.3
nonelderly_childless_hh,percentiles_96_99,1998,0.5,0.6,,0.4,0.3
nonelderly_childless_hh,percentiles_96_99,1999,0.7,0.8,0.3,0.7,0.2
nonelderly_childless_hh,percentiles_96_99,2000,0.6,0.7,0.1,0.5,0.2
nonelderly_childless_hh,percentiles_96_99,2001,0.8,0.9,0.1,0.9,0.3
nonelderly_childless_hh,percentiles_96_99,2002,0.3,0.4,0.1,0.3,0.2
nonelderly_childless_hh,percentiles_96_99,2003,0.4,0.4,0.1,0.4,0.1
nonelderly_childless_hh,percentiles_96_99,2004,0.6,0.6,0.3,0.8,0.3
nonelderly_childless_hh,percentiles_96_99,2005,0.7,0.8,0.2,0.7,0.4
nonelderly_childless_hh,percentiles_96_99,2006,0.6,0.7,0.2,0.5,0.3
nonelderly_childless_hh,percentiles_96_99,2007,0.6,0.7,0.1,0.4,0.3
nonelderly_childless_hh,percentiles_96_99,2008,0.5,0.5,0.1,0.6,0.4
nonelderly_childless_hh,percentiles_96_99,2009,0.7,0.8,0.1,0.6,0.3
nonelderly_childless_hh,percentiles_96_99,2010,0.4,0.5,0.1,0.6,0.2
nonelderly_childless_hh,percentiles_96_99,2011,0.4,0.5,0.1,0.3,0.3
nonelderly_childless_hh,percentiles_96_99,2012,0.4,0.5,0.1,0.3,0.3
nonelderly_childless_hh,percentiles_96_99,2013,0.3,0.4,0.2,0.2,0.3
nonelderly_childless_hh,percentiles_96_99,2014,0.5,0.6,0.2,0.4,0.2
nonelderly_childless_hh,percentiles_96_99,2015,0.7,0.8,0.3,0.5,0.5
nonelderly_childless_hh,top_1_percent,1979,0.3,0.1,,0.5,0.1
nonelderly_childless_hh,top_1_percent,1980,0.1,0.1,,0.1,
nonelderly_childless_hh,top_1_percent,1981,0.1,0.3,,0.1,
nonelderly_childless_hh,top_1_percent,1982,0.2,0.2,,0.2,
nonelderly_childless_hh,top_1_percent,1983,0.1,0.1,0.1,,0.1
nonelderly_childless_hh,top_1_percent,1984,0.2,0.3,0.2,0.1,0.2
nonelderly_childless_hh,top_1_percent,1985,0.1,0.1,,0.2,0.1
nonelderly_childless_hh,top_1_percent,1986,0.1,0.1,,,0.2
nonelderly_childless_hh,top_1_percent,1987,0.3,0.3,0.2,0.4,0.2
nonelderly_childless_hh,top_1_percent,1988,0.2,0.4,0.2,0.1,0.2
nonelderly_childless_hh,top_1_percent,1989,0.2,0.2,0.3,0.2,0.2
nonelderly_childless_hh,top_1_percent,1990,0.2,0.2,0.1,0.3,0.1
nonelderly_childless_hh,top_1_percent,1991,0.3,0.3,0.2,0.4,0.1
nonelderly_childless_hh,top_1_percent,1992,0.1,0.1,0.1,0.2,0.1
nonelderly_childless_hh,top_1_percent,1993,0.3,0.3,0.1,0.4,0.1
nonelderly_childless_hh,top_1_percent,1994,0.3,0.3,0.1,0.2,0.2
nonelderly_childless_hh,top_1_percent,1995,0.1,0.1,0.1,0.1,0.1
nonelderly_childless_hh,top_1_percent,1996,0.1,0.1,0.1,0.1,0.1
nonelderly_childless_hh,top_1_percent,1997,0.1,0.1,0.1,0.1,
nonelderly_childless_hh,top_1_percent,1998,0.1,0.2,,0.1,
nonelderly_childless_hh,top_1_percent,1999,0.1,0.1,,0.2,
nonelderly_childless_hh,top_1_percent,2000,0.2,0.2,,0.1,0.1
nonelderly_childless_hh,top_1_percent,2001,0.1,0.1,,0.1,
nonelderly_childless_hh,top_1_percent,2002,0.2,0.2,,0.2,
nonelderly_childless_hh,top_1_percent,2003,0.2,0.2,0.1,0.2,0.2
nonelderly_childless_hh,top_1_percent,2004,0.1,0.1,0.1,0.1,0.1
nonelderly_childless_hh,top_1_percent,2005,0.1,0.2,0.1,0.1,0.1
nonelderly_childless_hh,top_1_percent,2006,0.1,0.1,0.1,0.1,0.1
nonelderly_childless_hh,top_1_percent,2007,0.1,0.1,0.1,0.2,0.1
nonelderly_childless_hh,top_1_percent,2008,0.1,0.1,0.1,0.1,0.1
nonelderly_childless_hh,top_1_percent,2009,0.1,0.2,,0.1,0.1
nonelderly_childless_hh,top_1_percent,2010,0.1,0.2,,0.1,
nonelderly_childless_hh,top_1_percent,2011,0.2,0.2,,0.2,0.1
nonelderly_childless_hh,top_1_percent,2012,0.2,0.2,,0.4,0.1
nonelderly_childless_hh,top_1_percent,2013,0.2,0.2,,,0.1
nonelderly_childless_hh,top_1_percent,2014,0.1,0.1,0.1,0.1,0.1
nonelderly_childless_hh,top_1_percent,2015,0.1,0.1,,0.1,0.1
