household_type,income_group,year,means_tested_transfers,medicaid_and_chip,snap,ssi,other_transfers
all_households,all_quintiles,1979,2.1,0.6,0.4,0.3,0.8
all_households,all_quintiles,1980,2.3,0.7,0.4,0.4,0.8
all_households,all_quintiles,1981,2.3,0.7,0.5,0.3,0.8
all_households,all_quintiles,1982,2.2,0.7,0.4,0.3,0.8
all_households,all_quintiles,1983,2.2,0.7,0.4,0.3,0.8
all_households,all_quintiles,1984,2.1,0.7,0.4,0.3,0.7
all_households,all_quintiles,1985,2.1,0.7,0.3,0.3,0.8
all_households,all_quintiles,1986,2.0,0.7,0.3,0.3,0.7
all_households,all_quintiles,1987,2.1,0.8,0.3,0.3,0.7
all_households,all_quintiles,1988,2.0,0.8,0.3,0.3,0.7
all_households,all_quintiles,1989,2.1,0.8,0.3,0.3,0.6
all_households,all_quintiles,1990,2.4,1.0,0.3,0.4,0.7
all_households,all_quintiles,1991,2.7,1.2,0.4,0.4,0.7
all_households,all_quintiles,1992,2.9,1.3,0.5,0.5,0.7
all_households,all_quintiles,1993,3.1,1.4,0.5,0.5,0.8
all_households,all_quintiles,1994,3.1,1.5,0.4,0.5,0.7
all_households,all_quintiles,1995,3.0,1.5,0.4,0.5,0.6
all_households,all_quintiles,1996,2.8,1.4,0.4,0.5,0.6
all_households,all_quintiles,1997,2.6,1.4,0.3,0.4,0.4
all_households,all_quintiles,1998,2.6,1.5,0.2,0.4,0.4
all_households,all_quintiles,1999,2.5,1.5,0.2,0.4,0.3
all_households,all_quintiles,2000,2.5,1.6,0.2,0.4,0.3
all_households,all_quintiles,2001,2.9,1.9,0.2,0.4,0.3
all_households,all_quintiles,2002,3.3,2.2,0.2,0.4,0.3
all_households,all_quintiles,2003,3.5,2.4,0.3,0.4,0.3
all_households,all_quintiles,2004,3.4,2.4,0.3,0.4,0.3
all_households,all_quintiles,2005,3.3,2.3,0.3,0.4,0.3
all_households,all_quintiles,2006,3.1,2.1,0.3,0.4,0.4
all_households,all_quintiles,2007,3.1,2.1,0.3,0.4,0.3
all_households,all_quintiles,2008,3.5,2.4,0.3,0.4,0.4
all_households,all_quintiles,2009,4.2,2.8,0.5,0.5,0.5
all_households,all_quintiles,2010,4.3,2.7,0.6,0.4,0.4
all_households,all_quintiles,2011,4.3,2.7,0.7,0.5,0.5
all_households,all_quintiles,2012,4.1,2.6,0.6,0.4,0.4
all_households,all_quintiles,2013,4.3,2.7,0.6,0.5,0.4
all_households,all_quintiles,2014,4.8,3.3,0.5,0.4,0.5
all_households,all_quintiles,2015,5.0,3.6,0.5,0.4,0.5
all_households,lowest_quintile,1979,18.7,5.3,4.2,2.0,7.3
all_households,lowest_quintile,1980,19.1,5.2,4.7,1.9,7.3
all_households,lowest_quintile,1981,20.3,5.4,5.5,1.9,7.5
all_households,lowest_quintile,1982,21.5,5.8,5.5,1.8,8.4
all_households,lowest_quintile,1983,23.4,6.4,6.0,1.7,9.4
all_households,lowest_quintile,1984,20.6,5.8,4.7,2.0,8.1
all_households,lowest_quintile,1985,21.5,6.1,4.7,1.8,8.9
all_households,lowest_quintile,1986,22.2,6.6,4.6,1.9,9.1
all_households,lowest_quintile,1987,26.4,8.1,5.4,2.2,10.7
all_households,lowest_quintile,1988,23.4,7.3,4.9,1.5,9.6
all_households,lowest_quintile,1989,22.0,7.3,4.7,1.4,8.5
all_households,lowest_quintile,1990,22.4,7.9,4.8,1.3,8.4
all_households,lowest_quintile,1991,23.3,8.4,5.3,1.4,8.2
all_households,lowest_quintile,1992,22.1,8.6,5.3,1.4,6.8
all_households,lowest_quintile,1993,23.1,9.0,5.2,1.5,7.3
all_households,lowest_quintile,1994,23.4,9.1,5.3,1.9,7.0
all_households,lowest_quintile,1995,20.9,8.6,4.6,1.9,5.8
all_households,lowest_quintile,1996,19.4,8.2,4.1,2.0,5.1
all_households,lowest_quintile,1997,16.2,7.8,3.0,1.7,3.7
all_households,lowest_quintile,1998,16.4,8.6,2.5,1.7,3.5
all_households,lowest_quintile,1999,15.2,8.6,2.2,1.5,3.0
all_households,lowest_quintile,2000,15.7,9.5,2.0,1.4,2.7
all_households,lowest_quintile,2001,17.3,10.7,2.3,1.5,2.9
all_households,lowest_quintile,2002,17.2,11.1,2.3,1.3,2.6
all_households,lowest_quintile,2003,18.5,11.9,2.8,1.2,2.6
all_households,lowest_quintile,2004,18.9,12.3,3.1,1.1,2.3
all_households,lowest_quintile,2005,19.0,11.9,3.3,1.2,2.5
all_households,lowest_quintile,2006,19.8,12.5,3.4,1.4,2.5
all_households,lowest_quintile,2007,18.6,11.7,3.1,1.4,2.4
all_households,lowest_quintile,2008,19.4,12.1,3.4,1.4,2.5
all_households,lowest_quintile,2009,21.7,12.8,5.0,1.3,2.5
all_households,lowest_quintile,2010,22.0,12.7,5.5,1.4,2.5
all_households,lowest_quintile,2011,23.0,12.5,6.3,1.4,2.8
all_households,lowest_quintile,2012,25.3,14.1,6.8,1.5,2.8
all_households,lowest_quintile,2013,24.4,14.1,6.2,1.5,2.6
all_households,lowest_quintile,2014,28.3,18.7,5.4,1.2,3.0
all_households,lowest_quintile,2015,28.8,19.5,4.9,1.4,2.9
all_households,second_quintile,1979,5.7,1.7,0.9,1.0,2.1
all_households,second_quintile,1980,6.7,2.0,1.0,1.2,2.4
all_households,second_quintile,1981,6.7,2.1,1.1,1.2,2.3
all_households,second_quintile,1982,7.1,2.3,1.1,1.3,2.4
all_households,second_quintile,1983,7.2,2.4,1.0,1.4,2.4
all_households,second_quintile,1984,6.8,2.3,0.9,1.2,2.4
all_households,second_quintile,1985,7.0,2.5,0.9,1.2,2.4
all_households,second_quintile,1986,7.1,2.6,0.9,1.4,2.3
all_households,second_quintile,1987,6.6,2.7,0.6,1.4,1.9
all_households,second_quintile,1988,6.7,2.7,0.6,1.5,1.8
all_households,second_quintile,1989,7.2,3.1,0.7,1.5,1.9
all_households,second_quintile,1990,7.7,3.4,0.9,1.4,2.1
all_households,second_quintile,1991,8.9,3.9,1.2,1.6,2.2
all_households,second_quintile,1992,10.2,4.6,1.4,1.7,2.5
all_households,second_quintile,1993,10.8,4.9,1.4,1.8,2.7
all_households,second_quintile,1994,10.4,4.8,1.4,1.8,2.3
all_households,second_quintile,1995,10.1,4.9,1.3,1.8,2.1
all_households,second_quintile,1996,10.6,5.2,1.3,1.9,2.2
all_households,second_quintile,1997,10.2,5.2,1.1,1.8,2.0
all_households,second_quintile,1998,10.1,5.7,0.9,1.8,1.7
all_households,second_quintile,1999,10.0,6.0,0.8,1.7,1.5
all_households,second_quintile,2000,9.8,6.1,0.7,1.6,1.3
all_households,second_quintile,2001,10.5,6.9,0.8,1.6,1.3
all_households,second_quintile,2002,11.1,7.4,0.9,1.6,1.3
all_households,second_quintile,2003,11.6,7.8,1.0,1.5,1.3
all_households,second_quintile,2004,11.5,7.9,1.0,1.4,1.1
all_households,second_quintile,2005,12.3,8.4,1.2,1.5,1.2
all_households,second_quintile,2006,11.1,7.3,1.0,1.5,1.3
all_households,second_quintile,2007,10.6,7.0,1.0,1.4,1.3
all_households,second_quintile,2008,11.9,7.9,1.2,1.5,1.4
all_households,second_quintile,2009,13.2,8.3,1.9,1.5,1.5
all_households,second_quintile,2010,13.8,8.7,2.1,1.5,1.6
all_households,second_quintile,2011,14.3,8.8,2.3,1.6,1.6
all_households,second_quintile,2012,14.3,8.9,2.3,1.5,1.6
all_households,second_quintile,2013,14.6,9.2,2.2,1.7,1.5
all_households,second_quintile,2014,16.4,11.3,1.9,1.5,1.7
all_households,second_quintile,2015,16.9,12.0,1.8,1.5,1.8
all_households,middle_quintile,1979,1.5,0.5,0.2,0.4,0.5
all_households,middle_quintile,1980,1.8,0.6,0.2,0.4,0.6
all_households,middle_quintile,1981,1.8,0.6,0.2,0.4,0.6
all_households,middle_quintile,1982,1.6,0.6,0.2,0.4,0.5
all_households,middle_quintile,1983,1.6,0.6,0.2,0.4,0.4
all_households,middle_quintile,1984,1.6,0.6,0.2,0.4,0.4
all_households,middle_quintile,1985,1.6,0.6,0.1,0.4,0.4
all_households,middle_quintile,1986,1.6,0.7,0.1,0.4,0.4
all_households,middle_quintile,1987,1.5,0.6,0.1,0.4,0.4
all_households,middle_quintile,1988,1.7,0.7,0.1,0.5,0.4
all_households,middle_quintile,1989,1.8,0.8,0.1,0.5,0.4
all_households,middle_quintile,1990,2.4,1.1,0.2,0.6,0.5
all_households,middle_quintile,1991,2.9,1.5,0.2,0.7,0.6
all_households,middle_quintile,1992,3.7,1.8,0.3,0.9,0.6
all_households,middle_quintile,1993,4.0,2.0,0.4,0.9,0.7
all_households,middle_quintile,1994,4.0,2.2,0.4,0.8,0.7
all_households,middle_quintile,1995,4.1,2.3,0.3,0.9,0.6
all_households,middle_quintile,1996,3.9,2.1,0.3,0.9,0.6
all_households,middle_quintile,1997,3.8,2.2,0.3,0.8,0.5
all_households,middle_quintile,1998,3.9,2.4,0.2,0.8,0.5
all_households,middle_quintile,1999,3.9,2.6,0.2,0.8,0.4
all_households,middle_quintile,2000,4.2,2.8,0.2,0.8,0.4
all_households,middle_quintile,2001,4.7,3.3,0.2,0.8,0.4
all_households,middle_quintile,2002,5.7,4.0,0.3,0.9,0.5
all_households,middle_quintile,2003,6.0,4.4,0.3,1.0,0.4
all_households,middle_quintile,2004,6.2,4.6,0.3,0.9,0.4
all_households,middle_quintile,2005,5.8,4.3,0.3,0.8,0.4
all_households,middle_quintile,2006,5.5,3.9,0.3,0.8,0.6
all_households,middle_quintile,2007,5.4,3.8,0.3,0.8,0.6
all_households,middle_quintile,2008,6.0,4.2,0.4,0.8,0.6
all_households,middle_quintile,2009,7.4,5.1,0.6,1.0,0.8
all_households,middle_quintile,2010,7.4,5.0,0.7,0.9,0.7
all_households,middle_quintile,2011,7.5,5.0,0.8,0.9,0.8
all_households,middle_quintile,2012,7.7,5.2,0.7,1.0,0.8
all_households,middle_quintile,2013,7.9,5.3,0.7,1.1,0.8
all_households,middle_quintile,2014,8.8,6.3,0.7,1.0,0.8
all_households,middle_quintile,2015,8.7,6.4,0.6,0.9,0.8
all_households,fourth_quintile,1979,0.6,0.2,,0.1,0.2
all_households,fourth_quintile,1980,0.6,0.2,0.1,0.1,0.2
all_households,fourth_quintile,1981,0.6,0.2,0.1,0.2,0.2
all_households,fourth_quintile,1982,0.4,0.2,,0.1,0.1
all_households,fourth_quintile,1983,0.5,0.2,,0.1,0.1
all_households,fourth_quintile,1984,0.5,0.2,,0.1,0.1
all_households,fourth_quintile,1985,0.5,0.2,,0.1,0.1
all_households,fourth_quintile,1986,0.5,0.2,,0.1,0.1
all_households,fourth_quintile,1987,0.4,0.2,,0.1,0.1
all_households,fourth_quintile,1988,0.6,0.3,,0.2,0.1
all_households,fourth_quintile,1989,0.6,0.3,,0.2,0.1
all_households,fourth_quintile,1990,0.7,0.3,,0.2,0.1
all_households,fourth_quintile,1991,0.9,0.4,0.1,0.2,0.1
all_households,fourth_quintile,1992,1.1,0.6,0.1,0.3,0.1
all_households,fourth_quintile,1993,1.2,0.6,0.1,0.3,0.2
all_households,fourth_quintile,1994,1.2,0.7,0.1,0.3,0.2
all_households,fourth_quintile,1995,1.3,0.8,0.1,0.3,0.2
all_households,fourth_quintile,1996,1.2,0.7,0.1,0.3,0.1
all_households,fourth_quintile,1997,1.2,0.7,0.1,0.3,0.1
all_households,fourth_quintile,1998,1.2,0.8,,0.2,0.1
all_households,fourth_quintile,1999,1.3,0.9,,0.2,0.1
all_households,fourth_quintile,2000,1.4,1.0,,0.3,0.1
all_households,fourth_quintile,2001,1.5,1.1,,0.3,0.1
all_households,fourth_quintile,2002,1.8,1.4,,0.3,0.1
all_households,fourth_quintile,2003,2.1,1.6,0.1,0.3,0.1
all_households,fourth_quintile,2004,2.2,1.7,0.1,0.4,0.1
all_households,fourth_quintile,2005,2.1,1.6,0.1,0.3,0.1
all_households,fourth_quintile,2006,1.9,1.4,0.1,0.3,0.2
all_households,fourth_quintile,2007,2.1,1.5,0.1,0.3,0.2
all_households,fourth_quintile,2008,2.2,1.6,0.1,0.3,0.2
all_households,fourth_quintile,2009,2.8,2.0,0.1,0.4,0.3
all_households,fourth_quintile,2010,2.9,2.0,0.2,0.4,0.3
all_households,fourth_quintile,2011,2.8,1.9,0.2,0.4,0.3
all_households,fourth_quintile,2012,2.6,1.8,0.2,0.4,0.2
all_households,fourth_quintile,2013,2.6,1.9,0.2,0.3,0.2
all_households,fourth_quintile,2014,3.2,2.4,0.2,0.4,0.3
all_households,fourth_quintile,2015,3.4,2.5,0.2,0.4,0.3
all_households,highest_quintile,1979,0.2,0.1,,,
all_households,highest_quintile,1980,0.2,0.1,,,
all_households,highest_quintile,1981,0.2,0.1,,0.1,
all_households,highest_quintile,1982,0.1,0.1,,,
all_households,highest_quintile,1983,0.1,,,,
all_households,highest_quintile,1984,0.1,,,,
all_households,highest_quintile,1985,0.1,,,,
all_households,highest_quintile,1986,0.1,,,,
all_households,highest_quintile,1987,0.1,,,,
all_households,highest_quintile,1988,0.1,0.1,,,
all_households,highest_quintile,1989,0.2,0.1,,,
all_households,highest_quintile,1990,0.2,0.1,,0.1,
all_households,highest_quintile,1991,0.2,0.1,,,
all_households,highest_quintile,1992,0.3,0.1,,0.1,
all_households,highest_quintile,1993,0.3,0.2,,0.1,
all_households,highest_quintile,1994,0.3,0.2,,0.1,
all_households,highest_quintile,1995,0.3,0.2,,0.1,
all_households,highest_quintile,1996,0.3,0.2,,0.1,
all_households,highest_quintile,1997,0.2,0.2,,0.1,
all_households,highest_quintile,1998,0.2,0.2,,,
all_households,highest_quintile,1999,0.2,0.2,,0.1,
all_households,highest_quintile,2000,0.3,0.2,,,
all_households,highest_quintile,2001,0.3,0.2,,,
all_households,highest_quintile,2002,0.4,0.3,,0.1,
all_households,highest_quintile,2003,0.4,0.3,,0.1,
all_households,highest_quintile,2004,0.4,0.3,,0.1,
all_households,highest_quintile,2005,0.4,0.3,,0.1,
all_households,highest_quintile,2006,0.3,0.3,,0.1,
all_households,highest_quintile,2007,0.4,0.3,,0.1,
all_households,highest_quintile,2008,0.4,0.3,,0.1,
all_households,highest_quintile,2009,0.5,0.4,,0.1,
all_households,highest_quintile,2010,0.5,0.4,,0.1,
all_households,highest_quintile,2011,0.4,0.3,,0.1,
all_households,highest_quintile,2012,0.4,0.3,,0.1,
all_households,highest_quintile,2013,0.4,0.3,,,
all_households,highest_quintile,2014,0.5,0.4,,0.1,
all_households,highest_quintile,2015,0.5,0.4,,0.1,
all_households,percentiles_81_90,1979,0.3,0.1,,0.1,0.1
all_households,percentiles_81_90,1980,0.3,0.1,,0.1,0.1
all_households,percentiles_81_90,1981,0.3,0.1,,0.1,0.1
all_households,percentiles_81_90,1982,0.2,0.1,,0.1,
all_households,percentiles_81_90,1983,0.2,0.1,,0.1,0.1
all_households,percentiles_81_90,1984,0.2,0.1,,0.1,0.1
all_households,percentiles_81_90,1985,0.2,0.1,,0.1,
all_households,percentiles_81_90,1986,0.2,0.1,,0.1,0.1
all_households,percentiles_81_90,1987,0.2,0.1,,0.1,
all_households,percentiles_81_90,1988,0.2,0.1,,0.1,
all_households,percentiles_81_90,1989,0.3,0.1,,0.1,0.1
all_households,percentiles_81_90,1990,0.3,0.1,,0.1,0.1
all_households,percentiles_81_90,1991,0.3,0.2,,0.1,0.1
all_households,percentiles_81_90,1992,0.5,0.3,,0.1,0.1
all_households,percentiles_81_90,1993,0.6,0.3,,0.2,0.1
all_households,percentiles_81_90,1994,0.6,0.3,,0.1,0.1
all_households,percentiles_81_90,1995,0.5,0.3,,0.1,0.1
all_households,percentiles_81_90,1996,0.5,0.3,,0.1,0.1
all_households,percentiles_81_90,1997,0.5,0.3,,0.1,
all_households,percentiles_81_90,1998,0.5,0.4,,0.1,
all_households,percentiles_81_90,1999,0.6,0.4,,0.1,
all_households,percentiles_81_90,2000,0.6,0.4,,0.1,
all_households,percentiles_81_90,2001,0.6,0.5,,0.1,
all_households,percentiles_81_90,2002,0.8,0.7,,0.1,0.1
all_households,percentiles_81_90,2003,0.8,0.6,,0.1,
all_households,percentiles_81_90,2004,0.9,0.7,,0.2,
all_households,percentiles_81_90,2005,0.9,0.7,,0.1,
all_households,percentiles_81_90,2006,0.8,0.6,,0.1,0.1
all_households,percentiles_81_90,2007,0.9,0.7,,0.1,0.1
all_households,percentiles_81_90,2008,0.9,0.7,,0.1,0.1
all_households,percentiles_81_90,2009,1.1,0.8,,0.1,0.1
all_households,percentiles_81_90,2010,1.2,0.9,0.1,0.1,0.1
all_households,percentiles_81_90,2011,1.0,0.7,,0.2,0.1
all_households,percentiles_81_90,2012,1.0,0.7,,0.1,0.1
all_households,percentiles_81_90,2013,0.8,0.6,,0.1,0.1
all_households,percentiles_81_90,2014,1.1,0.9,,0.1,0.1
all_households,percentiles_81_90,2015,1.2,0.9,0.1,0.1,0.1
all_households,percentiles_91_95,1979,0.2,0.1,,,
all_households,percentiles_91_95,1980,0.2,0.1,,,
all_households,percentiles_91_95,1981,0.1,,,,
all_households,percentiles_91_95,1982,0.1,0.1,,,
all_households,percentiles_91_95,1983,0.1,,,,
all_households,percentiles_91_95,1984,0.1,,,,
all_households,percentiles_91_95,1985,0.1,,,,
all_households,percentiles_91_95,1986,0.1,,,,
all_households,percentiles_91_95,1987,0.1,,,,
all_households,percentiles_91_95,1988,0.1,0.1,,,
all_households,percentiles_91_95,1989,0.2,0.1,,0.1,
all_households,percentiles_91_95,1990,0.2,0.1,,0.1,0.1
all_households,percentiles_91_95,1991,0.3,0.1,,0.1,
all_households,percentiles_91_95,1992,0.3,0.2,,0.1,0.1
all_households,percentiles_91_95,1993,0.3,0.2,,0.1,
all_households,percentiles_91_95,1994,0.4,0.2,,0.1,
all_households,percentiles_91_95,1995,0.4,0.2,,0.1,
all_households,percentiles_91_95,1996,0.3,0.2,,0.1,
all_households,percentiles_91_95,1997,0.3,0.2,,0.1,
all_households,percentiles_91_95,1998,0.3,0.2,,0.1,
all_households,percentiles_91_95,1999,0.3,0.2,,0.1,
all_households,percentiles_91_95,2000,0.3,0.2,,0.1,
all_households,percentiles_91_95,2001,0.3,0.3,,0.1,
all_households,percentiles_91_95,2002,0.4,0.3,,0.1,
all_households,percentiles_91_95,2003,0.5,0.4,,0.1,
all_households,percentiles_91_95,2004,0.5,0.4,,0.1,
all_households,percentiles_91_95,2005,0.5,0.4,,0.1,
all_households,percentiles_91_95,2006,0.5,0.3,,0.1,
all_households,percentiles_91_95,2007,0.5,0.4,,0.1,0.1
all_households,percentiles_91_95,2008,0.5,0.4,,0.1,0.1
all_households,percentiles_91_95,2009,0.6,0.4,,0.1,0.1
all_households,percentiles_91_95,2010,0.6,0.4,,0.1,0.1
all_households,percentiles_91_95,2011,0.4,0.3,,,
all_households,percentiles_91_95,2012,0.5,0.4,,0.1,
all_households,percentiles_91_95,2013,0.4,0.3,,,
all_households,percentiles_91_95,2014,0.5,0.4,,0.1,
all_households,percentiles_91_95,2015,0.6,0.5,,0.1,0.1
all_households,percentiles_96_99,1979,0.1,,,,
all_households,percentiles_96_99,1980,0.1,,,,
all_households,percentiles_96_99,1981,0.1,,,,
all_households,percentiles_96_99,1982,0.1,,,,
all_households,percentiles_96_99,1983,0.1,,,,
all_households,percentiles_96_99,1984,0.1,,,,
all_households,percentiles_96_99,1985,0.1,,,,
all_households,percentiles_96_99,1986,0.1,,,,
all_households,percentiles_96_99,1987,0.1,,,,
all_households,percentiles_96_99,1988,0.1,,,,0.1
all_households,percentiles_96_99,1989,0.1,,,,
all_households,percentiles_96_99,1990,0.1,0.1,,,
all_households,percentiles_96_99,1991,0.1,0.1,,,
all_households,percentiles_96_99,1992,0.2,0.1,,,
all_households,percentiles_96_99,1993,0.1,0.1,,,
all_households,percentiles_96_99,1994,0.2,0.1,,,
all_households,percentiles_96_99,1995,0.2,0.1,,,
all_households,percentiles_96_99,1996,0.1,0.1,,,
all_households,percentiles_96_99,1997,0.1,0.1,,,
all_households,percentiles_96_99,1998,0.1,0.1,,,
all_households,percentiles_96_99,1999,0.1,0.1,,,
all_households,percentiles_96_99,2000,0.2,0.1,,,
all_households,percentiles_96_99,2001,0.2,0.1,,,
all_households,percentiles_96_99,2002,0.2,0.1,,,
all_households,percentiles_96_99,2003,0.2,0.1,,,
all_households,percentiles_96_99,2004,0.2,0.2,,,
all_households,percentiles_96_99,2005,0.2,0.2,,,
all_households,percentiles_96_99,2006,0.2,0.2,,,
all_households,percentiles_96_99,2007,0.2,0.2,,,
all_households,percentiles_96_99,2008,0.2,0.2,,,
all_households,percentiles_96_99,2009,0.3,0.2,,,
all_households,percentiles_96_99,2010,0.2,0.2,,,
all_households,percentiles_96_99,2011,0.2,0.2,,,
all_households,percentiles_96_99,2012,0.2,0.1,,,
all_households,percentiles_96_99,2013,0.2,0.1,,,
all_households,percentiles_96_99,2014,0.2,0.2,,,
all_households,percentiles_96_99,2015,0.3,0.2,,,
all_households,top_1_percent,1979,,,,,
all_households,top_1_percent,1980,,,,,
all_households,top_1_percent,1981,,,,,
all_households,top_1_percent,1982,,,,,
all_households,top_1_percent,1983,,,,,
all_households,top_1_percent,1984,,,,,
all_households,top_1_percent,1985,,,,,
all_households,top_1_percent,1986,,,,,
all_households,top_1_percent,1987,,,,,
all_households,top_1_percent,1988,,,,,
all_households,top_1_percent,1989,,,,,
all_households,top_1_percent,1990,,,,,
all_households,top_1_percent,1991,,,,,
all_households,top_1_percent,1992,,,,,
all_households,top_1_percent,1993,,,,,
all_households,top_1_percent,1994,,,,,
all_households,top_1_percent,1995,,,,,
all_households,top_1_percent,1996,,,,,
all_households,top_1_percent,1997,,,,,
all_households,top_1_percent,1998,,,,,
all_households,top_1_percent,1999,,,,,
all_households,top_1_percent,2000,,,,,
all_households,top_1_percent,2001,,,,,
all_households,top_1_percent,2002,,,,,
all_households,top_1_percent,2003,,,,,
all_households,top_1_percent,2004,,,,,
all_households,top_1_percent,2005,,,,,
all_households,top_1_percent,2006,,,,,
all_households,top_1_percent,2007,,,,,
all_households,top_1_percent,2008,,,,,
all_households,top_1_percent,2009,0.1,,,,
all_households,top_1_percent,2010,0.1,,,,
all_households,top_1_percent,2011,0.1,,,,
all_households,top_1_percent,2012,,,,,
all_households,top_1_percent,2013,,,,,
all_households,top_1_percent,2014,0.1,,,,
all_households,top_1_percent,2015,0.1,,,,
hh_with_children,all_quintiles,1979,3.2,0.9,0.6,0.2,1.5
hh_with_children,all_quintiles,1980,3.5,0.9,0.8,0.3,1.6
hh_with_children,all_quintiles,1981,3.5,0.9,0.8,0.2,1.5
hh_with_children,all_quintiles,1982,3.5,0.9,0.8,0.3,1.5
hh_with_children,all_quintiles,1983,3.5,0.9,0.8,0.2,1.5
hh_with_children,all_quintiles,1984,3.2,0.9,0.7,0.2,1.4
hh_with_children,all_quintiles,1985,3.3,0.9,0.6,0.3,1.5
hh_with_children,all_quintiles,1986,3.2,0.9,0.6,0.2,1.4
hh_with_children,all_quintiles,1987,3.4,1.1,0.6,0.3,1.4
hh_with_children,all_quintiles,1988,3.2,1.1,0.6,0.3,1.3
hh_with_children,all_quintiles,1989,3.3,1.2,0.6,0.3,1.3
hh_with_children,all_quintiles,1990,3.8,1.5,0.7,0.3,1.4
hh_with_children,all_quintiles,1991,4.4,1.7,0.8,0.3,1.5
hh_with_children,all_quintiles,1992,4.7,2.0,0.9,0.4,1.4
hh_with_children,all_quintiles,1993,4.9,2.1,0.9,0.5,1.5
hh_with_children,all_quintiles,1994,4.8,2.0,0.9,0.5,1.4
hh_with_children,all_quintiles,1995,4.5,2.0,0.8,0.5,1.2
hh_with_children,all_quintiles,1996,4.2,1.9,0.7,0.5,1.1
hh_with_children,all_quintiles,1997,3.7,1.8,0.6,0.5,0.8
hh_with_children,all_quintiles,1998,3.6,2.0,0.5,0.4,0.8
hh_with_children,all_quintiles,1999,3.4,2.0,0.4,0.4,0.6
hh_with_children,all_quintiles,2000,3.3,2.1,0.3,0.3,0.5
hh_with_children,all_quintiles,2001,3.8,2.5,0.4,0.4,0.6
hh_with_children,all_quintiles,2002,4.3,2.9,0.4,0.4,0.6
hh_with_children,all_quintiles,2003,4.6,3.1,0.5,0.4,0.6
hh_with_children,all_quintiles,2004,4.5,3.1,0.5,0.4,0.5
hh_with_children,all_quintiles,2005,4.4,3.0,0.5,0.4,0.5
hh_with_children,all_quintiles,2006,4.2,2.8,0.5,0.3,0.5
hh_with_children,all_quintiles,2007,4.2,2.9,0.5,0.3,0.5
hh_with_children,all_quintiles,2008,4.8,3.3,0.6,0.4,0.5
hh_with_children,all_quintiles,2009,5.9,3.8,1.0,0.4,0.6
hh_with_children,all_quintiles,2010,5.9,3.8,1.1,0.4,0.6
hh_with_children,all_quintiles,2011,5.9,3.7,1.1,0.4,0.7
hh_with_children,all_quintiles,2012,5.8,3.7,1.1,0.4,0.6
hh_with_children,all_quintiles,2013,6.0,3.9,1.1,0.4,0.6
hh_with_children,all_quintiles,2014,6.8,4.9,0.9,0.4,0.6
hh_with_children,all_quintiles,2015,7.1,5.3,0.9,0.4,0.6
hh_with_children,lowest_quintile,1979,27.4,7.0,6.7,1.1,12.6
hh_with_children,lowest_quintile,1980,27.2,6.6,7.3,1.0,12.3
hh_with_children,lowest_quintile,1981,28.3,6.8,8.1,1.0,12.4
hh_with_children,lowest_quintile,1982,29.8,7.4,7.9,1.2,13.4
hh_with_children,lowest_quintile,1983,32.3,8.1,8.6,1.0,14.6
hh_with_children,lowest_quintile,1984,28.6,7.3,7.0,1.3,12.9
hh_with_children,lowest_quintile,1985,30.2,7.9,6.9,1.3,14.1
hh_with_children,lowest_quintile,1986,31.2,8.8,6.8,1.2,14.4
hh_with_children,lowest_quintile,1987,39.1,11.6,8.2,2.0,17.3
hh_with_children,lowest_quintile,1988,34.8,10.4,7.6,1.4,15.3
hh_with_children,lowest_quintile,1989,32.9,10.6,7.3,1.3,13.7
hh_with_children,lowest_quintile,1990,33.6,11.6,7.4,1.2,13.3
hh_with_children,lowest_quintile,1991,35.1,12.6,8.1,1.3,13.2
hh_with_children,lowest_quintile,1992,33.1,13.0,7.9,1.4,10.8
hh_with_children,lowest_quintile,1993,34.4,13.5,7.8,1.6,11.5
hh_with_children,lowest_quintile,1994,34.7,13.3,8.1,2.1,11.2
hh_with_children,lowest_quintile,1995,29.7,11.9,6.8,2.0,9.0
hh_with_children,lowest_quintile,1996,25.9,10.6,5.9,1.8,7.7
hh_with_children,lowest_quintile,1997,20.5,9.5,4.3,1.2,5.5
hh_with_children,lowest_quintile,1998,21.4,11.2,3.8,1.4,5.1
hh_with_children,lowest_quintile,1999,20.7,11.6,3.4,1.1,4.6
hh_with_children,lowest_quintile,2000,21.2,13.1,3.0,1.1,4.0
hh_with_children,lowest_quintile,2001,24.3,15.2,3.5,1.3,4.3
hh_with_children,lowest_quintile,2002,24.9,16.2,3.7,1.1,3.9
hh_with_children,lowest_quintile,2003,28.0,18.3,4.5,1.2,4.1
hh_with_children,lowest_quintile,2004,28.7,18.8,5.0,1.2,3.7
hh_with_children,lowest_quintile,2005,29.0,18.4,5.3,1.3,4.1
hh_with_children,lowest_quintile,2006,29.0,18.7,5.3,1.3,3.7
hh_with_children,lowest_quintile,2007,27.3,17.7,4.9,1.3,3.5
hh_with_children,lowest_quintile,2008,30.1,19.4,5.7,1.3,3.8
hh_with_children,lowest_quintile,2009,34.6,21.1,8.3,1.3,4.0
hh_with_children,lowest_quintile,2010,35.1,20.9,8.9,1.3,4.0
hh_with_children,lowest_quintile,2011,37.4,21.4,10.0,1.4,4.5
hh_with_children,lowest_quintile,2012,39.3,22.9,10.6,1.5,4.3
hh_with_children,lowest_quintile,2013,39.8,24.2,9.9,1.5,4.3
hh_with_children,lowest_quintile,2014,45.9,31.3,8.8,1.3,4.4
hh_with_children,lowest_quintile,2015,47.1,33.3,8.3,1.5,4.1
hh_with_children,second_quintile,1979,6.5,1.8,1.1,0.7,2.9
hh_with_children,second_quintile,1980,7.7,2.1,1.4,0.8,3.3
hh_with_children,second_quintile,1981,7.2,1.9,1.4,0.7,3.2
hh_with_children,second_quintile,1982,7.7,2.1,1.5,0.9,3.2
hh_with_children,second_quintile,1983,7.4,2.1,1.3,0.9,3.1
hh_with_children,second_quintile,1984,7.1,2.0,1.3,0.6,3.2
hh_with_children,second_quintile,1985,7.0,2.1,1.2,0.7,3.0
hh_with_children,second_quintile,1986,7.0,2.1,1.1,0.8,2.9
hh_with_children,second_quintile,1987,6.1,2.2,0.8,0.8,2.3
hh_with_children,second_quintile,1988,6.0,2.1,0.8,0.8,2.2
hh_with_children,second_quintile,1989,7.0,2.8,0.9,0.9,2.4
hh_with_children,second_quintile,1990,8.0,3.2,1.1,0.9,2.7
hh_with_children,second_quintile,1991,9.4,3.9,1.6,1.0,3.0
hh_with_children,second_quintile,1992,11.5,4.9,1.9,1.3,3.4
hh_with_children,second_quintile,1993,12.7,5.6,2.0,1.5,3.8
hh_with_children,second_quintile,1994,11.7,5.1,1.9,1.5,3.3
hh_with_children,second_quintile,1995,11.4,5.2,1.8,1.5,3.0
hh_with_children,second_quintile,1996,12.0,5.5,1.9,1.6,3.0
hh_with_children,second_quintile,1997,11.1,5.2,1.6,1.5,2.7
hh_with_children,second_quintile,1998,10.7,5.7,1.3,1.4,2.3
hh_with_children,second_quintile,1999,10.4,5.9,1.2,1.3,2.0
hh_with_children,second_quintile,2000,9.7,5.9,1.0,1.2,1.7
hh_with_children,second_quintile,2001,10.6,6.7,1.0,1.2,1.6
hh_with_children,second_quintile,2002,12.1,7.9,1.3,1.2,1.7
hh_with_children,second_quintile,2003,13.0,8.6,1.4,1.2,1.8
hh_with_children,second_quintile,2004,13.0,8.8,1.5,1.1,1.6
hh_with_children,second_quintile,2005,14.0,9.4,1.6,1.3,1.6
hh_with_children,second_quintile,2006,13.1,8.8,1.6,1.2,1.5
hh_with_children,second_quintile,2007,12.5,8.4,1.5,1.2,1.4
hh_with_children,second_quintile,2008,14.1,9.5,1.8,1.2,1.6
hh_with_children,second_quintile,2009,16.5,10.5,2.8,1.3,1.8
hh_with_children,second_quintile,2010,17.3,11.1,3.1,1.2,1.9
hh_with_children,second_quintile,2011,17.6,11.0,3.3,1.3,2.0
hh_with_children,second_quintile,2012,17.7,11.3,3.3,1.3,1.9
hh_with_children,second_quintile,2013,18.2,11.9,3.2,1.4,1.8
hh_with_children,second_quintile,2014,20.2,14.5,2.7,1.2,1.8
hh_with_children,second_quintile,2015,21.8,16.2,2.6,1.3,1.8
hh_with_children,middle_quintile,1979,1.6,0.5,0.2,0.2,0.7
hh_with_children,middle_quintile,1980,1.9,0.5,0.3,0.2,0.8
hh_with_children,middle_quintile,1981,1.8,0.5,0.3,0.2,0.7
hh_with_children,middle_quintile,1982,1.4,0.4,0.2,0.2,0.6
hh_with_children,middle_quintile,1983,1.2,0.4,0.2,0.2,0.5
hh_with_children,middle_quintile,1984,1.5,0.5,0.2,0.2,0.6
hh_with_children,middle_quintile,1985,1.3,0.5,0.1,0.3,0.5
hh_with_children,middle_quintile,1986,1.3,0.5,0.1,0.2,0.5
hh_with_children,middle_quintile,1987,1.2,0.4,0.1,0.2,0.5
hh_with_children,middle_quintile,1988,1.4,0.6,0.1,0.2,0.5
hh_with_children,middle_quintile,1989,1.4,0.6,0.1,0.3,0.5
hh_with_children,middle_quintile,1990,2.2,0.9,0.2,0.4,0.6
hh_with_children,middle_quintile,1991,2.7,1.2,0.3,0.4,0.7
hh_with_children,middle_quintile,1992,3.4,1.6,0.4,0.6,0.8
hh_with_children,middle_quintile,1993,3.7,1.7,0.4,0.6,0.9
hh_with_children,middle_quintile,1994,3.9,1.9,0.5,0.6,1.0
hh_with_children,middle_quintile,1995,4.0,2.0,0.4,0.7,0.9
hh_with_children,middle_quintile,1996,3.7,1.9,0.4,0.7,0.8
hh_with_children,middle_quintile,1997,3.6,2.0,0.4,0.7,0.6
hh_with_children,middle_quintile,1998,3.6,2.1,0.3,0.6,0.6
hh_with_children,middle_quintile,1999,3.4,2.1,0.2,0.6,0.5
hh_with_children,middle_quintile,2000,3.7,2.4,0.3,0.6,0.5
hh_with_children,middle_quintile,2001,4.0,2.8,0.2,0.5,0.5
hh_with_children,middle_quintile,2002,5.0,3.5,0.3,0.7,0.5
hh_with_children,middle_quintile,2003,5.2,3.7,0.3,0.6,0.5
hh_with_children,middle_quintile,2004,5.4,3.9,0.4,0.6,0.5
hh_with_children,middle_quintile,2005,5.2,3.8,0.4,0.5,0.5
hh_with_children,middle_quintile,2006,4.9,3.5,0.4,0.5,0.5
hh_with_children,middle_quintile,2007,5.3,3.8,0.4,0.6,0.5
hh_with_children,middle_quintile,2008,5.9,4.2,0.5,0.6,0.6
hh_with_children,middle_quintile,2009,7.4,5.1,0.8,0.8,0.7
hh_with_children,middle_quintile,2010,7.6,5.2,0.9,0.7,0.7
hh_with_children,middle_quintile,2011,7.7,5.2,1.0,0.7,0.8
hh_with_children,middle_quintile,2012,7.7,5.2,0.9,0.8,0.8
hh_with_children,middle_quintile,2013,8.3,5.7,1.0,0.8,0.8
hh_with_children,middle_quintile,2014,9.3,6.9,0.8,0.8,0.8
hh_with_children,middle_quintile,2015,9.9,7.6,0.8,0.7,0.8
hh_with_children,fourth_quintile,1979,0.7,0.2,0.1,0.1,0.3
hh_with_children,fourth_quintile,1980,0.7,0.2,0.1,0.1,0.3
hh_with_children,fourth_quintile,1981,0.7,0.2,0.1,0.1,0.3
hh_with_children,fourth_quintile,1982,0.4,0.1,,,0.2
hh_with_children,fourth_quintile,1983,0.4,0.1,,0.1,0.2
hh_with_children,fourth_quintile,1984,0.5,0.1,0.1,0.1,0.2
hh_with_children,fourth_quintile,1985,0.5,0.2,,0.1,0.2
hh_with_children,fourth_quintile,1986,0.4,0.1,,0.1,0.2
hh_with_children,fourth_quintile,1987,0.4,0.2,,0.1,0.2
hh_with_children,fourth_quintile,1988,0.6,0.2,,0.1,0.2
hh_with_children,fourth_quintile,1989,0.6,0.2,,0.1,0.2
hh_with_children,fourth_quintile,1990,0.6,0.3,,0.1,0.2
hh_with_children,fourth_quintile,1991,0.8,0.4,0.1,0.1,0.2
hh_with_children,fourth_quintile,1992,1.2,0.6,0.1,0.2,0.3
hh_with_children,fourth_quintile,1993,1.2,0.6,0.1,0.3,0.3
hh_with_children,fourth_quintile,1994,1.4,0.7,0.1,0.2,0.3
hh_with_children,fourth_quintile,1995,1.3,0.7,0.1,0.2,0.3
hh_with_children,fourth_quintile,1996,1.1,0.6,0.1,0.2,0.2
hh_with_children,fourth_quintile,1997,1.1,0.6,0.1,0.2,0.2
hh_with_children,fourth_quintile,1998,1.1,0.7,0.1,0.2,0.2
hh_with_children,fourth_quintile,1999,1.2,0.8,,0.2,0.2
hh_with_children,fourth_quintile,2000,1.3,0.9,,0.2,0.1
hh_with_children,fourth_quintile,2001,1.3,1.0,,0.2,0.1
hh_with_children,fourth_quintile,2002,1.7,1.3,0.1,0.2,0.1
hh_with_children,fourth_quintile,2003,2.0,1.5,0.1,0.3,0.2
hh_with_children,fourth_quintile,2004,2.0,1.5,0.1,0.3,0.1
hh_with_children,fourth_quintile,2005,1.7,1.3,0.1,0.2,0.1
hh_with_children,fourth_quintile,2006,1.7,1.3,0.1,0.2,0.2
hh_with_children,fourth_quintile,2007,1.8,1.4,0.1,0.2,0.2
hh_with_children,fourth_quintile,2008,2.0,1.5,0.1,0.2,0.2
hh_with_children,fourth_quintile,2009,2.6,1.9,0.2,0.3,0.2
hh_with_children,fourth_quintile,2010,2.7,1.9,0.3,0.3,0.2
hh_with_children,fourth_quintile,2011,2.4,1.7,0.2,0.2,0.2
hh_with_children,fourth_quintile,2012,2.5,1.8,0.2,0.3,0.2
hh_with_children,fourth_quintile,2013,2.4,1.8,0.2,0.2,0.2
hh_with_children,fourth_quintile,2014,3.5,2.7,0.2,0.3,0.3
hh_with_children,fourth_quintile,2015,3.7,2.8,0.2,0.3,0.3
hh_with_children,highest_quintile,1979,0.2,0.1,,,0.1
hh_with_children,highest_quintile,1980,0.2,0.1,,,0.1
hh_with_children,highest_quintile,1981,0.2,0.1,,,0.1
hh_with_children,highest_quintile,1982,0.2,0.1,,,0.1
hh_with_children,highest_quintile,1983,0.1,,,,0.1
hh_with_children,highest_quintile,1984,0.2,0.1,,,0.1
hh_with_children,highest_quintile,1985,0.2,,,,0.1
hh_with_children,highest_quintile,1986,0.2,,,,0.1
hh_with_children,highest_quintile,1987,0.1,,,,0.1
hh_with_children,highest_quintile,1988,0.1,0.1,,,
hh_with_children,highest_quintile,1989,0.2,0.1,,,0.1
hh_with_children,highest_quintile,1990,0.2,0.1,,,0.1
hh_with_children,highest_quintile,1991,0.3,0.1,,,0.1
hh_with_children,highest_quintile,1992,0.3,0.2,,0.1,0.1
hh_with_children,highest_quintile,1993,0.3,0.2,,0.1,0.1
hh_with_children,highest_quintile,1994,0.3,0.2,,0.1,0.1
hh_with_children,highest_quintile,1995,0.3,0.2,,0.1,0.1
hh_with_children,highest_quintile,1996,0.3,0.1,,,0.1
hh_with_children,highest_quintile,1997,0.2,0.1,,,
hh_with_children,highest_quintile,1998,0.2,0.1,,,
hh_with_children,highest_quintile,1999,0.2,0.1,,,
hh_with_children,highest_quintile,2000,0.2,0.1,,,
hh_with_children,highest_quintile,2001,0.3,0.2,,,
hh_with_children,highest_quintile,2002,0.3,0.2,,,
hh_with_children,highest_quintile,2003,0.4,0.3,,,
hh_with_children,highest_quintile,2004,0.4,0.3,,0.1,
hh_with_children,highest_quintile,2005,0.3,0.2,,,
hh_with_children,highest_quintile,2006,0.3,0.2,,,
hh_with_children,highest_quintile,2007,0.3,0.2,,,
hh_with_children,highest_quintile,2008,0.4,0.3,,,
hh_with_children,highest_quintile,2009,0.5,0.4,,0.1,
hh_with_children,highest_quintile,2010,0.5,0.3,,,
hh_with_children,highest_quintile,2011,0.4,0.3,,,
hh_with_children,highest_quintile,2012,0.3,0.3,,,
hh_with_children,highest_quintile,2013,0.4,0.3,,,
hh_with_children,highest_quintile,2014,0.5,0.4,,,
hh_with_children,highest_quintile,2015,0.6,0.5,,,
hh_with_children,percentiles_81_90,1979,0.4,0.1,,0.1,0.2
hh_with_children,percentiles_81_90,1980,0.3,0.1,,,0.2
hh_with_children,percentiles_81_90,1981,0.3,0.1,,,0.1
hh_with_children,percentiles_81_90,1982,0.3,0.1,,0.1,0.1
hh_with_children,percentiles_81_90,1983,0.2,0.1,,,0.1
hh_with_children,percentiles_81_90,1984,0.3,0.1,,0.1,0.1
hh_with_children,percentiles_81_90,1985,0.2,0.1,,,0.1
hh_with_children,percentiles_81_90,1986,0.3,0.1,,,0.1
hh_with_children,percentiles_81_90,1987,0.2,0.1,,,0.1
hh_with_children,percentiles_81_90,1988,0.2,0.1,,,0.1
hh_with_children,percentiles_81_90,1989,0.3,0.1,,,0.1
hh_with_children,percentiles_81_90,1990,0.3,0.2,,0.1,0.1
hh_with_children,percentiles_81_90,1991,0.4,0.2,,0.1,0.1
hh_with_children,percentiles_81_90,1992,0.5,0.3,,0.1,0.1
hh_with_children,percentiles_81_90,1993,0.6,0.3,,0.1,0.1
hh_with_children,percentiles_81_90,1994,0.6,0.3,,0.1,0.1
hh_with_children,percentiles_81_90,1995,0.6,0.3,,0.1,0.1
hh_with_children,percentiles_81_90,1996,0.6,0.3,,0.1,0.1
hh_with_children,percentiles_81_90,1997,0.5,0.3,,0.1,0.1
hh_with_children,percentiles_81_90,1998,0.4,0.2,,0.1,0.1
hh_with_children,percentiles_81_90,1999,0.5,0.3,,0.1,0.1
hh_with_children,percentiles_81_90,2000,0.5,0.4,,0.1,0.1
hh_with_children,percentiles_81_90,2001,0.6,0.4,,0.1,0.1
hh_with_children,percentiles_81_90,2002,0.7,0.5,,0.1,0.1
hh_with_children,percentiles_81_90,2003,0.7,0.6,,0.1,0.1
hh_with_children,percentiles_81_90,2004,0.8,0.6,,0.1,0.1
hh_with_children,percentiles_81_90,2005,0.7,0.5,,0.1,0.1
hh_with_children,percentiles_81_90,2006,0.7,0.6,,0.1,0.1
hh_with_children,percentiles_81_90,2007,0.7,0.6,,0.1,0.1
hh_with_children,percentiles_81_90,2008,0.9,0.7,,0.1,0.1
hh_with_children,percentiles_81_90,2009,1.0,0.8,0.1,0.1,0.1
hh_with_children,percentiles_81_90,2010,1.1,0.8,0.1,0.1,0.1
hh_with_children,percentiles_81_90,2011,0.9,0.7,,0.1,0.1
hh_with_children,percentiles_81_90,2012,0.9,0.7,,0.1,0.1
hh_with_children,percentiles_81_90,2013,0.8,0.6,,0.1,0.1
hh_with_children,percentiles_81_90,2014,1.2,0.9,0.1,0.1,0.1
hh_with_children,percentiles_81_90,2015,1.5,1.2,0.1,0.1,0.1
hh_with_children,percentiles_91_95,1979,0.2,0.1,,,0.1
hh_with_children,percentiles_91_95,1980,0.2,0.1,,,0.1
hh_with_children,percentiles_91_95,1981,0.2,,,,0.1
hh_with_children,percentiles_91_95,1982,0.2,0.1,,,0.1
hh_with_children,percentiles_91_95,1983,0.1,,,,0.1
hh_with_children,percentiles_91_95,1984,0.2,,,,0.1
hh_with_children,percentiles_91_95,1985,0.2,,,,0.1
hh_with_children,percentiles_91_95,1986,0.2,0.1,,,0.1
hh_with_children,percentiles_91_95,1987,0.1,,,,
hh_with_children,percentiles_91_95,1988,0.2,0.1,,,0.1
hh_with_children,percentiles_91_95,1989,0.2,0.1,,,0.1
hh_with_children,percentiles_91_95,1990,0.2,0.1,,0.1,0.1
hh_with_children,percentiles_91_95,1991,0.3,0.1,,,0.1
hh_with_children,percentiles_91_95,1992,0.5,0.2,0.1,0.1,0.2
hh_with_children,percentiles_91_95,1993,0.3,0.2,,0.1,0.1
hh_with_children,percentiles_91_95,1994,0.4,0.2,,0.1,0.1
hh_with_children,percentiles_91_95,1995,0.4,0.2,,0.1,0.1
hh_with_children,percentiles_91_95,1996,0.2,0.1,,,0.1
hh_with_children,percentiles_91_95,1997,0.2,0.1,,0.1,
hh_with_children,percentiles_91_95,1998,0.2,0.1,,,
hh_with_children,percentiles_91_95,1999,0.2,0.2,,,
hh_with_children,percentiles_91_95,2000,0.3,0.2,,,
hh_with_children,percentiles_91_95,2001,0.3,0.2,,,
hh_with_children,percentiles_91_95,2002,0.4,0.3,,,
hh_with_children,percentiles_91_95,2003,0.5,0.4,,0.1,0.1
hh_with_children,percentiles_91_95,2004,0.4,0.3,,,
hh_with_children,percentiles_91_95,2005,0.5,0.4,,,
hh_with_children,percentiles_91_95,2006,0.4,0.3,,0.1,0.1
hh_with_children,percentiles_91_95,2007,0.4,0.3,,,
hh_with_children,percentiles_91_95,2008,0.5,0.4,,0.1,0.1
hh_with_children,percentiles_91_95,2009,0.6,0.4,,0.1,
hh_with_children,percentiles_91_95,2010,0.5,0.4,,0.1,0.1
hh_with_children,percentiles_91_95,2011,0.4,0.3,,,0.1
hh_with_children,percentiles_91_95,2012,0.4,0.3,,,
hh_with_children,percentiles_91_95,2013,0.4,0.3,,,0.1
hh_with_children,percentiles_91_95,2014,0.5,0.4,,,0.1
hh_with_children,percentiles_91_95,2015,0.7,0.6,,,0.1
hh_with_children,percentiles_96_99,1979,0.1,,,,0.1
hh_with_children,percentiles_96_99,1980,0.1,,,,0.1
hh_with_children,percentiles_96_99,1981,0.2,,,,0.1
hh_with_children,percentiles_96_99,1982,0.2,0.1,,,0.1
hh_with_children,percentiles_96_99,1983,0.1,,,,0.1
hh_with_children,percentiles_96_99,1984,0.1,,,,0.1
hh_with_children,percentiles_96_99,1985,0.1,,,,0.1
hh_with_children,percentiles_96_99,1986,0.1,,,,0.1
hh_with_children,percentiles_96_99,1987,0.1,,,,0.1
hh_with_children,percentiles_96_99,1988,0.1,,,,
hh_with_children,percentiles_96_99,1989,0.1,,,,
hh_with_children,percentiles_96_99,1990,0.1,0.1,,,
hh_with_children,percentiles_96_99,1991,0.2,0.1,,,0.1
hh_with_children,percentiles_96_99,1992,0.2,0.1,,,0.1
hh_with_children,percentiles_96_99,1993,0.2,0.1,,,
hh_with_children,percentiles_96_99,1994,0.3,0.1,,,0.1
hh_with_children,percentiles_96_99,1995,0.2,0.1,,,
hh_with_children,percentiles_96_99,1996,0.1,0.1,,,
hh_with_children,percentiles_96_99,1997,0.1,,,,
hh_with_children,percentiles_96_99,1998,0.1,0.1,,,
hh_with_children,percentiles_96_99,1999,0.1,0.1,,,
hh_with_children,percentiles_96_99,2000,0.1,0.1,,,
hh_with_children,percentiles_96_99,2001,0.2,0.1,,,
hh_with_children,percentiles_96_99,2002,0.2,0.1,,,
hh_with_children,percentiles_96_99,2003,0.2,0.2,,,
hh_with_children,percentiles_96_99,2004,0.2,0.2,,,
hh_with_children,percentiles_96_99,2005,0.2,0.1,,,
hh_with_children,percentiles_96_99,2006,0.2,0.2,,,
hh_with_children,percentiles_96_99,2007,0.2,0.2,,,
hh_with_children,percentiles_96_99,2008,0.2,0.2,,,
hh_with_children,percentiles_96_99,2009,0.3,0.2,,,
hh_with_children,percentiles_96_99,2010,0.3,0.2,,,
hh_with_children,percentiles_96_99,2011,0.3,0.2,,,
hh_with_children,percentiles_96_99,2012,0.2,0.2,,,
hh_with_children,percentiles_96_99,2013,0.2,0.1,,,
hh_with_children,percentiles_96_99,2014,0.3,0.2,,,
hh_with_children,percentiles_96_99,2015,0.4,0.3,,,
hh_with_children,top_1_percent,1979,0.1,,,,
hh_with_children,top_1_percent,1980,0.1,,,,
hh_with_children,top_1_percent,1981,0.1,,,,0.1
hh_with_children,top_1_percent,1982,0.1,,,,
hh_with_children,top_1_percent,1983,0.1,,,,
hh_with_children,top_1_percent,1984,0.1,,,,
hh_with_children,top_1_percent,1985,0.1,,,,
hh_with_children,top_1_percent,1986,0.1,,,,
hh_with_children,top_1_percent,1987,,,,,
hh_with_children,top_1_percent,1988,,,,,
hh_with_children,top_1_percent,1989,0.1,,,,
hh_with_children,top_1_percent,1990,,,,,
hh_with_children,top_1_percent,1991,0.1,,,,
hh_with_children,top_1_percent,1992,,,,,
hh_with_children,top_1_percent,1993,0.1,,,,
hh_with_children,top_1_percent,1994,0.1,,,,
hh_with_children,top_1_percent,1995,0.1,,,,
hh_with_children,top_1_percent,1996,,,,,
hh_with_children,top_1_percent,1997,,,,,
hh_with_children,top_1_percent,1998,,,,,
hh_with_children,top_1_percent,1999,,,,,
hh_with_children,top_1_percent,2000,,,,,
hh_with_children,top_1_percent,2001,,,,,
hh_with_children,top_1_percent,2002,0.1,,,,
hh_with_children,top_1_percent,2003,,,,,
hh_with_children,top_1_percent,2004,,,,,
hh_with_children,top_1_percent,2005,,,,,
hh_with_children,top_1_percent,2006,,,,,
hh_with_children,top_1_percent,2007,,,,,
hh_with_children,top_1_percent,2008,0.1,,,,
hh_with_children,top_1_percent,2009,0.1,,,,
hh_with_children,top_1_percent,2010,0.1,,,,
hh_with_children,top_1_percent,2011,0.1,0.1,,,
hh_with_children,top_1_percent,2012,,,,,
hh_with_children,top_1_percent,2013,0.1,,,,
hh_with_children,top_1_percent,2014,0.1,0.1,,,
hh_with_children,top_1_percent,2015,0.1,0.1,,,
elderly_headed_hh,all_quintiles,1979,1.9,0.8,0.2,0.6,0.4
elderly_headed_hh,all_quintiles,1980,2.0,0.8,0.2,0.5,0.4
elderly_headed_hh,all_quintiles,1981,1.9,0.8,0.3,0.5,0.4
elderly_headed_hh,all_quintiles,1982,1.8,0.8,0.2,0.4,0.3
elderly_headed_hh,all_quintiles,1983,1.9,0.9,0.2,0.5,0.3
elderly_headed_hh,all_quintiles,1984,1.7,0.8,0.2,0.4,0.4
elderly_headed_hh,all_quintiles,1985,1.8,0.9,0.2,0.4,0.4
elderly_headed_hh,all_quintiles,1986,1.7,0.8,0.1,0.4,0.4
elderly_headed_hh,all_quintiles,1987,1.8,0.9,0.1,0.4,0.4
elderly_headed_hh,all_quintiles,1988,1.8,0.9,0.1,0.4,0.4
elderly_headed_hh,all_quintiles,1989,1.8,0.9,0.1,0.4,0.4
elderly_headed_hh,all_quintiles,1990,2.0,1.0,0.2,0.4,0.4
elderly_headed_hh,all_quintiles,1991,2.2,1.2,0.2,0.5,0.4
elderly_headed_hh,all_quintiles,1992,2.3,1.2,0.2,0.5,0.3
elderly_headed_hh,all_quintiles,1993,2.4,1.3,0.2,0.5,0.4
elderly_headed_hh,all_quintiles,1994,2.4,1.4,0.2,0.5,0.3
elderly_headed_hh,all_quintiles,1995,2.3,1.4,0.2,0.5,0.3
elderly_headed_hh,all_quintiles,1996,2.2,1.3,0.2,0.5,0.3
elderly_headed_hh,all_quintiles,1997,2.0,1.3,0.1,0.4,0.2
elderly_headed_hh,all_quintiles,1998,2.1,1.4,0.1,0.4,0.2
elderly_headed_hh,all_quintiles,1999,2.1,1.4,0.1,0.4,0.2
elderly_headed_hh,all_quintiles,2000,2.2,1.5,0.1,0.4,0.2
elderly_headed_hh,all_quintiles,2001,2.5,1.8,0.1,0.4,0.2
elderly_headed_hh,all_quintiles,2002,2.8,2.0,0.1,0.5,0.2
elderly_headed_hh,all_quintiles,2003,3.0,2.2,0.1,0.4,0.2
elderly_headed_hh,all_quintiles,2004,2.8,2.1,0.1,0.4,0.2
elderly_headed_hh,all_quintiles,2005,2.6,1.9,0.1,0.3,0.2
elderly_headed_hh,all_quintiles,2006,2.3,1.5,0.1,0.3,0.4
elderly_headed_hh,all_quintiles,2007,2.2,1.3,0.1,0.3,0.4
elderly_headed_hh,all_quintiles,2008,2.6,1.7,0.2,0.3,0.5
elderly_headed_hh,all_quintiles,2009,3.0,1.9,0.2,0.4,0.6
elderly_headed_hh,all_quintiles,2010,2.8,1.7,0.3,0.3,0.5
elderly_headed_hh,all_quintiles,2011,2.7,1.6,0.3,0.3,0.5
elderly_headed_hh,all_quintiles,2012,2.5,1.5,0.3,0.3,0.4
elderly_headed_hh,all_quintiles,2013,2.5,1.4,0.3,0.3,0.5
elderly_headed_hh,all_quintiles,2014,2.7,1.6,0.3,0.3,0.5
elderly_headed_hh,all_quintiles,2015,2.8,1.6,0.3,0.3,0.6
elderly_headed_hh,lowest_quintile,1979,10.0,3.9,1.7,2.5,2.0
elderly_headed_hh,lowest_quintile,1980,11.2,4.6,2.0,2.7,1.9
elderly_headed_hh,lowest_quintile,1981,11.2,4.6,2.3,2.5,1.8
elderly_headed_hh,lowest_quintile,1982,11.7,5.3,2.1,2.7,1.6
elderly_headed_hh,lowest_quintile,1983,11.8,5.6,2.2,2.6,1.3
elderly_headed_hh,lowest_quintile,1984,11.6,5.8,1.7,2.6,1.6
elderly_headed_hh,lowest_quintile,1985,10.6,4.9,1.7,2.2,1.8
elderly_headed_hh,lowest_quintile,1986,9.8,4.4,1.4,2.1,1.8
elderly_headed_hh,lowest_quintile,1987,10.2,4.1,1.4,2.4,2.2
elderly_headed_hh,lowest_quintile,1988,9.1,4.0,1.2,1.8,2.1
elderly_headed_hh,lowest_quintile,1989,9.2,3.7,1.3,2.0,2.2
elderly_headed_hh,lowest_quintile,1990,8.1,3.1,1.2,1.6,2.1
elderly_headed_hh,lowest_quintile,1991,8.7,3.6,1.4,1.7,2.0
elderly_headed_hh,lowest_quintile,1992,7.5,2.8,1.7,1.6,1.4
elderly_headed_hh,lowest_quintile,1993,6.8,2.6,1.4,1.3,1.6
elderly_headed_hh,lowest_quintile,1994,8.8,3.7,1.5,1.8,1.9
elderly_headed_hh,lowest_quintile,1995,7.7,3.0,1.5,1.9,1.3
elderly_headed_hh,lowest_quintile,1996,9.0,3.8,1.6,2.2,1.4
elderly_headed_hh,lowest_quintile,1997,8.3,3.9,1.2,2.0,1.2
elderly_headed_hh,lowest_quintile,1998,8.3,3.7,0.9,2.0,1.7
elderly_headed_hh,lowest_quintile,1999,7.1,3.0,0.8,1.5,1.7
elderly_headed_hh,lowest_quintile,2000,7.5,3.4,0.8,1.6,1.7
elderly_headed_hh,lowest_quintile,2001,6.6,2.8,0.8,1.4,1.6
elderly_headed_hh,lowest_quintile,2002,6.7,3.3,0.7,1.4,1.3
elderly_headed_hh,lowest_quintile,2003,6.4,3.1,0.8,1.0,1.5
elderly_headed_hh,lowest_quintile,2004,7.9,4.1,1.0,1.4,1.4
elderly_headed_hh,lowest_quintile,2005,7.1,3.4,1.2,1.1,1.4
elderly_headed_hh,lowest_quintile,2006,7.0,2.7,1.1,1.2,2.1
elderly_headed_hh,lowest_quintile,2007,7.5,2.7,1.1,1.2,2.5
elderly_headed_hh,lowest_quintile,2008,8.1,3.2,1.2,1.2,2.5
elderly_headed_hh,lowest_quintile,2009,7.8,2.9,1.6,1.0,2.3
elderly_headed_hh,lowest_quintile,2010,7.1,2.5,1.7,1.0,2.0
elderly_headed_hh,lowest_quintile,2011,8.6,2.6,2.4,1.0,2.5
elderly_headed_hh,lowest_quintile,2012,10.6,3.6,3.1,1.1,2.8
elderly_headed_hh,lowest_quintile,2013,10.3,3.6,2.9,1.0,2.8
elderly_headed_hh,lowest_quintile,2014,13.4,6.3,2.5,1.2,3.4
elderly_headed_hh,lowest_quintile,2015,12.7,5.4,2.4,1.2,3.7
elderly_headed_hh,second_quintile,1979,5.4,2.0,0.5,1.4,1.4
elderly_headed_hh,second_quintile,1980,6.1,2.4,0.6,1.5,1.6
elderly_headed_hh,second_quintile,1981,7.8,3.3,0.9,1.8,1.9
elderly_headed_hh,second_quintile,1982,7.9,3.4,0.8,1.8,1.9
elderly_headed_hh,second_quintile,1983,9.1,4.1,0.9,1.9,2.2
elderly_headed_hh,second_quintile,1984,8.9,4.2,0.7,1.7,2.2
elderly_headed_hh,second_quintile,1985,10.3,5.0,0.9,2.0,2.5
elderly_headed_hh,second_quintile,1986,9.6,4.6,0.7,1.9,2.4
elderly_headed_hh,second_quintile,1987,9.4,4.5,0.6,1.7,2.5
elderly_headed_hh,second_quintile,1988,9.4,4.5,0.6,1.9,2.4
elderly_headed_hh,second_quintile,1989,9.2,4.8,0.7,1.8,2.0
elderly_headed_hh,second_quintile,1990,9.8,4.9,0.8,1.9,2.2
elderly_headed_hh,second_quintile,1991,10.6,5.5,0.9,2.0,2.2
elderly_headed_hh,second_quintile,1992,10.9,5.6,1.1,2.1,2.1
elderly_headed_hh,second_quintile,1993,9.2,4.4,0.9,1.9,2.0
elderly_headed_hh,second_quintile,1994,9.6,5.0,0.9,2.0,1.7
elderly_headed_hh,second_quintile,1995,9.3,5.1,0.8,1.9,1.5
elderly_headed_hh,second_quintile,1996,9.3,4.9,0.7,2.0,1.6
elderly_headed_hh,second_quintile,1997,9.4,5.2,0.6,2.0,1.6
elderly_headed_hh,second_quintile,1998,10.0,6.1,0.5,1.9,1.4
elderly_headed_hh,second_quintile,1999,10.8,7.0,0.4,2.1,1.2
elderly_headed_hh,second_quintile,2000,10.6,6.8,0.5,2.0,1.3
elderly_headed_hh,second_quintile,2001,11.1,7.5,0.5,1.9,1.3
elderly_headed_hh,second_quintile,2002,9.6,6.4,0.5,1.7,1.2
elderly_headed_hh,second_quintile,2003,9.6,6.4,0.6,1.5,1.1
elderly_headed_hh,second_quintile,2004,9.4,6.7,0.6,1.4,0.8
elderly_headed_hh,second_quintile,2005,10.9,7.6,0.7,1.6,1.0
elderly_headed_hh,second_quintile,2006,9.8,5.4,0.6,1.5,2.3
elderly_headed_hh,second_quintile,2007,9.0,4.9,0.6,1.2,2.3
elderly_headed_hh,second_quintile,2008,10.5,6.1,0.8,1.3,2.4
elderly_headed_hh,second_quintile,2009,9.6,5.0,1.0,1.2,2.4
elderly_headed_hh,second_quintile,2010,9.8,5.0,1.3,1.0,2.4
elderly_headed_hh,second_quintile,2011,10.2,5.1,1.5,1.1,2.5
elderly_headed_hh,second_quintile,2012,10.7,5.6,1.5,1.2,2.3
elderly_headed_hh,second_quintile,2013,9.7,4.6,1.5,1.0,2.5
elderly_headed_hh,second_quintile,2014,12.0,6.5,1.4,1.1,2.9
elderly_headed_hh,second_quintile,2015,11.3,6.0,1.3,1.0,3.0
elderly_headed_hh,middle_quintile,1979,1.7,0.7,0.1,0.7,0.2
elderly_headed_hh,middle_quintile,1980,1.7,0.7,0.1,0.6,0.3
elderly_headed_hh,middle_quintile,1981,2.0,0.9,0.2,0.6,0.4
elderly_headed_hh,middle_quintile,1982,2.5,1.2,0.1,0.7,0.4
elderly_headed_hh,middle_quintile,1983,3.0,1.4,0.2,0.9,0.5
elderly_headed_hh,middle_quintile,1984,2.4,1.1,0.1,0.7,0.5
elderly_headed_hh,middle_quintile,1985,3.0,1.4,0.1,0.8,0.6
elderly_headed_hh,middle_quintile,1986,2.9,1.5,0.1,0.7,0.6
elderly_headed_hh,middle_quintile,1987,2.4,1.3,0.1,0.6,0.4
elderly_headed_hh,middle_quintile,1988,2.3,1.2,0.1,0.6,0.4
elderly_headed_hh,middle_quintile,1989,2.6,1.4,0.1,0.7,0.4
elderly_headed_hh,middle_quintile,1990,3.4,1.9,0.2,0.8,0.5
elderly_headed_hh,middle_quintile,1991,3.7,2.1,0.2,0.8,0.6
elderly_headed_hh,middle_quintile,1992,4.9,2.8,0.3,1.2,0.5
elderly_headed_hh,middle_quintile,1993,5.8,3.4,0.4,1.3,0.7
elderly_headed_hh,middle_quintile,1994,5.1,3.2,0.3,1.2,0.5
elderly_headed_hh,middle_quintile,1995,5.2,3.2,0.3,1.1,0.5
elderly_headed_hh,middle_quintile,1996,5.2,3.2,0.3,1.2,0.5
elderly_headed_hh,middle_quintile,1997,5.0,3.3,0.2,1.1,0.5
elderly_headed_hh,middle_quintile,1998,5.0,3.5,0.2,1.0,0.4
elderly_headed_hh,middle_quintile,1999,4.8,3.4,0.1,1.0,0.3
elderly_headed_hh,middle_quintile,2000,4.7,3.4,0.1,0.9,0.3
elderly_headed_hh,middle_quintile,2001,5.4,3.8,0.2,1.0,0.4
elderly_headed_hh,middle_quintile,2002,6.3,4.6,0.2,1.0,0.5
elderly_headed_hh,middle_quintile,2003,7.2,5.3,0.3,1.1,0.5
elderly_headed_hh,middle_quintile,2004,7.2,5.5,0.3,1.0,0.4
elderly_headed_hh,middle_quintile,2005,6.1,4.7,0.2,0.8,0.3
elderly_headed_hh,middle_quintile,2006,5.7,3.7,0.2,0.8,0.9
elderly_headed_hh,middle_quintile,2007,5.1,3.2,0.2,0.7,0.9
elderly_headed_hh,middle_quintile,2008,5.9,4.0,0.3,0.7,0.9
elderly_headed_hh,middle_quintile,2009,7.2,4.6,0.5,0.9,1.2
elderly_headed_hh,middle_quintile,2010,7.2,4.4,0.7,0.9,1.2
elderly_headed_hh,middle_quintile,2011,6.4,3.9,0.6,0.8,1.1
elderly_headed_hh,middle_quintile,2012,6.5,4.1,0.6,0.8,1.0
elderly_headed_hh,middle_quintile,2013,6.4,3.9,0.6,0.8,1.2
elderly_headed_hh,middle_quintile,2014,6.4,4.1,0.5,0.7,1.1
elderly_headed_hh,middle_quintile,2015,6.1,3.9,0.5,0.7,1.1
elderly_headed_hh,fourth_quintile,1979,0.6,0.3,,0.2,0.1
elderly_headed_hh,fourth_quintile,1980,0.7,0.3,,0.2,0.1
elderly_headed_hh,fourth_quintile,1981,0.5,0.3,,0.2,0.1
elderly_headed_hh,fourth_quintile,1982,0.6,0.3,,0.1,0.1
elderly_headed_hh,fourth_quintile,1983,0.7,0.3,,0.3,0.1
elderly_headed_hh,fourth_quintile,1984,0.6,0.3,,0.2,0.1
elderly_headed_hh,fourth_quintile,1985,0.6,0.3,,0.2,0.1
elderly_headed_hh,fourth_quintile,1986,0.6,0.4,,0.2,0.1
elderly_headed_hh,fourth_quintile,1987,0.5,0.3,,0.1,0.1
elderly_headed_hh,fourth_quintile,1988,0.7,0.4,,0.3,0.1
elderly_headed_hh,fourth_quintile,1989,0.5,0.3,,0.1,0.1
elderly_headed_hh,fourth_quintile,1990,0.7,0.4,,0.2,0.1
elderly_headed_hh,fourth_quintile,1991,1.1,0.6,,0.3,0.1
elderly_headed_hh,fourth_quintile,1992,0.9,0.6,,0.3,0.1
elderly_headed_hh,fourth_quintile,1993,1.3,0.9,0.1,0.4,0.1
elderly_headed_hh,fourth_quintile,1994,1.3,0.9,,0.3,0.1
elderly_headed_hh,fourth_quintile,1995,1.5,1.1,,0.3,0.1
elderly_headed_hh,fourth_quintile,1996,1.6,1.1,0.1,0.3,0.1
elderly_headed_hh,fourth_quintile,1997,1.4,1.1,,0.3,0.1
elderly_headed_hh,fourth_quintile,1998,1.4,1.1,,0.3,
elderly_headed_hh,fourth_quintile,1999,1.3,1.0,,0.2,
elderly_headed_hh,fourth_quintile,2000,1.6,1.3,,0.3,0.1
elderly_headed_hh,fourth_quintile,2001,1.8,1.5,,0.3,0.1
elderly_headed_hh,fourth_quintile,2002,2.3,1.8,0.1,0.4,0.1
elderly_headed_hh,fourth_quintile,2003,2.6,2.1,,0.4,0.1
elderly_headed_hh,fourth_quintile,2004,2.6,2.1,,0.3,
elderly_headed_hh,fourth_quintile,2005,2.4,2.0,0.1,0.3,0.1
elderly_headed_hh,fourth_quintile,2006,2.2,1.6,,0.3,0.3
elderly_headed_hh,fourth_quintile,2007,2.5,1.8,0.1,0.3,0.3
elderly_headed_hh,fourth_quintile,2008,2.4,1.7,0.1,0.3,0.3
elderly_headed_hh,fourth_quintile,2009,3.0,2.1,0.1,0.4,0.4
elderly_headed_hh,fourth_quintile,2010,2.6,1.9,0.2,0.3,0.3
elderly_headed_hh,fourth_quintile,2011,2.6,1.8,0.1,0.3,0.3
elderly_headed_hh,fourth_quintile,2012,2.4,1.6,0.1,0.4,0.3
elderly_headed_hh,fourth_quintile,2013,2.5,1.7,0.1,0.3,0.3
elderly_headed_hh,fourth_quintile,2014,2.5,1.7,0.1,0.3,0.3
elderly_headed_hh,fourth_quintile,2015,2.6,1.8,0.1,0.3,0.4
elderly_headed_hh,highest_quintile,1979,0.2,0.1,,0.1,
elderly_headed_hh,highest_quintile,1980,0.1,0.1,,0.1,
elderly_headed_hh,highest_quintile,1981,0.2,0.1,,0.1,
elderly_headed_hh,highest_quintile,1982,0.1,0.1,,,
elderly_headed_hh,highest_quintile,1983,0.1,0.1,,0.1,
elderly_headed_hh,highest_quintile,1984,0.1,,,,
elderly_headed_hh,highest_quintile,1985,0.1,,,,
elderly_headed_hh,highest_quintile,1986,0.1,0.1,,,
elderly_headed_hh,highest_quintile,1987,0.1,,,,
elderly_headed_hh,highest_quintile,1988,0.1,,,,0.1
elderly_headed_hh,highest_quintile,1989,0.1,0.1,,,
elderly_headed_hh,highest_quintile,1990,0.1,0.1,,,0.1
elderly_headed_hh,highest_quintile,1991,0.2,0.1,,,
elderly_headed_hh,highest_quintile,1992,0.2,0.1,,0.1,
elderly_headed_hh,highest_quintile,1993,0.3,0.2,,0.1,
elderly_headed_hh,highest_quintile,1994,0.3,0.2,,0.1,
elderly_headed_hh,highest_quintile,1995,0.3,0.2,,0.1,
elderly_headed_hh,highest_quintile,1996,0.3,0.3,,,
elderly_headed_hh,highest_quintile,1997,0.4,0.3,,,
elderly_headed_hh,highest_quintile,1998,0.4,0.3,,0.1,
elderly_headed_hh,highest_quintile,1999,0.3,0.3,,0.1,
elderly_headed_hh,highest_quintile,2000,0.4,0.4,,0.1,
elderly_headed_hh,highest_quintile,2001,0.4,0.4,,0.1,
elderly_headed_hh,highest_quintile,2002,0.7,0.6,,0.1,
elderly_headed_hh,highest_quintile,2003,0.6,0.5,,0.1,
elderly_headed_hh,highest_quintile,2004,0.6,0.5,,0.1,
elderly_headed_hh,highest_quintile,2005,0.5,0.4,,,
elderly_headed_hh,highest_quintile,2006,0.5,0.4,,0.1,0.1
elderly_headed_hh,highest_quintile,2007,0.6,0.4,,0.1,0.1
elderly_headed_hh,highest_quintile,2008,0.5,0.4,,0.1,0.1
elderly_headed_hh,highest_quintile,2009,0.7,0.5,,0.1,0.1
elderly_headed_hh,highest_quintile,2010,0.7,0.5,,0.1,0.1
elderly_headed_hh,highest_quintile,2011,0.5,0.4,,0.1,0.1
elderly_headed_hh,highest_quintile,2012,0.4,0.3,,0.1,
elderly_headed_hh,highest_quintile,2013,0.4,0.3,,,0.1
elderly_headed_hh,highest_quintile,2014,0.5,0.3,,,0.1
elderly_headed_hh,highest_quintile,2015,0.5,0.4,,,0.1
elderly_headed_hh,percentiles_81_90,1979,0.3,0.1,,0.1,
elderly_headed_hh,percentiles_81_90,1980,0.4,0.2,,0.2,
elderly_headed_hh,percentiles_81_90,1981,0.5,0.2,,0.2,
elderly_headed_hh,percentiles_81_90,1982,0.3,0.2,,0.1,
elderly_headed_hh,percentiles_81_90,1983,0.3,0.2,,0.1,
elderly_headed_hh,percentiles_81_90,1984,0.2,0.1,,,
elderly_headed_hh,percentiles_81_90,1985,0.3,0.1,,0.1,
elderly_headed_hh,percentiles_81_90,1986,0.3,0.2,,0.1,
elderly_headed_hh,percentiles_81_90,1987,0.2,0.1,,,
elderly_headed_hh,percentiles_81_90,1988,0.2,0.1,,0.1,
elderly_headed_hh,percentiles_81_90,1989,0.3,0.2,,0.1,
elderly_headed_hh,percentiles_81_90,1990,0.3,0.2,,0.1,0.1
elderly_headed_hh,percentiles_81_90,1991,0.2,0.1,,,0.1
elderly_headed_hh,percentiles_81_90,1992,0.5,0.3,,0.1,
elderly_headed_hh,percentiles_81_90,1993,0.7,0.5,,0.2,
elderly_headed_hh,percentiles_81_90,1994,0.7,0.5,,0.1,
elderly_headed_hh,percentiles_81_90,1995,0.6,0.5,,0.1,
elderly_headed_hh,percentiles_81_90,1996,0.6,0.5,,0.1,
elderly_headed_hh,percentiles_81_90,1997,0.8,0.7,,0.1,
elderly_headed_hh,percentiles_81_90,1998,0.9,0.7,,0.1,
elderly_headed_hh,percentiles_81_90,1999,0.8,0.7,,0.1,
elderly_headed_hh,percentiles_81_90,2000,1.1,0.9,,0.2,
elderly_headed_hh,percentiles_81_90,2001,1.1,0.9,,0.1,
elderly_headed_hh,percentiles_81_90,2002,1.5,1.3,,0.2,
elderly_headed_hh,percentiles_81_90,2003,1.4,1.2,,0.1,
elderly_headed_hh,percentiles_81_90,2004,1.4,1.2,,0.2,
elderly_headed_hh,percentiles_81_90,2005,1.2,1.1,,0.1,
elderly_headed_hh,percentiles_81_90,2006,1.3,0.9,,0.2,0.1
elderly_headed_hh,percentiles_81_90,2007,1.6,1.2,,0.2,0.2
elderly_headed_hh,percentiles_81_90,2008,1.3,0.9,,0.2,0.1
elderly_headed_hh,percentiles_81_90,2009,1.5,1.1,,0.1,0.2
elderly_headed_hh,percentiles_81_90,2010,1.6,1.2,0.1,0.2,0.2
elderly_headed_hh,percentiles_81_90,2011,1.3,0.9,,0.2,0.1
elderly_headed_hh,percentiles_81_90,2012,1.1,0.8,,0.1,0.1
elderly_headed_hh,percentiles_81_90,2013,0.9,0.7,,0.1,0.1
elderly_headed_hh,percentiles_81_90,2014,1.1,0.8,,0.1,0.2
elderly_headed_hh,percentiles_81_90,2015,1.2,0.9,,0.1,0.2
elderly_headed_hh,percentiles_91_95,1979,0.4,0.2,,0.2,
elderly_headed_hh,percentiles_91_95,1980,0.2,0.1,,0.1,
elderly_headed_hh,percentiles_91_95,1981,0.1,0.1,,,
elderly_headed_hh,percentiles_91_95,1982,0.2,0.1,,,
elderly_headed_hh,percentiles_91_95,1983,0.1,,,,
elderly_headed_hh,percentiles_91_95,1984,0.1,,,,
elderly_headed_hh,percentiles_91_95,1985,0.1,,,,
elderly_headed_hh,percentiles_91_95,1986,0.1,0.1,,0.1,
elderly_headed_hh,percentiles_91_95,1987,0.1,0.1,,,
elderly_headed_hh,percentiles_91_95,1988,0.2,0.1,,,0.1
elderly_headed_hh,percentiles_91_95,1989,0.1,,,,
elderly_headed_hh,percentiles_91_95,1990,0.1,0.1,,,0.1
elderly_headed_hh,percentiles_91_95,1991,0.4,0.2,,0.1,
elderly_headed_hh,percentiles_91_95,1992,0.3,0.1,,0.1,0.1
elderly_headed_hh,percentiles_91_95,1993,0.3,0.3,,0.1,
elderly_headed_hh,percentiles_91_95,1994,0.3,0.2,,0.1,
elderly_headed_hh,percentiles_91_95,1995,0.4,0.3,,0.1,
elderly_headed_hh,percentiles_91_95,1996,0.5,0.4,,0.1,
elderly_headed_hh,percentiles_91_95,1997,0.5,0.4,,0.1,
elderly_headed_hh,percentiles_91_95,1998,0.6,0.5,,0.1,
elderly_headed_hh,percentiles_91_95,1999,0.5,0.4,,0.1,
elderly_headed_hh,percentiles_91_95,2000,0.5,0.4,,0.1,
elderly_headed_hh,percentiles_91_95,2001,0.5,0.4,,0.1,
elderly_headed_hh,percentiles_91_95,2002,0.9,0.7,,0.1,
elderly_headed_hh,percentiles_91_95,2003,0.8,0.7,,0.1,
elderly_headed_hh,percentiles_91_95,2004,0.9,0.8,,0.1,
elderly_headed_hh,percentiles_91_95,2005,0.6,0.5,,0.1,
elderly_headed_hh,percentiles_91_95,2006,0.6,0.5,,,0.1
elderly_headed_hh,percentiles_91_95,2007,0.9,0.6,,0.1,0.2
elderly_headed_hh,percentiles_91_95,2008,0.6,0.5,,0.1,0.1
elderly_headed_hh,percentiles_91_95,2009,0.9,0.7,,0.1,0.1
elderly_headed_hh,percentiles_91_95,2010,0.7,0.6,,,0.1
elderly_headed_hh,percentiles_91_95,2011,0.6,0.4,,0.1,0.1
elderly_headed_hh,percentiles_91_95,2012,0.6,0.5,,0.1,0.1
elderly_headed_hh,percentiles_91_95,2013,0.5,0.4,,,0.1
elderly_headed_hh,percentiles_91_95,2014,0.6,0.4,,,0.1
elderly_headed_hh,percentiles_91_95,2015,0.7,0.5,,0.1,0.1
elderly_headed_hh,percentiles_96_99,1979,0.1,0.1,,,
elderly_headed_hh,percentiles_96_99,1980,0.1,,,,
elderly_headed_hh,percentiles_96_99,1981,0.1,,,,
elderly_headed_hh,percentiles_96_99,1982,0.1,,,,
elderly_headed_hh,percentiles_96_99,1983,0.1,,,0.1,
elderly_headed_hh,percentiles_96_99,1984,,,,,
elderly_headed_hh,percentiles_96_99,1985,0.1,,,,
elderly_headed_hh,percentiles_96_99,1986,0.1,0.1,,,
elderly_headed_hh,percentiles_96_99,1987,0.1,,,,
elderly_headed_hh,percentiles_96_99,1988,0.2,,,,0.1
elderly_headed_hh,percentiles_96_99,1989,0.1,,,,
elderly_headed_hh,percentiles_96_99,1990,0.1,0.1,,,0.1
elderly_headed_hh,percentiles_96_99,1991,0.1,,,,
elderly_headed_hh,percentiles_96_99,1992,0.1,0.1,,,
elderly_headed_hh,percentiles_96_99,1993,0.1,,,,
elderly_headed_hh,percentiles_96_99,1994,0.2,0.2,,,
elderly_headed_hh,percentiles_96_99,1995,0.2,0.2,,,
elderly_headed_hh,percentiles_96_99,1996,0.3,0.2,,,
elderly_headed_hh,percentiles_96_99,1997,0.2,0.2,,,
elderly_headed_hh,percentiles_96_99,1998,0.2,0.2,,,
elderly_headed_hh,percentiles_96_99,1999,0.2,0.2,,,
elderly_headed_hh,percentiles_96_99,2000,0.3,0.3,,,
elderly_headed_hh,percentiles_96_99,2001,0.3,0.2,,,
elderly_headed_hh,percentiles_96_99,2002,0.3,0.3,,0.1,
elderly_headed_hh,percentiles_96_99,2003,0.3,0.3,,,
elderly_headed_hh,percentiles_96_99,2004,0.3,0.3,,,
elderly_headed_hh,percentiles_96_99,2005,0.3,0.3,,,
elderly_headed_hh,percentiles_96_99,2006,0.3,0.3,,,
elderly_headed_hh,percentiles_96_99,2007,0.4,0.3,,,0.1
elderly_headed_hh,percentiles_96_99,2008,0.4,0.3,,,
elderly_headed_hh,percentiles_96_99,2009,0.5,0.4,,,0.1
elderly_headed_hh,percentiles_96_99,2010,0.4,0.3,,,
elderly_headed_hh,percentiles_96_99,2011,0.2,0.2,,,
elderly_headed_hh,percentiles_96_99,2012,0.2,0.1,,,
elderly_headed_hh,percentiles_96_99,2013,0.2,0.2,,,
elderly_headed_hh,percentiles_96_99,2014,0.2,0.2,,,
elderly_headed_hh,percentiles_96_99,2015,0.2,0.2,,,
elderly_headed_hh,top_1_percent,1979,,,,,
elderly_headed_hh,top_1_percent,1980,,,,,
elderly_headed_hh,top_1_percent,1981,,,,,
elderly_headed_hh,top_1_percent,1982,,,,,
elderly_headed_hh,top_1_percent,1983,,,,,
elderly_headed_hh,top_1_percent,1984,,,,,
elderly_headed_hh,top_1_percent,1985,,,,,
elderly_headed_hh,top_1_percent,1986,,,,,
elderly_headed_hh,top_1_percent,1987,,,,,
elderly_headed_hh,top_1_percent,1988,,,,,
elderly_headed_hh,top_1_percent,1989,,,,,
elderly_headed_hh,top_1_percent,1990,,,,,
elderly_headed_hh,top_1_percent,1991,,,,,
elderly_headed_hh,top_1_percent,1992,,,,,
elderly_headed_hh,top_1_percent,1993,,,,,
elderly_headed_hh,top_1_percent,1994,,,,,
elderly_headed_hh,top_1_percent,1995,,,,,
elderly_headed_hh,top_1_percent,1996,,,,,
elderly_headed_hh,top_1_percent,1997,,,,,
elderly_headed_hh,top_1_percent,1998,,,,,
elderly_headed_hh,top_1_percent,1999,,,,,
elderly_headed_hh,top_1_percent,2000,0.1,0.1,,,
elderly_headed_hh,top_1_percent,2001,,,,,
elderly_headed_hh,top_1_percent,2002,,,,,
elderly_headed_hh,top_1_percent,2003,,,,,
elderly_headed_hh,top_1_percent,2004,,,,,
elderly_headed_hh,top_1_percent,2005,,,,,
elderly_headed_hh,top_1_percent,2006,0.1,,,,
elderly_headed_hh,top_1_percent,2007,,,,,
elderly_headed_hh,top_1_percent,2008,0.1,,,,
elderly_headed_hh,top_1_percent,2009,0.1,,,,
elderly_headed_hh,top_1_percent,2010,0.1,0.1,,,
elderly_headed_hh,top_1_percent,2011,0.1,0.1,,,
elderly_headed_hh,top_1_percent,2012,,,,,
elderly_headed_hh,top_1_percent,2013,,,,,
elderly_headed_hh,top_1_percent,2014,,,,,
elderly_headed_hh,top_1_percent,2015,0.1,,,,
nonelderly_childless_hh,all_quintiles,1979,1.0,0.3,0.1,0.4,0.2
nonelderly_childless_hh,all_quintiles,1980,1.0,0.3,0.1,0.4,0.2
nonelderly_childless_hh,all_quintiles,1981,1.1,0.4,0.2,0.4,0.2
nonelderly_childless_hh,all_quintiles,1982,1.1,0.4,0.1,0.4,0.2
nonelderly_childless_hh,all_quintiles,1983,1.1,0.4,0.1,0.4,0.2
nonelderly_childless_hh,all_quintiles,1984,1.1,0.4,0.1,0.4,0.2
nonelderly_childless_hh,all_quintiles,1985,1.0,0.4,0.1,0.4,0.2
nonelderly_childless_hh,all_quintiles,1986,1.1,0.4,0.1,0.4,0.2
nonelderly_childless_hh,all_quintiles,1987,1.0,0.4,0.1,0.4,0.2
nonelderly_childless_hh,all_quintiles,1988,1.0,0.4,0.1,0.4,0.2
nonelderly_childless_hh,all_quintiles,1989,1.1,0.5,0.1,0.4,0.2
nonelderly_childless_hh,all_quintiles,1990,1.2,0.5,0.1,0.4,0.2
nonelderly_childless_hh,all_quintiles,1991,1.4,0.6,0.1,0.4,0.2
nonelderly_childless_hh,all_quintiles,1992,1.5,0.7,0.2,0.4,0.2
nonelderly_childless_hh,all_quintiles,1993,1.6,0.8,0.2,0.5,0.2
nonelderly_childless_hh,all_quintiles,1994,1.7,0.9,0.1,0.5,0.2
nonelderly_childless_hh,all_quintiles,1995,1.8,1.0,0.1,0.5,0.2
nonelderly_childless_hh,all_quintiles,1996,1.7,1.0,0.1,0.5,0.2
nonelderly_childless_hh,all_quintiles,1997,1.7,1.0,0.1,0.4,0.2
nonelderly_childless_hh,all_quintiles,1998,1.8,1.1,0.1,0.5,0.1
nonelderly_childless_hh,all_quintiles,1999,1.8,1.2,0.1,0.4,0.1
nonelderly_childless_hh,all_quintiles,2000,1.9,1.3,0.1,0.4,0.1
nonelderly_childless_hh,all_quintiles,2001,2.2,1.5,0.1,0.5,0.1
nonelderly_childless_hh,all_quintiles,2002,2.4,1.7,0.1,0.5,0.2
nonelderly_childless_hh,all_quintiles,2003,2.5,1.8,0.1,0.5,0.1
nonelderly_childless_hh,all_quintiles,2004,2.6,1.9,0.1,0.5,0.1
nonelderly_childless_hh,all_quintiles,2005,2.5,1.8,0.2,0.4,0.1
nonelderly_childless_hh,all_quintiles,2006,2.4,1.6,0.1,0.4,0.2
nonelderly_childless_hh,all_quintiles,2007,2.4,1.7,0.1,0.4,0.2
nonelderly_childless_hh,all_quintiles,2008,2.7,1.8,0.2,0.5,0.2
nonelderly_childless_hh,all_quintiles,2009,3.2,2.1,0.3,0.5,0.2
nonelderly_childless_hh,all_quintiles,2010,3.4,2.2,0.3,0.6,0.3
nonelderly_childless_hh,all_quintiles,2011,3.5,2.2,0.4,0.6,0.3
nonelderly_childless_hh,all_quintiles,2012,3.4,2.2,0.4,0.6,0.3
nonelderly_childless_hh,all_quintiles,2013,3.6,2.3,0.4,0.6,0.3
nonelderly_childless_hh,all_quintiles,2014,4.0,2.8,0.4,0.6,0.3
nonelderly_childless_hh,all_quintiles,2015,4.2,3.0,0.3,0.5,0.3
nonelderly_childless_hh,lowest_quintile,1979,10.0,3.1,1.7,3.2,1.9
nonelderly_childless_hh,lowest_quintile,1980,9.6,2.9,2.1,2.7,1.9
nonelderly_childless_hh,lowest_quintile,1981,11.1,3.2,2.8,3.1,2.0
nonelderly_childless_hh,lowest_quintile,1982,10.8,3.2,2.6,2.6,2.4
nonelderly_childless_hh,lowest_quintile,1983,11.4,3.4,2.5,2.6,2.8
nonelderly_childless_hh,lowest_quintile,1984,10.8,3.3,2.1,2.8,2.6
nonelderly_childless_hh,lowest_quintile,1985,10.6,3.4,2.1,2.6,2.5
nonelderly_childless_hh,lowest_quintile,1986,10.8,3.6,2.0,3.0,2.3
nonelderly_childless_hh,lowest_quintile,1987,9.6,3.2,1.7,2.6,2.0
nonelderly_childless_hh,lowest_quintile,1988,7.9,2.8,1.6,1.4,2.1
nonelderly_childless_hh,lowest_quintile,1989,7.9,3.0,1.6,1.4,2.0
nonelderly_childless_hh,lowest_quintile,1990,7.9,2.9,1.7,1.4,1.8
nonelderly_childless_hh,lowest_quintile,1991,7.7,2.8,1.7,1.6,1.5
nonelderly_childless_hh,lowest_quintile,1992,7.5,2.7,1.8,1.3,1.6
nonelderly_childless_hh,lowest_quintile,1993,8.0,3.2,1.8,1.4,1.6
nonelderly_childless_hh,lowest_quintile,1994,8.5,3.7,1.8,1.6,1.5
nonelderly_childless_hh,lowest_quintile,1995,9.5,4.6,1.7,1.7,1.4
nonelderly_childless_hh,lowest_quintile,1996,10.7,5.2,1.6,2.3,1.6
nonelderly_childless_hh,lowest_quintile,1997,11.2,5.9,1.3,2.5,1.4
nonelderly_childless_hh,lowest_quintile,1998,10.2,5.8,0.9,2.2,1.3
nonelderly_childless_hh,lowest_quintile,1999,9.5,5.8,0.8,2.0,1.0
nonelderly_childless_hh,lowest_quintile,2000,9.9,6.1,0.9,1.8,1.1
nonelderly_childless_hh,lowest_quintile,2001,10.2,6.4,0.9,1.7,1.2
nonelderly_childless_hh,lowest_quintile,2002,9.7,6.2,1.0,1.5,1.1
nonelderly_childless_hh,lowest_quintile,2003,9.7,6.3,1.2,1.1,1.0
nonelderly_childless_hh,lowest_quintile,2004,9.6,6.5,1.4,0.9,0.8
nonelderly_childless_hh,lowest_quintile,2005,10.3,6.6,1.6,1.3,0.9
nonelderly_childless_hh,lowest_quintile,2006,10.8,6.7,1.4,1.7,1.0
nonelderly_childless_hh,lowest_quintile,2007,10.6,6.7,1.3,1.6,1.0
nonelderly_childless_hh,lowest_quintile,2008,10.6,6.6,1.4,1.6,1.0
nonelderly_childless_hh,lowest_quintile,2009,10.9,6.2,2.3,1.4,1.0
nonelderly_childless_hh,lowest_quintile,2010,11.7,6.4,2.7,1.6,1.0
nonelderly_childless_hh,lowest_quintile,2011,12.5,6.3,3.5,1.5,1.2
nonelderly_childless_hh,lowest_quintile,2012,14.7,7.9,4.0,1.7,1.2
nonelderly_childless_hh,lowest_quintile,2013,13.6,7.5,3.5,1.5,1.1
nonelderly_childless_hh,lowest_quintile,2014,16.0,10.4,3.0,1.2,1.4
nonelderly_childless_hh,lowest_quintile,2015,17.7,12.0,2.8,1.3,1.6
nonelderly_childless_hh,second_quintile,1979,4.1,1.3,0.5,1.6,0.7
nonelderly_childless_hh,second_quintile,1980,4.9,1.6,0.5,1.9,0.8
nonelderly_childless_hh,second_quintile,1981,4.8,1.6,0.6,1.8,0.8
nonelderly_childless_hh,second_quintile,1982,5.1,1.8,0.5,2.0,0.9
nonelderly_childless_hh,second_quintile,1983,5.4,1.8,0.5,2.1,1.0
nonelderly_childless_hh,second_quintile,1984,5.2,1.7,0.4,2.0,1.0
nonelderly_childless_hh,second_quintile,1985,5.0,1.8,0.4,1.8,1.0
nonelderly_childless_hh,second_quintile,1986,5.9,2.2,0.4,2.3,1.0
nonelderly_childless_hh,second_quintile,1987,5.8,2.2,0.4,2.2,1.0
nonelderly_childless_hh,second_quintile,1988,6.3,2.5,0.4,2.5,0.9
nonelderly_childless_hh,second_quintile,1989,6.1,2.6,0.4,2.2,0.8
nonelderly_childless_hh,second_quintile,1990,6.1,2.6,0.5,2.0,0.9
nonelderly_childless_hh,second_quintile,1991,6.9,3.1,0.6,2.3,0.9
nonelderly_childless_hh,second_quintile,1992,7.4,3.5,0.7,2.2,1.0
nonelderly_childless_hh,second_quintile,1993,7.9,3.9,0.7,2.3,1.0
nonelderly_childless_hh,second_quintile,1994,8.4,4.3,0.7,2.4,0.9
nonelderly_childless_hh,second_quintile,1995,8.1,4.3,0.6,2.3,0.9
nonelderly_childless_hh,second_quintile,1996,8.6,4.8,0.6,2.4,0.9
nonelderly_childless_hh,second_quintile,1997,8.8,5.1,0.5,2.4,0.9
nonelderly_childless_hh,second_quintile,1998,9.2,5.6,0.4,2.4,0.8
nonelderly_childless_hh,second_quintile,1999,8.8,5.6,0.4,2.2,0.6
nonelderly_childless_hh,second_quintile,2000,9.4,6.0,0.4,2.2,0.8
nonelderly_childless_hh,second_quintile,2001,10.2,6.8,0.4,2.2,0.8
nonelderly_childless_hh,second_quintile,2002,10.2,6.9,0.5,2.1,0.7
nonelderly_childless_hh,second_quintile,2003,10.3,7.1,0.5,2.0,0.7
nonelderly_childless_hh,second_quintile,2004,10.1,7.1,0.5,1.9,0.6
nonelderly_childless_hh,second_quintile,2005,10.4,7.3,0.6,1.9,0.6
nonelderly_childless_hh,second_quintile,2006,8.9,6.0,0.5,1.8,0.7
nonelderly_childless_hh,second_quintile,2007,8.7,5.9,0.5,1.7,0.6
nonelderly_childless_hh,second_quintile,2008,9.5,6.4,0.6,1.9,0.7
nonelderly_childless_hh,second_quintile,2009,10.5,6.9,0.9,1.9,0.8
nonelderly_childless_hh,second_quintile,2010,10.9,7.0,1.1,2.0,0.8
nonelderly_childless_hh,second_quintile,2011,11.8,7.6,1.2,2.1,0.8
nonelderly_childless_hh,second_quintile,2012,11.4,7.4,1.2,2.0,0.8
nonelderly_childless_hh,second_quintile,2013,12.2,7.9,1.3,2.3,0.8
nonelderly_childless_hh,second_quintile,2014,13.7,9.4,1.2,2.1,1.0
nonelderly_childless_hh,second_quintile,2015,13.7,9.7,1.0,2.0,1.1
nonelderly_childless_hh,middle_quintile,1979,1.3,0.4,0.1,0.6,0.2
nonelderly_childless_hh,middle_quintile,1980,1.6,0.5,0.1,0.7,0.2
nonelderly_childless_hh,middle_quintile,1981,1.6,0.6,0.1,0.7,0.2
nonelderly_childless_hh,middle_quintile,1982,1.6,0.6,0.1,0.7,0.2
nonelderly_childless_hh,middle_quintile,1983,1.6,0.6,0.1,0.7,0.2
nonelderly_childless_hh,middle_quintile,1984,1.4,0.5,0.1,0.6,0.2
nonelderly_childless_hh,middle_quintile,1985,1.5,0.6,0.1,0.6,0.2
nonelderly_childless_hh,middle_quintile,1986,1.5,0.6,0.1,0.7,0.2
nonelderly_childless_hh,middle_quintile,1987,1.6,0.6,0.1,0.7,0.2
nonelderly_childless_hh,middle_quintile,1988,1.9,0.8,0.1,0.8,0.2
nonelderly_childless_hh,middle_quintile,1989,2.1,0.9,0.1,0.8,0.3
nonelderly_childless_hh,middle_quintile,1990,2.3,1.0,0.1,0.8,0.4
nonelderly_childless_hh,middle_quintile,1991,3.0,1.5,0.2,1.0,0.3
nonelderly_childless_hh,middle_quintile,1992,3.4,1.7,0.2,1.1,0.4
nonelderly_childless_hh,middle_quintile,1993,3.6,1.8,0.2,1.1,0.4
nonelderly_childless_hh,middle_quintile,1994,3.7,2.1,0.2,1.0,0.4
nonelderly_childless_hh,middle_quintile,1995,3.9,2.2,0.2,1.1,0.3
nonelderly_childless_hh,middle_quintile,1996,3.5,2.1,0.2,1.0,0.3
nonelderly_childless_hh,middle_quintile,1997,3.5,2.1,0.1,0.9,0.2
nonelderly_childless_hh,middle_quintile,1998,3.8,2.5,0.1,1.0,0.3
nonelderly_childless_hh,middle_quintile,1999,4.2,2.8,0.1,1.0,0.2
nonelderly_childless_hh,middle_quintile,2000,4.4,3.1,0.1,1.0,0.2
nonelderly_childless_hh,middle_quintile,2001,5.2,3.7,0.1,1.1,0.3
nonelderly_childless_hh,middle_quintile,2002,6.1,4.4,0.2,1.3,0.3
nonelderly_childless_hh,middle_quintile,2003,6.5,4.7,0.2,1.3,0.3
nonelderly_childless_hh,middle_quintile,2004,6.8,5.0,0.2,1.3,0.3
nonelderly_childless_hh,middle_quintile,2005,6.4,4.8,0.3,1.1,0.3
nonelderly_childless_hh,middle_quintile,2006,6.2,4.3,0.2,1.1,0.5
nonelderly_childless_hh,middle_quintile,2007,5.8,4.1,0.2,1.0,0.5
nonelderly_childless_hh,middle_quintile,2008,6.0,4.3,0.3,1.0,0.5
nonelderly_childless_hh,middle_quintile,2009,7.6,5.2,0.4,1.3,0.6
nonelderly_childless_hh,middle_quintile,2010,7.3,5.0,0.5,1.2,0.6
nonelderly_childless_hh,middle_quintile,2011,7.9,5.4,0.6,1.3,0.7
nonelderly_childless_hh,middle_quintile,2012,8.3,5.7,0.6,1.4,0.7
nonelderly_childless_hh,middle_quintile,2013,8.2,5.6,0.5,1.4,0.7
nonelderly_childless_hh,middle_quintile,2014,9.3,6.6,0.5,1.5,0.7
nonelderly_childless_hh,middle_quintile,2015,8.7,6.4,0.5,1.2,0.7
nonelderly_childless_hh,fourth_quintile,1979,0.4,0.2,,0.2,0.1
nonelderly_childless_hh,fourth_quintile,1980,0.4,0.1,,0.2,0.1
nonelderly_childless_hh,fourth_quintile,1981,0.5,0.2,,0.2,0.1
nonelderly_childless_hh,fourth_quintile,1982,0.4,0.2,,0.2,
nonelderly_childless_hh,fourth_quintile,1983,0.4,0.2,,0.2,
nonelderly_childless_hh,fourth_quintile,1984,0.4,0.2,,0.2,
nonelderly_childless_hh,fourth_quintile,1985,0.4,0.2,,0.2,
nonelderly_childless_hh,fourth_quintile,1986,0.5,0.2,,0.2,0.1
nonelderly_childless_hh,fourth_quintile,1987,0.5,0.2,,0.2,0.1
nonelderly_childless_hh,fourth_quintile,1988,0.5,0.2,,0.2,
nonelderly_childless_hh,fourth_quintile,1989,0.6,0.3,,0.3,
nonelderly_childless_hh,fourth_quintile,1990,0.7,0.3,,0.3,0.1
nonelderly_childless_hh,fourth_quintile,1991,0.8,0.4,,0.3,0.1
nonelderly_childless_hh,fourth_quintile,1992,1.1,0.6,0.1,0.4,0.1
nonelderly_childless_hh,fourth_quintile,1993,1.1,0.6,0.1,0.4,0.1
nonelderly_childless_hh,fourth_quintile,1994,1.1,0.6,,0.3,0.1
nonelderly_childless_hh,fourth_quintile,1995,1.3,0.8,,0.4,0.1
nonelderly_childless_hh,fourth_quintile,1996,1.1,0.7,,0.3,0.1
nonelderly_childless_hh,fourth_quintile,1997,1.1,0.7,,0.3,0.1
nonelderly_childless_hh,fourth_quintile,1998,1.1,0.7,,0.3,0.1
nonelderly_childless_hh,fourth_quintile,1999,1.3,0.9,,0.3,0.1
nonelderly_childless_hh,fourth_quintile,2000,1.4,1.0,,0.3,0.1
nonelderly_childless_hh,fourth_quintile,2001,1.5,1.1,,0.4,
nonelderly_childless_hh,fourth_quintile,2002,1.8,1.3,,0.4,
nonelderly_childless_hh,fourth_quintile,2003,2.1,1.6,,0.4,0.1
nonelderly_childless_hh,fourth_quintile,2004,2.3,1.7,,0.5,0.1
nonelderly_childless_hh,fourth_quintile,2005,2.2,1.7,0.1,0.4,0.1
nonelderly_childless_hh,fourth_quintile,2006,2.0,1.5,,0.4,0.2
nonelderly_childless_hh,fourth_quintile,2007,2.1,1.5,,0.4,0.2
nonelderly_childless_hh,fourth_quintile,2008,2.4,1.7,0.1,0.4,0.2
nonelderly_childless_hh,fourth_quintile,2009,2.8,2.0,0.1,0.5,0.2
nonelderly_childless_hh,fourth_quintile,2010,3.1,2.2,0.2,0.5,0.2
nonelderly_childless_hh,fourth_quintile,2011,3.2,2.2,0.2,0.6,0.2
nonelderly_childless_hh,fourth_quintile,2012,2.9,2.0,0.1,0.5,0.2
nonelderly_childless_hh,fourth_quintile,2013,2.9,2.1,0.1,0.5,0.2
nonelderly_childless_hh,fourth_quintile,2014,3.4,2.4,0.2,0.5,0.2
nonelderly_childless_hh,fourth_quintile,2015,3.6,2.7,0.1,0.5,0.3
nonelderly_childless_hh,highest_quintile,1979,0.1,,,0.1,
nonelderly_childless_hh,highest_quintile,1980,0.1,,,0.1,
nonelderly_childless_hh,highest_quintile,1981,0.1,,,0.1,
nonelderly_childless_hh,highest_quintile,1982,0.1,,,,
nonelderly_childless_hh,highest_quintile,1983,0.1,,,,
nonelderly_childless_hh,highest_quintile,1984,0.1,,,0.1,
nonelderly_childless_hh,highest_quintile,1985,0.1,,,,
nonelderly_childless_hh,highest_quintile,1986,0.1,,,,
nonelderly_childless_hh,highest_quintile,1987,0.1,,,,
nonelderly_childless_hh,highest_quintile,1988,0.1,,,,
nonelderly_childless_hh,highest_quintile,1989,0.1,0.1,,0.1,
nonelderly_childless_hh,highest_quintile,1990,0.2,0.1,,0.1,
nonelderly_childless_hh,highest_quintile,1991,0.2,0.1,,0.1,
nonelderly_childless_hh,highest_quintile,1992,0.2,0.1,,0.1,
nonelderly_childless_hh,highest_quintile,1993,0.3,0.1,,0.1,
nonelderly_childless_hh,highest_quintile,1994,0.3,0.2,,0.1,
nonelderly_childless_hh,highest_quintile,1995,0.2,0.1,,0.1,
nonelderly_childless_hh,highest_quintile,1996,0.2,0.1,,0.1,
nonelderly_childless_hh,highest_quintile,1997,0.2,0.1,,0.1,
nonelderly_childless_hh,highest_quintile,1998,0.2,0.2,,0.1,
nonelderly_childless_hh,highest_quintile,1999,0.2,0.2,,0.1,
nonelderly_childless_hh,highest_quintile,2000,0.2,0.2,,,
nonelderly_childless_hh,highest_quintile,2001,0.3,0.2,,0.1,
nonelderly_childless_hh,highest_quintile,2002,0.3,0.2,,0.1,
nonelderly_childless_hh,highest_quintile,2003,0.3,0.2,,0.1,
nonelderly_childless_hh,highest_quintile,2004,0.4,0.3,,0.1,
nonelderly_childless_hh,highest_quintile,2005,0.4,0.3,,0.1,
nonelderly_childless_hh,highest_quintile,2006,0.3,0.2,,0.1,
nonelderly_childless_hh,highest_quintile,2007,0.3,0.2,,0.1,
nonelderly_childless_hh,highest_quintile,2008,0.4,0.3,,0.1,
nonelderly_childless_hh,highest_quintile,2009,0.5,0.3,,0.1,
nonelderly_childless_hh,highest_quintile,2010,0.5,0.4,,0.1,
nonelderly_childless_hh,highest_quintile,2011,0.4,0.3,,0.1,
nonelderly_childless_hh,highest_quintile,2012,0.4,0.3,,0.1,
nonelderly_childless_hh,highest_quintile,2013,0.3,0.3,,,
nonelderly_childless_hh,highest_quintile,2014,0.5,0.4,,0.1,
nonelderly_childless_hh,highest_quintile,2015,0.5,0.4,,0.1,
nonelderly_childless_hh,percentiles_81_90,1979,0.2,0.1,,0.1,
nonelderly_childless_hh,percentiles_81_90,1980,0.2,0.1,,0.1,
nonelderly_childless_hh,percentiles_81_90,1981,0.2,0.1,,0.1,
nonelderly_childless_hh,percentiles_81_90,1982,0.2,0.1,,0.1,
nonelderly_childless_hh,percentiles_81_90,1983,0.2,0.1,,0.1,
nonelderly_childless_hh,percentiles_81_90,1984,0.2,0.1,,0.1,
nonelderly_childless_hh,percentiles_81_90,1985,0.2,0.1,,0.1,
nonelderly_childless_hh,percentiles_81_90,1986,0.2,0.1,,0.1,
nonelderly_childless_hh,percentiles_81_90,1987,0.1,0.1,,0.1,
nonelderly_childless_hh,percentiles_81_90,1988,0.2,0.1,,0.1,
nonelderly_childless_hh,percentiles_81_90,1989,0.3,0.1,,0.1,
nonelderly_childless_hh,percentiles_81_90,1990,0.3,0.1,,0.1,
nonelderly_childless_hh,percentiles_81_90,1991,0.3,0.2,,0.1,
nonelderly_childless_hh,percentiles_81_90,1992,0.5,0.3,,0.2,
nonelderly_childless_hh,percentiles_81_90,1993,0.6,0.3,,0.2,
nonelderly_childless_hh,percentiles_81_90,1994,0.5,0.3,,0.2,
nonelderly_childless_hh,percentiles_81_90,1995,0.4,0.3,,0.1,
nonelderly_childless_hh,percentiles_81_90,1996,0.4,0.2,,0.1,0.1
nonelderly_childless_hh,percentiles_81_90,1997,0.4,0.2,,0.1,
nonelderly_childless_hh,percentiles_81_90,1998,0.5,0.4,,0.1,
nonelderly_childless_hh,percentiles_81_90,1999,0.6,0.4,,0.1,
nonelderly_childless_hh,percentiles_81_90,2000,0.5,0.4,,0.1,
nonelderly_childless_hh,percentiles_81_90,2001,0.5,0.4,,0.1,
nonelderly_childless_hh,percentiles_81_90,2002,0.7,0.6,,0.1,
nonelderly_childless_hh,percentiles_81_90,2003,0.6,0.5,,0.1,
nonelderly_childless_hh,percentiles_81_90,2004,0.9,0.7,,0.2,
nonelderly_childless_hh,percentiles_81_90,2005,0.8,0.7,,0.2,
nonelderly_childless_hh,percentiles_81_90,2006,0.8,0.5,,0.1,0.1
nonelderly_childless_hh,percentiles_81_90,2007,0.8,0.6,,0.2,
nonelderly_childless_hh,percentiles_81_90,2008,0.8,0.6,,0.1,
nonelderly_childless_hh,percentiles_81_90,2009,1.0,0.8,,0.1,0.1
nonelderly_childless_hh,percentiles_81_90,2010,1.0,0.8,,0.2,0.1
nonelderly_childless_hh,percentiles_81_90,2011,1.0,0.7,,0.2,0.1
nonelderly_childless_hh,percentiles_81_90,2012,0.9,0.7,,0.2,0.1
nonelderly_childless_hh,percentiles_81_90,2013,0.8,0.6,,0.1,
nonelderly_childless_hh,percentiles_81_90,2014,1.1,0.8,,0.2,0.1
nonelderly_childless_hh,percentiles_81_90,2015,1.1,0.8,,0.2,0.1
nonelderly_childless_hh,percentiles_91_95,1979,0.1,,,,
nonelderly_childless_hh,percentiles_91_95,1980,0.1,,,0.1,
nonelderly_childless_hh,percentiles_91_95,1981,0.1,0.1,,0.1,
nonelderly_childless_hh,percentiles_91_95,1982,0.1,,,,
nonelderly_childless_hh,percentiles_91_95,1983,0.1,,,,
nonelderly_childless_hh,percentiles_91_95,1984,0.1,,,,
nonelderly_childless_hh,percentiles_91_95,1985,0.1,,,,
nonelderly_childless_hh,percentiles_91_95,1986,0.1,,,,
nonelderly_childless_hh,percentiles_91_95,1987,0.1,,,0.1,
nonelderly_childless_hh,percentiles_91_95,1988,0.1,,,,
nonelderly_childless_hh,percentiles_91_95,1989,0.2,0.1,,0.1,
nonelderly_childless_hh,percentiles_91_95,1990,0.3,0.1,,0.1,0.1
nonelderly_childless_hh,percentiles_91_95,1991,0.3,0.1,,0.1,
nonelderly_childless_hh,percentiles_91_95,1992,0.3,0.1,,0.1,
nonelderly_childless_hh,percentiles_91_95,1993,0.3,0.1,,0.1,
nonelderly_childless_hh,percentiles_91_95,1994,0.4,0.2,,0.1,
nonelderly_childless_hh,percentiles_91_95,1995,0.3,0.2,,0.1,
nonelderly_childless_hh,percentiles_91_95,1996,0.3,0.2,,0.1,
nonelderly_childless_hh,percentiles_91_95,1997,0.3,0.2,,0.1,
nonelderly_childless_hh,percentiles_91_95,1998,0.3,0.2,,0.1,
nonelderly_childless_hh,percentiles_91_95,1999,0.2,0.2,,0.1,
nonelderly_childless_hh,percentiles_91_95,2000,0.2,0.2,,0.1,
nonelderly_childless_hh,percentiles_91_95,2001,0.3,0.2,,0.1,
nonelderly_childless_hh,percentiles_91_95,2002,0.4,0.3,,0.1,
nonelderly_childless_hh,percentiles_91_95,2003,0.4,0.3,,0.1,
nonelderly_childless_hh,percentiles_91_95,2004,0.3,0.3,,0.1,
nonelderly_childless_hh,percentiles_91_95,2005,0.4,0.3,,0.1,
nonelderly_childless_hh,percentiles_91_95,2006,0.4,0.3,,0.1,
nonelderly_childless_hh,percentiles_91_95,2007,0.3,0.3,,0.1,
nonelderly_childless_hh,percentiles_91_95,2008,0.5,0.3,,0.1,
nonelderly_childless_hh,percentiles_91_95,2009,0.4,0.3,,0.1,
nonelderly_childless_hh,percentiles_91_95,2010,0.6,0.4,,0.1,
nonelderly_childless_hh,percentiles_91_95,2011,0.3,0.3,,,
nonelderly_childless_hh,percentiles_91_95,2012,0.5,0.4,,0.1,
nonelderly_childless_hh,percentiles_91_95,2013,0.3,0.2,,,
nonelderly_childless_hh,percentiles_91_95,2014,0.5,0.4,,0.1,
nonelderly_childless_hh,percentiles_91_95,2015,0.6,0.4,,0.1,
nonelderly_childless_hh,percentiles_96_99,1979,0.1,,,,
nonelderly_childless_hh,percentiles_96_99,1980,0.1,,,0.1,
nonelderly_childless_hh,percentiles_96_99,1981,0.1,,,,
nonelderly_childless_hh,percentiles_96_99,1982,,,,,
nonelderly_childless_hh,percentiles_96_99,1983,,,,,
nonelderly_childless_hh,percentiles_96_99,1984,0.1,,,,
nonelderly_childless_hh,percentiles_96_99,1985,0.1,,,,
nonelderly_childless_hh,percentiles_96_99,1986,,,,,
nonelderly_childless_hh,percentiles_96_99,1987,0.1,,,,
nonelderly_childless_hh,percentiles_96_99,1988,0.2,,,,0.1
nonelderly_childless_hh,percentiles_96_99,1989,0.1,,,,
nonelderly_childless_hh,percentiles_96_99,1990,0.1,0.1,,,
nonelderly_childless_hh,percentiles_96_99,1991,0.1,,,,
nonelderly_childless_hh,percentiles_96_99,1992,0.1,0.1,,0.1,
nonelderly_childless_hh,percentiles_96_99,1993,0.1,0.1,,,
nonelderly_childless_hh,percentiles_96_99,1994,0.2,0.1,,,
nonelderly_childless_hh,percentiles_96_99,1995,0.1,0.1,,,
nonelderly_childless_hh,percentiles_96_99,1996,0.1,0.1,,,
nonelderly_childless_hh,percentiles_96_99,1997,0.1,0.1,,,
nonelderly_childless_hh,percentiles_96_99,1998,0.1,0.1,,,
nonelderly_childless_hh,percentiles_96_99,1999,0.1,0.1,,,
nonelderly_childless_hh,percentiles_96_99,2000,0.1,0.1,,,
nonelderly_childless_hh,percentiles_96_99,2001,0.2,0.1,,,
nonelderly_childless_hh,percentiles_96_99,2002,0.1,0.1,,,
nonelderly_childless_hh,percentiles_96_99,2003,0.1,0.1,,,
nonelderly_childless_hh,percentiles_96_99,2004,0.2,0.1,,,
nonelderly_childless_hh,percentiles_96_99,2005,0.2,0.1,,,
nonelderly_childless_hh,percentiles_96_99,2006,0.1,0.1,,,
nonelderly_childless_hh,percentiles_96_99,2007,0.1,0.1,,,
nonelderly_childless_hh,percentiles_96_99,2008,0.2,0.1,,,
nonelderly_childless_hh,percentiles_96_99,2009,0.2,0.2,,,
nonelderly_childless_hh,percentiles_96_99,2010,0.2,0.1,,,
nonelderly_childless_hh,percentiles_96_99,2011,0.2,0.1,,,
nonelderly_childless_hh,percentiles_96_99,2012,0.2,0.1,,,
nonelderly_childless_hh,percentiles_96_99,2013,0.1,0.1,,,
nonelderly_childless_hh,percentiles_96_99,2014,0.2,0.2,,,
nonelderly_childless_hh,percentiles_96_99,2015,0.3,0.2,,,
nonelderly_childless_hh,top_1_percent,1979,,,,,
nonelderly_childless_hh,top_1_percent,1980,,,,,
nonelderly_childless_hh,top_1_percent,1981,,,,,
nonelderly_childless_hh,top_1_percent,1982,,,,,
nonelderly_childless_hh,top_1_percent,1983,,,,,
nonelderly_childless_hh,top_1_percent,1984,,,,,
nonelderly_childless_hh,top_1_percent,1985,,,,,
nonelderly_childless_hh,top_1_percent,1986,,,,,
nonelderly_childless_hh,top_1_percent,1987,,,,,
nonelderly_childless_hh,top_1_percent,1988,,,,,
nonelderly_childless_hh,top_1_percent,1989,,,,,
nonelderly_childless_hh,top_1_percent,1990,,,,,
nonelderly_childless_hh,top_1_percent,1991,,,,,
nonelderly_childless_hh,top_1_percent,1992,,,,,
nonelderly_childless_hh,top_1_percent,1993,,,,,
nonelderly_childless_hh,top_1_percent,1994,,,,,
nonelderly_childless_hh,top_1_percent,1995,,,,,
nonelderly_childless_hh,top_1_percent,1996,,,,,
nonelderly_childless_hh,top_1_percent,1997,,,,,
nonelderly_childless_hh,top_1_percent,1998,,,,,
nonelderly_childless_hh,top_1_percent,1999,,,,,
nonelderly_childless_hh,top_1_percent,2000,,,,,
nonelderly_childless_hh,top_1_percent,2001,,,,,
nonelderly_childless_hh,top_1_percent,2002,,,,,
nonelderly_childless_hh,top_1_percent,2003,,,,,
nonelderly_childless_hh,top_1_percent,2004,,,,,
nonelderly_childless_hh,top_1_percent,2005,,,,,
nonelderly_childless_hh,top_1_percent,2006,,,,,
nonelderly_childless_hh,top_1_percent,2007,,,,,
nonelderly_childless_hh,top_1_percent,2008,,,,,
nonelderly_childless_hh,top_1_percent,2009,,,,,
nonelderly_childless_hh,top_1_percent,2010,,,,,
nonelderly_childless_hh,top_1_percent,2011,,,,,
nonelderly_childless_hh,top_1_percent,2012,,,,,
nonelderly_childless_hh,top_1_percent,2013,0.1,,,,
nonelderly_childless_hh,top_1_percent,2014,,,,,
nonelderly_childless_hh,top_1_percent,2015,,,,,
