household_type,income_group,year,means_tested_transfers,medicaid_and_chip,snap,ssi,other_transfers
all_households,all_quintiles,1979,2.1,0.6,0.4,0.3,0.8
all_households,all_quintiles,1980,2.3,0.7,0.4,0.4,0.8
all_households,all_quintiles,1981,2.3,0.7,0.5,0.3,0.8
all_households,all_quintiles,1982,2.2,0.7,0.4,0.3,0.8
all_households,all_quintiles,1983,2.2,0.7,0.4,0.3,0.8
all_households,all_quintiles,1984,2.1,0.7,0.4,0.3,0.7
all_households,all_quintiles,1985,2.1,0.7,0.3,0.3,0.8
all_households,all_quintiles,1986,2.0,0.7,0.3,0.3,0.7
all_households,all_quintiles,1987,2.1,0.8,0.3,0.3,0.7
all_households,all_quintiles,1988,2.0,0.8,0.3,0.3,0.7
all_households,all_quintiles,1989,2.1,0.8,0.3,0.3,0.6
all_households,all_quintiles,1990,2.4,1.0,0.3,0.4,0.7
all_households,all_quintiles,1991,2.7,1.2,0.4,0.4,0.7
all_households,all_quintiles,1992,2.9,1.3,0.5,0.5,0.7
all_households,all_quintiles,1993,3.1,1.4,0.5,0.5,0.8
all_households,all_quintiles,1994,3.1,1.5,0.4,0.5,0.7
all_households,all_quintiles,1995,3.0,1.5,0.4,0.5,0.6
all_households,all_quintiles,1996,2.8,1.4,0.4,0.5,0.6
all_households,all_quintiles,1997,2.6,1.4,0.3,0.4,0.4
all_households,all_quintiles,1998,2.6,1.5,0.2,0.4,0.4
all_households,all_quintiles,1999,2.5,1.5,0.2,0.4,0.3
all_households,all_quintiles,2000,2.5,1.6,0.2,0.4,0.3
all_households,all_quintiles,2001,2.9,1.9,0.2,0.4,0.3
all_households,all_quintiles,2002,3.3,2.2,0.2,0.4,0.3
all_households,all_quintiles,2003,3.5,2.4,0.3,0.4,0.3
all_households,all_quintiles,2004,3.4,2.4,0.3,0.4,0.3
all_households,all_quintiles,2005,3.3,2.3,0.3,0.4,0.3
all_households,all_quintiles,2006,3.1,2.1,0.3,0.4,0.4
all_households,all_quintiles,2007,3.1,2.1,0.3,0.4,0.3
all_households,all_quintiles,2008,3.5,2.4,0.3,0.4,0.4
all_households,all_quintiles,2009,4.2,2.8,0.5,0.5,0.5
all_households,all_quintiles,2010,4.3,2.7,0.6,0.4,0.4
all_households,all_quintiles,2011,4.3,2.7,0.7,0.5,0.5
all_households,all_quintiles,2012,4.1,2.6,0.6,0.4,0.4
all_households,all_quintiles,2013,4.3,2.7,0.6,0.5,0.4
all_households,all_quintiles,2014,4.8,3.3,0.5,0.4,0.5
all_households,all_quintiles,2015,5.0,3.6,0.5,0.4,0.5
all_households,lowest_quintile,1979,31.0,8.9,5.9,4.7,11.6
all_households,lowest_quintile,1980,34.1,9.7,6.8,5.4,12.3
all_households,lowest_quintile,1981,35.2,10.0,7.6,5.2,12.4
all_households,lowest_quintile,1982,38.0,11.1,7.7,5.6,13.6
all_households,lowest_quintile,1983,41.6,12.5,8.4,5.8,14.9
all_households,lowest_quintile,1984,36.1,11.0,6.6,5.3,13.2
all_households,lowest_quintile,1985,38.3,12.1,6.7,5.4,14.1
all_households,lowest_quintile,1986,39.5,12.9,6.6,5.7,14.3
all_households,lowest_quintile,1987,43.3,14.8,6.9,6.2,15.4
all_households,lowest_quintile,1988,41.8,14.6,6.7,6.3,14.2
all_households,lowest_quintile,1989,41.6,15.6,6.6,6.0,13.3
all_households,lowest_quintile,1990,43.8,17.0,7.1,5.8,13.9
all_households,lowest_quintile,1991,47.8,19.3,8.2,6.3,14.0
all_households,lowest_quintile,1992,51.8,21.8,8.9,7.5,13.5
all_households,lowest_quintile,1993,55.7,23.6,9.1,8.1,14.9
all_households,lowest_quintile,1994,54.9,23.5,9.1,8.3,14.0
all_households,lowest_quintile,1995,48.9,21.9,7.8,7.8,11.4
all_households,lowest_quintile,1996,48.7,22.2,7.5,8.4,10.7
all_households,lowest_quintile,1997,42.8,21.0,5.8,7.5,8.5
all_households,lowest_quintile,1998,41.2,21.9,4.7,7.2,7.4
all_households,lowest_quintile,1999,38.7,21.8,4.1,6.5,6.3
all_households,lowest_quintile,2000,39.4,23.5,3.7,6.5,5.6
all_households,lowest_quintile,2001,43.3,26.6,4.1,6.8,5.8
all_households,lowest_quintile,2002,46.3,29.3,4.5,6.7,5.8
all_households,lowest_quintile,2003,49.7,31.8,5.3,6.7,5.9
all_households,lowest_quintile,2004,49.6,32.4,5.7,6.4,5.2
all_households,lowest_quintile,2005,48.7,31.1,6.0,6.3,5.3
all_households,lowest_quintile,2006,46.0,28.5,5.8,6.1,5.6
all_households,lowest_quintile,2007,42.2,26.3,5.2,5.6,5.1
all_households,lowest_quintile,2008,45.2,28.1,6.1,5.7,5.4
all_households,lowest_quintile,2009,54.5,32.2,9.4,6.8,6.1
all_households,lowest_quintile,2010,55.1,32.4,10.1,6.6,6.0
all_households,lowest_quintile,2011,55.0,31.3,10.9,6.5,6.3
all_households,lowest_quintile,2012,59.0,34.1,11.7,7.1,6.2
all_households,lowest_quintile,2013,58.5,34.8,10.7,7.3,5.8
all_households,lowest_quintile,2014,67.1,43.6,9.8,7.0,6.7
all_households,lowest_quintile,2015,66.1,43.9,9.0,6.7,6.5
all_households,second_quintile,1979,2.5,0.8,0.4,0.4,0.9
all_households,second_quintile,1980,2.8,0.9,0.5,0.4,1.0
all_households,second_quintile,1981,3.1,1.0,0.6,0.4,1.0
all_households,second_quintile,1982,2.9,1.0,0.5,0.5,0.9
all_households,second_quintile,1983,2.7,0.9,0.5,0.4,0.9
all_households,second_quintile,1984,2.7,0.9,0.4,0.4,0.9
all_households,second_quintile,1985,2.6,1.0,0.4,0.4,0.9
all_households,second_quintile,1986,2.9,1.1,0.3,0.5,0.9
all_households,second_quintile,1987,2.8,1.1,0.3,0.6,0.9
all_households,second_quintile,1988,2.7,1.2,0.3,0.5,0.8
all_households,second_quintile,1989,2.9,1.3,0.3,0.6,0.8
all_households,second_quintile,1990,3.5,1.6,0.4,0.6,0.8
all_households,second_quintile,1991,4.3,2.0,0.5,0.8,0.9
all_households,second_quintile,1992,5.3,2.7,0.8,0.9,1.0
all_households,second_quintile,1993,5.7,2.9,0.7,0.9,1.1
all_households,second_quintile,1994,5.8,3.1,0.7,1.0,1.1
all_households,second_quintile,1995,6.0,3.3,0.7,1.0,1.0
all_households,second_quintile,1996,5.7,3.1,0.7,0.9,1.0
all_households,second_quintile,1997,5.5,3.3,0.5,0.9,0.8
all_households,second_quintile,1998,5.9,3.8,0.4,0.8,0.8
all_households,second_quintile,1999,5.9,4.1,0.4,0.8,0.6
all_households,second_quintile,2000,6.3,4.4,0.3,0.8,0.7
all_households,second_quintile,2001,7.1,5.2,0.4,0.8,0.7
all_households,second_quintile,2002,8.0,6.0,0.5,0.9,0.7
all_households,second_quintile,2003,8.9,6.7,0.6,1.0,0.7
all_households,second_quintile,2004,9.3,7.1,0.6,0.9,0.6
all_households,second_quintile,2005,9.1,6.9,0.7,0.8,0.6
all_households,second_quintile,2006,9.1,6.5,0.6,0.9,1.0
all_households,second_quintile,2007,8.7,6.3,0.6,0.9,1.0
all_households,second_quintile,2008,10.1,7.2,0.8,1.0,1.1
all_households,second_quintile,2009,12.1,8.3,1.3,1.1,1.3
all_households,second_quintile,2010,12.5,8.4,1.6,1.1,1.4
all_households,second_quintile,2011,13.1,8.6,1.9,1.1,1.5
all_households,second_quintile,2012,13.2,8.8,1.8,1.1,1.5
all_households,second_quintile,2013,13.1,8.8,1.8,1.1,1.5
all_households,second_quintile,2014,15.0,10.8,1.5,1.1,1.6
all_households,second_quintile,2015,15.3,11.3,1.4,0.9,1.6
all_households,middle_quintile,1979,0.8,0.3,0.1,0.2,0.3
all_households,middle_quintile,1980,0.8,0.3,0.1,0.1,0.3
all_households,middle_quintile,1981,0.8,0.3,0.1,0.1,0.3
all_households,middle_quintile,1982,0.6,0.2,0.1,0.1,0.2
all_households,middle_quintile,1983,0.7,0.3,0.1,0.2,0.2
all_households,middle_quintile,1984,0.7,0.2,0.1,0.2,0.2
all_households,middle_quintile,1985,0.7,0.3,0.1,0.2,0.2
all_households,middle_quintile,1986,0.7,0.3,,0.2,0.2
all_households,middle_quintile,1987,0.7,0.3,,0.2,0.2
all_households,middle_quintile,1988,0.8,0.3,,0.2,0.2
all_households,middle_quintile,1989,0.7,0.3,,0.2,0.2
all_households,middle_quintile,1990,0.9,0.4,0.1,0.2,0.2
all_households,middle_quintile,1991,1.1,0.6,0.1,0.2,0.2
all_households,middle_quintile,1992,1.2,0.6,0.1,0.2,0.2
all_households,middle_quintile,1993,1.5,0.8,0.1,0.3,0.3
all_households,middle_quintile,1994,1.5,0.9,0.1,0.2,0.3
all_households,middle_quintile,1995,1.6,0.9,0.1,0.3,0.3
all_households,middle_quintile,1996,1.6,0.9,0.1,0.3,0.2
all_households,middle_quintile,1997,1.4,0.9,0.1,0.2,0.2
all_households,middle_quintile,1998,1.4,1.0,0.1,0.2,0.1
all_households,middle_quintile,1999,1.7,1.2,0.1,0.3,0.1
all_households,middle_quintile,2000,1.8,1.3,0.1,0.2,0.2
all_households,middle_quintile,2001,1.9,1.5,0.1,0.2,0.2
all_households,middle_quintile,2002,2.3,1.8,0.1,0.3,0.2
all_households,middle_quintile,2003,2.5,2.0,0.1,0.3,0.2
all_households,middle_quintile,2004,2.6,2.1,0.1,0.3,0.1
all_households,middle_quintile,2005,2.7,2.1,0.1,0.3,0.1
all_households,middle_quintile,2006,2.5,1.9,0.1,0.3,0.2
all_households,middle_quintile,2007,2.6,2.0,0.1,0.3,0.3
all_households,middle_quintile,2008,2.9,2.2,0.1,0.3,0.3
all_households,middle_quintile,2009,3.5,2.6,0.2,0.3,0.3
all_households,middle_quintile,2010,3.5,2.6,0.3,0.3,0.3
all_households,middle_quintile,2011,3.6,2.6,0.3,0.3,0.4
all_households,middle_quintile,2012,3.6,2.6,0.3,0.4,0.3
all_households,middle_quintile,2013,3.7,2.7,0.3,0.3,0.4
all_households,middle_quintile,2014,4.5,3.5,0.3,0.3,0.4
all_households,middle_quintile,2015,4.8,3.8,0.3,0.3,0.5
all_households,fourth_quintile,1979,0.4,0.1,,0.1,0.1
all_households,fourth_quintile,1980,0.3,0.1,,0.1,0.1
all_households,fourth_quintile,1981,0.3,0.1,,0.1,0.1
all_households,fourth_quintile,1982,0.2,0.1,,0.1,0.1
all_households,fourth_quintile,1983,0.3,0.1,,0.1,0.1
all_households,fourth_quintile,1984,0.3,0.1,,0.1,0.1
all_households,fourth_quintile,1985,0.3,0.1,,0.1,0.1
all_households,fourth_quintile,1986,0.3,0.1,,0.1,0.1
all_households,fourth_quintile,1987,0.3,0.1,,0.1,0.1
all_households,fourth_quintile,1988,0.3,0.1,,0.1,0.1
all_households,fourth_quintile,1989,0.3,0.1,,0.1,0.1
all_households,fourth_quintile,1990,0.3,0.2,,0.1,0.1
all_households,fourth_quintile,1991,0.4,0.2,,0.1,0.1
all_households,fourth_quintile,1992,0.5,0.3,,0.1,0.1
all_households,fourth_quintile,1993,0.5,0.3,,0.1,0.1
all_households,fourth_quintile,1994,0.6,0.4,,0.1,0.1
all_households,fourth_quintile,1995,0.6,0.4,,0.1,0.1
all_households,fourth_quintile,1996,0.5,0.3,,0.1,0.1
all_households,fourth_quintile,1997,0.6,0.4,,0.1,0.1
all_households,fourth_quintile,1998,0.6,0.4,,0.1,
all_households,fourth_quintile,1999,0.6,0.4,,0.1,
all_households,fourth_quintile,2000,0.6,0.5,,0.1,0.1
all_households,fourth_quintile,2001,0.7,0.5,,0.1,
all_households,fourth_quintile,2002,0.8,0.7,,0.1,0.1
all_households,fourth_quintile,2003,0.9,0.7,,0.1,
all_households,fourth_quintile,2004,1.0,0.8,,0.1,
all_households,fourth_quintile,2005,1.0,0.8,,0.1,
all_households,fourth_quintile,2006,0.9,0.7,,0.1,0.1
all_households,fourth_quintile,2007,1.0,0.8,,0.1,0.1
all_households,fourth_quintile,2008,1.0,0.8,,0.1,0.1
all_households,fourth_quintile,2009,1.2,0.9,,0.1,0.1
all_households,fourth_quintile,2010,1.2,0.9,0.1,0.1,0.1
all_households,fourth_quintile,2011,1.2,0.9,0.1,0.1,0.1
all_households,fourth_quintile,2012,1.1,0.9,0.1,0.1,0.1
all_households,fourth_quintile,2013,1.1,0.8,0.1,0.1,0.1
all_households,fourth_quintile,2014,1.5,1.2,0.1,0.1,0.1
all_households,fourth_quintile,2015,1.6,1.3,0.1,0.1,0.1
all_households,highest_quintile,1979,0.1,,,,
all_households,highest_quintile,1980,0.1,,,,
all_households,highest_quintile,1981,0.1,,,,
all_households,highest_quintile,1982,0.1,,,,
all_households,highest_quintile,1983,0.1,,,,
all_households,highest_quintile,1984,0.1,,,,
all_households,highest_quintile,1985,0.1,,,,
all_households,highest_quintile,1986,0.1,,,,
all_households,highest_quintile,1987,0.1,,,,
all_households,highest_quintile,1988,0.1,,,,
all_households,highest_quintile,1989,0.1,,,,
all_households,highest_quintile,1990,0.1,,,,
all_households,highest_quintile,1991,0.1,0.1,,,
all_households,highest_quintile,1992,0.1,0.1,,,
all_households,highest_quintile,1993,0.1,0.1,,,
all_households,highest_quintile,1994,0.2,0.1,,,
all_households,highest_quintile,1995,0.2,0.1,,,
all_households,highest_quintile,1996,0.1,0.1,,,
all_households,highest_quintile,1997,0.1,0.1,,,
all_households,highest_quintile,1998,0.1,0.1,,,
all_households,highest_quintile,1999,0.1,0.1,,,
all_households,highest_quintile,2000,0.2,0.1,,,
all_households,highest_quintile,2001,0.2,0.1,,,
all_households,highest_quintile,2002,0.2,0.2,,,
all_households,highest_quintile,2003,0.2,0.2,,,
all_households,highest_quintile,2004,0.2,0.2,,,
all_households,highest_quintile,2005,0.2,0.2,,,
all_households,highest_quintile,2006,0.2,0.2,,,
all_households,highest_quintile,2007,0.2,0.2,,,
all_households,highest_quintile,2008,0.2,0.2,,,
all_households,highest_quintile,2009,0.3,0.2,,,
all_households,highest_quintile,2010,0.3,0.2,,,
all_households,highest_quintile,2011,0.2,0.2,,,
all_households,highest_quintile,2012,0.2,0.2,,,
all_households,highest_quintile,2013,0.2,0.2,,,
all_households,highest_quintile,2014,0.3,0.2,,,
all_households,highest_quintile,2015,0.3,0.3,,,
all_households,percentiles_81_90,1979,0.2,0.1,,,0.1
all_households,percentiles_81_90,1980,0.2,0.1,,,0.1
all_households,percentiles_81_90,1981,0.2,0.1,,0.1,
all_households,percentiles_81_90,1982,0.1,0.1,,,
all_households,percentiles_81_90,1983,0.1,,,,
all_households,percentiles_81_90,1984,0.1,,,,
all_households,percentiles_81_90,1985,0.1,,,,
all_households,percentiles_81_90,1986,0.1,0.1,,,
all_households,percentiles_81_90,1987,0.1,,,,
all_households,percentiles_81_90,1988,0.1,0.1,,,
all_households,percentiles_81_90,1989,0.1,0.1,,,
all_households,percentiles_81_90,1990,0.2,0.1,,,
all_households,percentiles_81_90,1991,0.2,0.1,,,0.1
all_households,percentiles_81_90,1992,0.2,0.1,,0.1,
all_households,percentiles_81_90,1993,0.2,0.1,,0.1,
all_households,percentiles_81_90,1994,0.3,0.2,,0.1,
all_households,percentiles_81_90,1995,0.3,0.2,,0.1,
all_households,percentiles_81_90,1996,0.3,0.2,,0.1,
all_households,percentiles_81_90,1997,0.3,0.2,,0.1,
all_households,percentiles_81_90,1998,0.3,0.2,,,
all_households,percentiles_81_90,1999,0.3,0.2,,0.1,
all_households,percentiles_81_90,2000,0.3,0.3,,0.1,
all_households,percentiles_81_90,2001,0.3,0.2,,,
all_households,percentiles_81_90,2002,0.4,0.3,,0.1,
all_households,percentiles_81_90,2003,0.4,0.3,,,
all_households,percentiles_81_90,2004,0.5,0.4,,0.1,
all_households,percentiles_81_90,2005,0.4,0.3,,,
all_households,percentiles_81_90,2006,0.5,0.3,,0.1,
all_households,percentiles_81_90,2007,0.5,0.3,,0.1,
all_households,percentiles_81_90,2008,0.5,0.4,,0.1,
all_households,percentiles_81_90,2009,0.5,0.4,,0.1,
all_households,percentiles_81_90,2010,0.5,0.4,,0.1,
all_households,percentiles_81_90,2011,0.5,0.4,,0.1,
all_households,percentiles_81_90,2012,0.5,0.4,,0.1,
all_households,percentiles_81_90,2013,0.4,0.3,,,
all_households,percentiles_81_90,2014,0.6,0.5,,,0.1
all_households,percentiles_81_90,2015,0.7,0.5,,0.1,0.1
all_households,percentiles_91_95,1979,0.1,,,,
all_households,percentiles_91_95,1980,0.1,,,,
all_households,percentiles_91_95,1981,0.1,,,,
all_households,percentiles_91_95,1982,0.1,,,,
all_households,percentiles_91_95,1983,0.1,,,,
all_households,percentiles_91_95,1984,0.1,,,,
all_households,percentiles_91_95,1985,0.1,,,,
all_households,percentiles_91_95,1986,0.1,,,,
all_households,percentiles_91_95,1987,0.1,,,,
all_households,percentiles_91_95,1988,0.1,,,,
all_households,percentiles_91_95,1989,0.1,,,,
all_households,percentiles_91_95,1990,0.1,0.1,,,
all_households,percentiles_91_95,1991,0.1,,,,
all_households,percentiles_91_95,1992,0.2,0.1,,,
all_households,percentiles_91_95,1993,0.2,0.1,,,
all_households,percentiles_91_95,1994,0.2,0.1,,,
all_households,percentiles_91_95,1995,0.2,0.1,,,
all_households,percentiles_91_95,1996,0.2,0.1,,,
all_households,percentiles_91_95,1997,0.2,0.1,,,
all_households,percentiles_91_95,1998,0.2,0.1,,,
all_households,percentiles_91_95,1999,0.2,0.1,,,
all_households,percentiles_91_95,2000,0.2,0.1,,,
all_households,percentiles_91_95,2001,0.2,0.2,,,
all_households,percentiles_91_95,2002,0.2,0.2,,,
all_households,percentiles_91_95,2003,0.2,0.2,,,
all_households,percentiles_91_95,2004,0.2,0.2,,,
all_households,percentiles_91_95,2005,0.3,0.2,,,
all_households,percentiles_91_95,2006,0.3,0.2,,,
all_households,percentiles_91_95,2007,0.3,0.2,,,
all_households,percentiles_91_95,2008,0.3,0.3,,,
all_households,percentiles_91_95,2009,0.3,0.2,,,
all_households,percentiles_91_95,2010,0.3,0.2,,,
all_households,percentiles_91_95,2011,0.3,0.2,,,
all_households,percentiles_91_95,2012,0.3,0.2,,,
all_households,percentiles_91_95,2013,0.2,0.2,,,
all_households,percentiles_91_95,2014,0.3,0.3,,,
all_households,percentiles_91_95,2015,0.4,0.3,,,
all_households,percentiles_96_99,1979,0.1,,,,
all_households,percentiles_96_99,1980,0.1,,,,
all_households,percentiles_96_99,1981,0.1,,,,
all_households,percentiles_96_99,1982,,,,,
all_households,percentiles_96_99,1983,0.1,,,,
all_households,percentiles_96_99,1984,0.1,,,,
all_households,percentiles_96_99,1985,0.1,,,,
all_households,percentiles_96_99,1986,0.1,,,,
all_households,percentiles_96_99,1987,0.1,,,,
all_households,percentiles_96_99,1988,0.1,,,,
all_households,percentiles_96_99,1989,0.1,,,,
all_households,percentiles_96_99,1990,0.1,,,,
all_households,percentiles_96_99,1991,0.1,,,,
all_households,percentiles_96_99,1992,0.1,,,,
all_households,percentiles_96_99,1993,0.1,,,,
all_households,percentiles_96_99,1994,0.1,0.1,,,
all_households,percentiles_96_99,1995,0.1,0.1,,,
all_households,percentiles_96_99,1996,0.1,0.1,,,
all_households,percentiles_96_99,1997,0.1,0.1,,,
all_households,percentiles_96_99,1998,0.1,0.1,,,
all_households,percentiles_96_99,1999,0.1,0.1,,,
all_households,percentiles_96_99,2000,0.1,0.1,,,
all_households,percentiles_96_99,2001,0.1,0.1,,,
all_households,percentiles_96_99,2002,0.1,0.1,,,
all_households,percentiles_96_99,2003,0.1,0.1,,,
all_households,percentiles_96_99,2004,0.1,0.1,,,
all_households,percentiles_96_99,2005,0.2,0.1,,,
all_households,percentiles_96_99,2006,0.1,0.1,,,
all_households,percentiles_96_99,2007,0.2,0.1,,,
all_households,percentiles_96_99,2008,0.2,0.1,,,
all_households,percentiles_96_99,2009,0.2,0.2,,,
all_households,percentiles_96_99,2010,0.2,0.1,,,
all_households,percentiles_96_99,2011,0.2,0.1,,,
all_households,percentiles_96_99,2012,0.1,0.1,,,
all_households,percentiles_96_99,2013,0.1,0.1,,,
all_households,percentiles_96_99,2014,0.2,0.1,,,
all_households,percentiles_96_99,2015,0.2,0.2,,,
all_households,top_1_percent,1979,,,,,
all_households,top_1_percent,1980,,,,,
all_households,top_1_percent,1981,,,,,
all_households,top_1_percent,1982,,,,,
all_households,top_1_percent,1983,,,,,
all_households,top_1_percent,1984,,,,,
all_households,top_1_percent,1985,,,,,
all_households,top_1_percent,1986,,,,,
all_households,top_1_percent,1987,,,,,
all_households,top_1_percent,1988,,,,,
all_households,top_1_percent,1989,,,,,
all_households,top_1_percent,1990,,,,,
all_households,top_1_percent,1991,,,,,
all_households,top_1_percent,1992,,,,,
all_households,top_1_percent,1993,,,,,
all_households,top_1_percent,1994,,,,,
all_households,top_1_percent,1995,,,,,
all_households,top_1_percent,1996,,,,,
all_households,top_1_percent,1997,,,,,
all_households,top_1_percent,1998,,,,,
all_households,top_1_percent,1999,,,,,
all_households,top_1_percent,2000,,,,,
all_households,top_1_percent,2001,,,,,
all_households,top_1_percent,2002,,,,,
all_households,top_1_percent,2003,,,,,
all_households,top_1_percent,2004,,,,,
all_households,top_1_percent,2005,,,,,
all_households,top_1_percent,2006,,,,,
all_households,top_1_percent,2007,,,,,
all_households,top_1_percent,2008,,,,,
all_households,top_1_percent,2009,0.1,,,,
all_households,top_1_percent,2010,0.1,,,,
all_households,top_1_percent,2011,0.1,,,,
all_households,top_1_percent,2012,,,,,
all_households,top_1_percent,2013,,,,,
all_households,top_1_percent,2014,0.1,,,,
all_households,top_1_percent,2015,0.1,,,,
hh_with_children,all_quintiles,1979,3.2,0.9,0.6,0.2,1.5
hh_with_children,all_quintiles,1980,3.5,0.9,0.8,0.3,1.6
hh_with_children,all_quintiles,1981,3.5,0.9,0.8,0.2,1.5
hh_with_children,all_quintiles,1982,3.5,0.9,0.8,0.3,1.5
hh_with_children,all_quintiles,1983,3.5,0.9,0.8,0.2,1.5
hh_with_children,all_quintiles,1984,3.2,0.9,0.7,0.2,1.4
hh_with_children,all_quintiles,1985,3.3,0.9,0.6,0.3,1.5
hh_with_children,all_quintiles,1986,3.2,0.9,0.6,0.2,1.4
hh_with_children,all_quintiles,1987,3.4,1.1,0.6,0.3,1.4
hh_with_children,all_quintiles,1988,3.2,1.1,0.6,0.3,1.3
hh_with_children,all_quintiles,1989,3.3,1.2,0.6,0.3,1.3
hh_with_children,all_quintiles,1990,3.8,1.5,0.7,0.3,1.4
hh_with_children,all_quintiles,1991,4.4,1.7,0.8,0.3,1.5
hh_with_children,all_quintiles,1992,4.7,2.0,0.9,0.4,1.4
hh_with_children,all_quintiles,1993,4.9,2.1,0.9,0.5,1.5
hh_with_children,all_quintiles,1994,4.8,2.0,0.9,0.5,1.4
hh_with_children,all_quintiles,1995,4.5,2.0,0.8,0.5,1.2
hh_with_children,all_quintiles,1996,4.2,1.9,0.7,0.5,1.1
hh_with_children,all_quintiles,1997,3.7,1.8,0.6,0.5,0.8
hh_with_children,all_quintiles,1998,3.6,2.0,0.5,0.4,0.8
hh_with_children,all_quintiles,1999,3.4,2.0,0.4,0.4,0.6
hh_with_children,all_quintiles,2000,3.3,2.1,0.3,0.3,0.5
hh_with_children,all_quintiles,2001,3.8,2.5,0.4,0.4,0.6
hh_with_children,all_quintiles,2002,4.3,2.9,0.4,0.4,0.6
hh_with_children,all_quintiles,2003,4.6,3.1,0.5,0.4,0.6
hh_with_children,all_quintiles,2004,4.5,3.1,0.5,0.4,0.5
hh_with_children,all_quintiles,2005,4.4,3.0,0.5,0.4,0.5
hh_with_children,all_quintiles,2006,4.2,2.8,0.5,0.3,0.5
hh_with_children,all_quintiles,2007,4.2,2.9,0.5,0.3,0.5
hh_with_children,all_quintiles,2008,4.8,3.3,0.6,0.4,0.5
hh_with_children,all_quintiles,2009,5.9,3.8,1.0,0.4,0.6
hh_with_children,all_quintiles,2010,5.9,3.8,1.1,0.4,0.6
hh_with_children,all_quintiles,2011,5.9,3.7,1.1,0.4,0.7
hh_with_children,all_quintiles,2012,5.8,3.7,1.1,0.4,0.6
hh_with_children,all_quintiles,2013,6.0,3.9,1.1,0.4,0.6
hh_with_children,all_quintiles,2014,6.8,4.9,0.9,0.4,0.6
hh_with_children,all_quintiles,2015,7.1,5.3,0.9,0.4,0.6
hh_with_children,lowest_quintile,1979,44.5,11.7,9.6,3.1,20.1
hh_with_children,lowest_quintile,1980,47.4,12.1,10.8,3.7,20.9
hh_with_children,lowest_quintile,1981,47.1,11.8,11.5,3.1,20.7
hh_with_children,lowest_quintile,1982,50.5,12.9,11.7,3.7,22.1
hh_with_children,lowest_quintile,1983,52.8,13.9,12.4,3.3,23.2
hh_with_children,lowest_quintile,1984,46.5,12.2,10.1,3.2,21.0
hh_with_children,lowest_quintile,1985,49.2,13.3,10.2,3.4,22.3
hh_with_children,lowest_quintile,1986,50.8,14.7,10.0,3.4,22.7
hh_with_children,lowest_quintile,1987,58.1,18.2,11.0,4.4,24.5
hh_with_children,lowest_quintile,1988,53.3,16.8,10.4,4.0,22.2
hh_with_children,lowest_quintile,1989,52.4,17.7,10.1,4.0,20.6
hh_with_children,lowest_quintile,1990,57.1,20.7,10.9,4.1,21.5
hh_with_children,lowest_quintile,1991,60.4,22.7,12.3,4.1,21.3
hh_with_children,lowest_quintile,1992,63.3,25.3,12.7,5.5,19.8
hh_with_children,lowest_quintile,1993,66.7,26.8,12.6,6.0,21.3
hh_with_children,lowest_quintile,1994,65.5,25.8,12.8,6.5,20.3
hh_with_children,lowest_quintile,1995,57.7,23.8,11.0,6.3,16.7
hh_with_children,lowest_quintile,1996,53.8,22.7,10.1,6.4,14.7
hh_with_children,lowest_quintile,1997,45.1,20.7,7.8,5.4,11.2
hh_with_children,lowest_quintile,1998,42.1,21.2,6.5,4.7,9.7
hh_with_children,lowest_quintile,1999,40.7,21.7,5.9,4.4,8.6
hh_with_children,lowest_quintile,2000,38.8,22.7,5.0,4.2,7.0
hh_with_children,lowest_quintile,2001,43.1,25.9,5.7,4.4,7.2
hh_with_children,lowest_quintile,2002,45.9,28.5,6.1,4.3,7.0
hh_with_children,lowest_quintile,2003,50.3,31.3,7.0,4.6,7.4
hh_with_children,lowest_quintile,2004,50.4,32.1,7.6,4.2,6.5
hh_with_children,lowest_quintile,2005,50.6,31.4,7.9,4.4,6.7
hh_with_children,lowest_quintile,2006,47.4,29.6,7.7,4.0,6.1
hh_with_children,lowest_quintile,2007,45.5,28.5,7.2,4.1,5.6
hh_with_children,lowest_quintile,2008,49.0,30.6,8.3,3.9,6.2
hh_with_children,lowest_quintile,2009,58.4,34.4,12.4,4.7,6.8
hh_with_children,lowest_quintile,2010,58.5,34.2,13.0,4.4,6.9
hh_with_children,lowest_quintile,2011,58.4,33.2,13.7,4.3,7.1
hh_with_children,lowest_quintile,2012,61.5,35.5,14.5,4.6,6.9
hh_with_children,lowest_quintile,2013,61.7,36.9,13.4,4.7,6.7
hh_with_children,lowest_quintile,2014,70.2,46.4,12.2,4.5,7.0
hh_with_children,lowest_quintile,2015,70.1,47.8,11.3,4.5,6.5
hh_with_children,second_quintile,1979,3.1,0.9,0.6,0.3,1.4
hh_with_children,second_quintile,1980,3.6,1.0,0.8,0.2,1.5
hh_with_children,second_quintile,1981,3.8,1.1,0.9,0.2,1.5
hh_with_children,second_quintile,1982,3.2,0.9,0.7,0.2,1.3
hh_with_children,second_quintile,1983,2.7,0.8,0.6,0.2,1.2
hh_with_children,second_quintile,1984,3.1,0.9,0.7,0.2,1.2
hh_with_children,second_quintile,1985,3.0,1.0,0.5,0.3,1.2
hh_with_children,second_quintile,1986,2.9,1.0,0.5,0.2,1.2
hh_with_children,second_quintile,1987,2.7,1.0,0.4,0.3,1.1
hh_with_children,second_quintile,1988,2.7,1.0,0.4,0.3,1.0
hh_with_children,second_quintile,1989,3.0,1.2,0.5,0.3,1.0
hh_with_children,second_quintile,1990,3.6,1.5,0.5,0.4,1.1
hh_with_children,second_quintile,1991,4.6,2.1,0.8,0.5,1.3
hh_with_children,second_quintile,1992,5.9,2.8,1.0,0.6,1.4
hh_with_children,second_quintile,1993,6.3,3.1,1.0,0.7,1.5
hh_with_children,second_quintile,1994,6.4,3.1,1.0,0.8,1.5
hh_with_children,second_quintile,1995,6.5,3.4,1.0,0.8,1.3
hh_with_children,second_quintile,1996,6.3,3.2,1.0,0.7,1.4
hh_with_children,second_quintile,1997,6.0,3.3,0.8,0.7,1.2
hh_with_children,second_quintile,1998,6.6,4.0,0.7,0.7,1.2
hh_with_children,second_quintile,1999,6.2,4.1,0.5,0.6,0.9
hh_with_children,second_quintile,2000,6.8,4.7,0.5,0.6,1.0
hh_with_children,second_quintile,2001,7.6,5.5,0.5,0.6,1.0
hh_with_children,second_quintile,2002,9.0,6.6,0.7,0.7,1.0
hh_with_children,second_quintile,2003,9.8,7.3,0.8,0.7,1.0
hh_with_children,second_quintile,2004,10.3,7.7,0.9,0.7,0.9
hh_with_children,second_quintile,2005,10.2,7.6,1.0,0.6,1.0
hh_with_children,second_quintile,2006,10.0,7.4,0.9,0.7,1.0
hh_with_children,second_quintile,2007,9.6,7.1,0.9,0.6,1.0
hh_with_children,second_quintile,2008,11.3,8.2,1.2,0.8,1.1
hh_with_children,second_quintile,2009,13.4,9.5,1.9,0.8,1.3
hh_with_children,second_quintile,2010,14.1,9.8,2.2,0.7,1.3
hh_with_children,second_quintile,2011,15.0,10.0,2.6,0.8,1.5
hh_with_children,second_quintile,2012,15.3,10.3,2.5,0.9,1.5
hh_with_children,second_quintile,2013,15.9,11.1,2.5,0.9,1.4
hh_with_children,second_quintile,2014,18.5,14.0,2.1,0.9,1.5
hh_with_children,second_quintile,2015,19.8,15.6,1.9,0.8,1.5
hh_with_children,middle_quintile,1979,1.0,0.3,0.1,0.1,0.5
hh_with_children,middle_quintile,1980,0.9,0.3,0.1,0.1,0.5
hh_with_children,middle_quintile,1981,0.9,0.3,0.2,0.1,0.4
hh_with_children,middle_quintile,1982,0.7,0.2,0.1,0.1,0.3
hh_with_children,middle_quintile,1983,0.7,0.2,0.1,0.1,0.3
hh_with_children,middle_quintile,1984,0.8,0.2,0.1,0.1,0.4
hh_with_children,middle_quintile,1985,0.7,0.2,0.1,0.1,0.3
hh_with_children,middle_quintile,1986,0.7,0.2,0.1,0.1,0.3
hh_with_children,middle_quintile,1987,0.6,0.2,,0.1,0.3
hh_with_children,middle_quintile,1988,0.8,0.3,0.1,0.1,0.3
hh_with_children,middle_quintile,1989,0.7,0.3,0.1,0.1,0.3
hh_with_children,middle_quintile,1990,0.9,0.5,0.1,0.1,0.3
hh_with_children,middle_quintile,1991,1.2,0.6,0.1,0.1,0.3
hh_with_children,middle_quintile,1992,1.4,0.7,0.2,0.2,0.3
hh_with_children,middle_quintile,1993,1.7,0.8,0.2,0.2,0.4
hh_with_children,middle_quintile,1994,1.7,0.9,0.2,0.2,0.4
hh_with_children,middle_quintile,1995,1.7,0.9,0.2,0.2,0.4
hh_with_children,middle_quintile,1996,1.6,0.9,0.2,0.2,0.4
hh_with_children,middle_quintile,1997,1.4,0.8,0.1,0.2,0.2
hh_with_children,middle_quintile,1998,1.5,1.0,0.1,0.2,0.2
hh_with_children,middle_quintile,1999,1.8,1.2,0.1,0.2,0.2
hh_with_children,middle_quintile,2000,1.9,1.4,0.1,0.2,0.3
hh_with_children,middle_quintile,2001,2.1,1.6,0.1,0.2,0.2
hh_with_children,middle_quintile,2002,2.6,2.0,0.1,0.2,0.2
hh_with_children,middle_quintile,2003,2.8,2.2,0.1,0.2,0.3
hh_with_children,middle_quintile,2004,2.9,2.3,0.2,0.2,0.2
hh_with_children,middle_quintile,2005,2.8,2.2,0.1,0.2,0.2
hh_with_children,middle_quintile,2006,2.7,2.1,0.1,0.2,0.2
hh_with_children,middle_quintile,2007,2.9,2.3,0.1,0.2,0.3
hh_with_children,middle_quintile,2008,3.3,2.6,0.2,0.2,0.3
hh_with_children,middle_quintile,2009,4.2,3.2,0.3,0.3,0.3
hh_with_children,middle_quintile,2010,4.2,3.2,0.4,0.2,0.3
hh_with_children,middle_quintile,2011,4.4,3.3,0.5,0.3,0.4
hh_with_children,middle_quintile,2012,4.4,3.2,0.5,0.3,0.4
hh_with_children,middle_quintile,2013,4.8,3.7,0.5,0.3,0.4
hh_with_children,middle_quintile,2014,5.9,4.8,0.4,0.3,0.4
hh_with_children,middle_quintile,2015,6.5,5.4,0.4,0.3,0.5
hh_with_children,fourth_quintile,1979,0.4,0.1,,,0.2
hh_with_children,fourth_quintile,1980,0.4,0.1,,,0.2
hh_with_children,fourth_quintile,1981,0.4,0.1,,,0.2
hh_with_children,fourth_quintile,1982,0.3,0.1,,,0.1
hh_with_children,fourth_quintile,1983,0.2,0.1,,,0.1
hh_with_children,fourth_quintile,1984,0.3,0.1,,,0.1
hh_with_children,fourth_quintile,1985,0.3,0.1,,,0.1
hh_with_children,fourth_quintile,1986,0.3,0.1,,,0.2
hh_with_children,fourth_quintile,1987,0.3,0.1,,,0.1
hh_with_children,fourth_quintile,1988,0.3,0.1,,,0.1
hh_with_children,fourth_quintile,1989,0.3,0.1,,,0.1
hh_with_children,fourth_quintile,1990,0.3,0.2,,0.1,0.1
hh_with_children,fourth_quintile,1991,0.4,0.2,,0.1,0.1
hh_with_children,fourth_quintile,1992,0.6,0.3,0.1,0.1,0.2
hh_with_children,fourth_quintile,1993,0.5,0.3,0.1,0.1,0.1
hh_with_children,fourth_quintile,1994,0.6,0.4,0.1,0.1,0.1
hh_with_children,fourth_quintile,1995,0.6,0.4,0.1,0.1,0.2
hh_with_children,fourth_quintile,1996,0.5,0.3,,0.1,0.1
hh_with_children,fourth_quintile,1997,0.6,0.3,,0.1,0.1
hh_with_children,fourth_quintile,1998,0.5,0.4,,0.1,0.1
hh_with_children,fourth_quintile,1999,0.6,0.4,,0.1,0.1
hh_with_children,fourth_quintile,2000,0.7,0.5,,0.1,0.1
hh_with_children,fourth_quintile,2001,0.7,0.5,,0.1,0.1
hh_with_children,fourth_quintile,2002,0.9,0.7,,0.1,0.1
hh_with_children,fourth_quintile,2003,1.0,0.8,,0.1,0.1
hh_with_children,fourth_quintile,2004,1.0,0.8,,0.1,0.1
hh_with_children,fourth_quintile,2005,1.0,0.8,,0.1,0.1
hh_with_children,fourth_quintile,2006,1.0,0.8,,0.1,0.1
hh_with_children,fourth_quintile,2007,1.0,0.8,,0.1,0.1
hh_with_children,fourth_quintile,2008,1.2,0.9,,0.1,0.1
hh_with_children,fourth_quintile,2009,1.4,1.1,0.1,0.1,0.1
hh_with_children,fourth_quintile,2010,1.5,1.1,0.1,0.1,0.1
hh_with_children,fourth_quintile,2011,1.3,1.0,0.1,0.1,0.1
hh_with_children,fourth_quintile,2012,1.3,1.0,0.1,0.1,0.1
hh_with_children,fourth_quintile,2013,1.4,1.1,0.1,0.1,0.1
hh_with_children,fourth_quintile,2014,1.9,1.6,0.1,0.1,0.1
hh_with_children,fourth_quintile,2015,2.1,1.8,0.1,0.1,0.2
hh_with_children,highest_quintile,1979,0.2,,,,0.1
hh_with_children,highest_quintile,1980,0.2,,,,0.1
hh_with_children,highest_quintile,1981,0.1,,,,0.1
hh_with_children,highest_quintile,1982,0.1,0.1,,,0.1
hh_with_children,highest_quintile,1983,0.1,,,,0.1
hh_with_children,highest_quintile,1984,0.1,,,,0.1
hh_with_children,highest_quintile,1985,0.1,,,,0.1
hh_with_children,highest_quintile,1986,0.1,,,,0.1
hh_with_children,highest_quintile,1987,0.1,,,,0.1
hh_with_children,highest_quintile,1988,0.1,,,,
hh_with_children,highest_quintile,1989,0.1,0.1,,,
hh_with_children,highest_quintile,1990,0.1,0.1,,,
hh_with_children,highest_quintile,1991,0.2,0.1,,,0.1
hh_with_children,highest_quintile,1992,0.2,0.1,,,0.1
hh_with_children,highest_quintile,1993,0.2,0.1,,,0.1
hh_with_children,highest_quintile,1994,0.2,0.1,,,0.1
hh_with_children,highest_quintile,1995,0.2,0.1,,,
hh_with_children,highest_quintile,1996,0.2,0.1,,,
hh_with_children,highest_quintile,1997,0.1,0.1,,,
hh_with_children,highest_quintile,1998,0.1,0.1,,,
hh_with_children,highest_quintile,1999,0.2,0.1,,,
hh_with_children,highest_quintile,2000,0.1,0.1,,,
hh_with_children,highest_quintile,2001,0.2,0.1,,,
hh_with_children,highest_quintile,2002,0.2,0.2,,,
hh_with_children,highest_quintile,2003,0.2,0.2,,,
hh_with_children,highest_quintile,2004,0.2,0.2,,,
hh_with_children,highest_quintile,2005,0.2,0.2,,,
hh_with_children,highest_quintile,2006,0.2,0.2,,,
hh_with_children,highest_quintile,2007,0.2,0.2,,,
hh_with_children,highest_quintile,2008,0.3,0.2,,,
hh_with_children,highest_quintile,2009,0.3,0.3,,,
hh_with_children,highest_quintile,2010,0.3,0.2,,,
hh_with_children,highest_quintile,2011,0.3,0.2,,,
hh_with_children,highest_quintile,2012,0.2,0.2,,,
hh_with_children,highest_quintile,2013,0.2,0.2,,,
hh_with_children,highest_quintile,2014,0.3,0.3,,,
hh_with_children,highest_quintile,2015,0.4,0.3,,,
hh_with_children,percentiles_81_90,1979,0.2,0.1,,,0.1
hh_with_children,percentiles_81_90,1980,0.2,0.1,,,0.1
hh_with_children,percentiles_81_90,1981,0.2,0.1,,,0.1
hh_with_children,percentiles_81_90,1982,0.2,0.1,,,0.1
hh_with_children,percentiles_81_90,1983,0.1,,,,0.1
hh_with_children,percentiles_81_90,1984,0.2,0.1,,,0.1
hh_with_children,percentiles_81_90,1985,0.2,,,,0.1
hh_with_children,percentiles_81_90,1986,0.2,,,,0.1
hh_with_children,percentiles_81_90,1987,0.1,,,,0.1
hh_with_children,percentiles_81_90,1988,0.2,0.1,,,0.1
hh_with_children,percentiles_81_90,1989,0.2,0.1,,,0.1
hh_with_children,percentiles_81_90,1990,0.2,0.1,,,0.1
hh_with_children,percentiles_81_90,1991,0.3,0.1,,,0.1
hh_with_children,percentiles_81_90,1992,0.4,0.2,,0.1,0.1
hh_with_children,percentiles_81_90,1993,0.3,0.2,,0.1,0.1
hh_with_children,percentiles_81_90,1994,0.3,0.2,,0.1,0.1
hh_with_children,percentiles_81_90,1995,0.3,0.2,,,0.1
hh_with_children,percentiles_81_90,1996,0.3,0.2,,,0.1
hh_with_children,percentiles_81_90,1997,0.2,0.2,,,
hh_with_children,percentiles_81_90,1998,0.2,0.1,,,
hh_with_children,percentiles_81_90,1999,0.3,0.2,,0.1,0.1
hh_with_children,percentiles_81_90,2000,0.4,0.3,,,0.1
hh_with_children,percentiles_81_90,2001,0.4,0.3,,,
hh_with_children,percentiles_81_90,2002,0.4,0.3,,,
hh_with_children,percentiles_81_90,2003,0.4,0.3,,,
hh_with_children,percentiles_81_90,2004,0.5,0.4,,0.1,
hh_with_children,percentiles_81_90,2005,0.4,0.3,,,0.1
hh_with_children,percentiles_81_90,2006,0.5,0.4,,0.1,0.1
hh_with_children,percentiles_81_90,2007,0.5,0.4,,,0.1
hh_with_children,percentiles_81_90,2008,0.5,0.4,,0.1,0.1
hh_with_children,percentiles_81_90,2009,0.6,0.5,,0.1,0.1
hh_with_children,percentiles_81_90,2010,0.7,0.5,,0.1,0.1
hh_with_children,percentiles_81_90,2011,0.6,0.5,,,0.1
hh_with_children,percentiles_81_90,2012,0.5,0.4,,,0.1
hh_with_children,percentiles_81_90,2013,0.5,0.4,,,
hh_with_children,percentiles_81_90,2014,0.7,0.6,,,0.1
hh_with_children,percentiles_81_90,2015,0.9,0.7,,,0.1
hh_with_children,percentiles_91_95,1979,0.1,,,,0.1
hh_with_children,percentiles_91_95,1980,0.2,,,,0.1
hh_with_children,percentiles_91_95,1981,0.1,,,,0.1
hh_with_children,percentiles_91_95,1982,0.2,0.1,,,0.1
hh_with_children,percentiles_91_95,1983,0.1,,,,0.1
hh_with_children,percentiles_91_95,1984,0.1,,,,0.1
hh_with_children,percentiles_91_95,1985,0.1,,,,0.1
hh_with_children,percentiles_91_95,1986,0.1,,,,0.1
hh_with_children,percentiles_91_95,1987,0.1,,,,0.1
hh_with_children,percentiles_91_95,1988,0.1,,,,0.1
hh_with_children,percentiles_91_95,1989,0.1,0.1,,,
hh_with_children,percentiles_91_95,1990,0.1,0.1,,,
hh_with_children,percentiles_91_95,1991,0.2,0.1,,,0.1
hh_with_children,percentiles_91_95,1992,0.2,0.1,,,0.1
hh_with_children,percentiles_91_95,1993,0.2,0.1,,,0.1
hh_with_children,percentiles_91_95,1994,0.3,0.2,,,
hh_with_children,percentiles_91_95,1995,0.3,0.2,,,
hh_with_children,percentiles_91_95,1996,0.2,0.1,,,
hh_with_children,percentiles_91_95,1997,0.1,0.1,,,
hh_with_children,percentiles_91_95,1998,0.1,0.1,,,
hh_with_children,percentiles_91_95,1999,0.2,0.1,,,
hh_with_children,percentiles_91_95,2000,0.2,0.1,,,
hh_with_children,percentiles_91_95,2001,0.2,0.2,,,
hh_with_children,percentiles_91_95,2002,0.3,0.2,,,
hh_with_children,percentiles_91_95,2003,0.3,0.2,,,
hh_with_children,percentiles_91_95,2004,0.3,0.2,,,
hh_with_children,percentiles_91_95,2005,0.3,0.2,,,
hh_with_children,percentiles_91_95,2006,0.3,0.2,,,
hh_with_children,percentiles_91_95,2007,0.3,0.3,,,
hh_with_children,percentiles_91_95,2008,0.4,0.3,,,
hh_with_children,percentiles_91_95,2009,0.4,0.3,,,
hh_with_children,percentiles_91_95,2010,0.4,0.3,,,
hh_with_children,percentiles_91_95,2011,0.3,0.3,,,
hh_with_children,percentiles_91_95,2012,0.3,0.3,,,
hh_with_children,percentiles_91_95,2013,0.3,0.2,,,
hh_with_children,percentiles_91_95,2014,0.4,0.3,,,
hh_with_children,percentiles_91_95,2015,0.6,0.5,,,0.1
hh_with_children,percentiles_96_99,1979,0.1,,,,0.1
hh_with_children,percentiles_96_99,1980,0.1,,,,0.1
hh_with_children,percentiles_96_99,1981,0.1,,,,0.1
hh_with_children,percentiles_96_99,1982,0.1,,,,
hh_with_children,percentiles_96_99,1983,0.1,,,,0.1
hh_with_children,percentiles_96_99,1984,0.1,,,,0.1
hh_with_children,percentiles_96_99,1985,0.1,,,,0.1
hh_with_children,percentiles_96_99,1986,0.1,,,,0.1
hh_with_children,percentiles_96_99,1987,0.1,,,,
hh_with_children,percentiles_96_99,1988,0.1,,,,
hh_with_children,percentiles_96_99,1989,0.1,,,,
hh_with_children,percentiles_96_99,1990,0.1,0.1,,,
hh_with_children,percentiles_96_99,1991,0.2,0.1,,,0.1
hh_with_children,percentiles_96_99,1992,0.1,0.1,,,
hh_with_children,percentiles_96_99,1993,0.1,0.1,,,
hh_with_children,percentiles_96_99,1994,0.2,0.1,,,
hh_with_children,percentiles_96_99,1995,0.2,0.1,,,
hh_with_children,percentiles_96_99,1996,0.1,0.1,,,
hh_with_children,percentiles_96_99,1997,0.1,,,,
hh_with_children,percentiles_96_99,1998,0.1,0.1,,,
hh_with_children,percentiles_96_99,1999,0.1,0.1,,,
hh_with_children,percentiles_96_99,2000,0.1,0.1,,,
hh_with_children,percentiles_96_99,2001,0.1,0.1,,,
hh_with_children,percentiles_96_99,2002,0.1,0.1,,,
hh_with_children,percentiles_96_99,2003,0.2,0.1,,,
hh_with_children,percentiles_96_99,2004,0.1,0.1,,,
hh_with_children,percentiles_96_99,2005,0.2,0.1,,,
hh_with_children,percentiles_96_99,2006,0.2,0.1,,,
hh_with_children,percentiles_96_99,2007,0.2,0.1,,,
hh_with_children,percentiles_96_99,2008,0.2,0.2,,,
hh_with_children,percentiles_96_99,2009,0.2,0.2,,,
hh_with_children,percentiles_96_99,2010,0.2,0.1,,,
hh_with_children,percentiles_96_99,2011,0.2,0.2,,,
hh_with_children,percentiles_96_99,2012,0.2,0.2,,,
hh_with_children,percentiles_96_99,2013,0.2,0.1,,,
hh_with_children,percentiles_96_99,2014,0.3,0.2,,,
hh_with_children,percentiles_96_99,2015,0.3,0.3,,,
hh_with_children,top_1_percent,1979,0.1,,,,
hh_with_children,top_1_percent,1980,0.1,,,,
hh_with_children,top_1_percent,1981,0.1,,,,
hh_with_children,top_1_percent,1982,0.1,,,,
hh_with_children,top_1_percent,1983,0.1,,,,
hh_with_children,top_1_percent,1984,0.1,,,,
hh_with_children,top_1_percent,1985,0.1,,,,
hh_with_children,top_1_percent,1986,0.1,,,,
hh_with_children,top_1_percent,1987,,,,,
hh_with_children,top_1_percent,1988,,,,,
hh_with_children,top_1_percent,1989,0.1,,,,
hh_with_children,top_1_percent,1990,,,,,
hh_with_children,top_1_percent,1991,0.1,,,,
hh_with_children,top_1_percent,1992,,,,,
hh_with_children,top_1_percent,1993,0.1,,,,
hh_with_children,top_1_percent,1994,0.1,,,,
hh_with_children,top_1_percent,1995,0.1,,,,
hh_with_children,top_1_percent,1996,,,,,
hh_with_children,top_1_percent,1997,,,,,
hh_with_children,top_1_percent,1998,,,,,
hh_with_children,top_1_percent,1999,,,,,
hh_with_children,top_1_percent,2000,,,,,
hh_with_children,top_1_percent,2001,,,,,
hh_with_children,top_1_percent,2002,0.1,,,,
hh_with_children,top_1_percent,2003,,,,,
hh_with_children,top_1_percent,2004,,,,,
hh_with_children,top_1_percent,2005,,,,,
hh_with_children,top_1_percent,2006,,,,,
hh_with_children,top_1_percent,2007,,,,,
hh_with_children,top_1_percent,2008,0.1,,,,
hh_with_children,top_1_percent,2009,0.1,,,,
hh_with_children,top_1_percent,2010,0.1,,,,
hh_with_children,top_1_percent,2011,0.1,0.1,,,
hh_with_children,top_1_percent,2012,,,,,
hh_with_children,top_1_percent,2013,,,,,
hh_with_children,top_1_percent,2014,0.1,0.1,,,
hh_with_children,top_1_percent,2015,0.1,0.1,,,
elderly_headed_hh,all_quintiles,1979,1.9,0.8,0.2,0.6,0.4
elderly_headed_hh,all_quintiles,1980,2.0,0.8,0.2,0.5,0.4
elderly_headed_hh,all_quintiles,1981,1.9,0.8,0.3,0.5,0.4
elderly_headed_hh,all_quintiles,1982,1.8,0.8,0.2,0.4,0.3
elderly_headed_hh,all_quintiles,1983,1.9,0.9,0.2,0.5,0.3
elderly_headed_hh,all_quintiles,1984,1.7,0.8,0.2,0.4,0.4
elderly_headed_hh,all_quintiles,1985,1.8,0.9,0.2,0.4,0.4
elderly_headed_hh,all_quintiles,1986,1.7,0.8,0.1,0.4,0.4
elderly_headed_hh,all_quintiles,1987,1.8,0.9,0.1,0.4,0.4
elderly_headed_hh,all_quintiles,1988,1.8,0.9,0.1,0.4,0.4
elderly_headed_hh,all_quintiles,1989,1.8,0.9,0.1,0.4,0.4
elderly_headed_hh,all_quintiles,1990,2.0,1.0,0.2,0.4,0.4
elderly_headed_hh,all_quintiles,1991,2.2,1.2,0.2,0.5,0.4
elderly_headed_hh,all_quintiles,1992,2.3,1.2,0.2,0.5,0.3
elderly_headed_hh,all_quintiles,1993,2.4,1.3,0.2,0.5,0.4
elderly_headed_hh,all_quintiles,1994,2.4,1.4,0.2,0.5,0.3
elderly_headed_hh,all_quintiles,1995,2.3,1.4,0.2,0.5,0.3
elderly_headed_hh,all_quintiles,1996,2.2,1.3,0.2,0.5,0.3
elderly_headed_hh,all_quintiles,1997,2.0,1.3,0.1,0.4,0.2
elderly_headed_hh,all_quintiles,1998,2.1,1.4,0.1,0.4,0.2
elderly_headed_hh,all_quintiles,1999,2.1,1.4,0.1,0.4,0.2
elderly_headed_hh,all_quintiles,2000,2.2,1.5,0.1,0.4,0.2
elderly_headed_hh,all_quintiles,2001,2.5,1.8,0.1,0.4,0.2
elderly_headed_hh,all_quintiles,2002,2.8,2.0,0.1,0.5,0.2
elderly_headed_hh,all_quintiles,2003,3.0,2.2,0.1,0.4,0.2
elderly_headed_hh,all_quintiles,2004,2.8,2.1,0.1,0.4,0.2
elderly_headed_hh,all_quintiles,2005,2.6,1.9,0.1,0.3,0.2
elderly_headed_hh,all_quintiles,2006,2.3,1.5,0.1,0.3,0.4
elderly_headed_hh,all_quintiles,2007,2.2,1.3,0.1,0.3,0.4
elderly_headed_hh,all_quintiles,2008,2.6,1.7,0.2,0.3,0.5
elderly_headed_hh,all_quintiles,2009,3.0,1.9,0.2,0.4,0.6
elderly_headed_hh,all_quintiles,2010,2.8,1.7,0.3,0.3,0.5
elderly_headed_hh,all_quintiles,2011,2.7,1.6,0.3,0.3,0.5
elderly_headed_hh,all_quintiles,2012,2.5,1.5,0.3,0.3,0.4
elderly_headed_hh,all_quintiles,2013,2.5,1.4,0.3,0.3,0.5
elderly_headed_hh,all_quintiles,2014,2.7,1.6,0.3,0.3,0.5
elderly_headed_hh,all_quintiles,2015,2.8,1.6,0.3,0.3,0.6
elderly_headed_hh,lowest_quintile,1979,14.5,5.5,1.9,4.0,3.1
elderly_headed_hh,lowest_quintile,1980,17.1,6.7,2.3,4.5,3.5
elderly_headed_hh,lowest_quintile,1981,18.8,7.8,2.9,4.5,3.6
elderly_headed_hh,lowest_quintile,1982,21.3,9.6,2.6,5.3,3.8
elderly_headed_hh,lowest_quintile,1983,25.6,12.1,3.0,6.4,4.1
elderly_headed_hh,lowest_quintile,1984,23.7,11.9,2.3,5.3,4.3
elderly_headed_hh,lowest_quintile,1985,25.7,12.8,2.4,5.6,4.9
elderly_headed_hh,lowest_quintile,1986,25.6,12.6,2.2,5.6,5.2
elderly_headed_hh,lowest_quintile,1987,24.9,12.1,2.0,5.3,5.6
elderly_headed_hh,lowest_quintile,1988,25.8,12.7,2.0,5.7,5.4
elderly_headed_hh,lowest_quintile,1989,26.5,13.6,2.2,5.9,4.8
elderly_headed_hh,lowest_quintile,1990,26.5,13.4,2.2,5.5,5.4
elderly_headed_hh,lowest_quintile,1991,29.6,15.5,2.5,6.0,5.6
elderly_headed_hh,lowest_quintile,1992,33.9,17.9,3.5,7.6,4.8
elderly_headed_hh,lowest_quintile,1993,36.3,18.4,3.5,8.6,5.8
elderly_headed_hh,lowest_quintile,1994,34.6,18.2,3.3,7.9,5.2
elderly_headed_hh,lowest_quintile,1995,32.0,16.9,3.1,7.7,4.2
elderly_headed_hh,lowest_quintile,1996,35.0,18.4,3.1,9.0,4.6
elderly_headed_hh,lowest_quintile,1997,31.6,17.2,2.2,7.5,4.7
elderly_headed_hh,lowest_quintile,1998,33.1,19.1,2.0,7.7,4.4
elderly_headed_hh,lowest_quintile,1999,31.1,18.9,1.7,6.7,3.8
elderly_headed_hh,lowest_quintile,2000,31.2,19.2,1.7,6.6,3.8
elderly_headed_hh,lowest_quintile,2001,34.9,21.8,1.8,7.0,4.3
elderly_headed_hh,lowest_quintile,2002,39.1,25.2,2.0,7.5,4.4
elderly_headed_hh,lowest_quintile,2003,40.5,26.5,2.3,7.3,4.5
elderly_headed_hh,lowest_quintile,2004,40.6,27.1,2.5,7.1,3.9
elderly_headed_hh,lowest_quintile,2005,38.3,25.1,2.8,6.4,4.0
elderly_headed_hh,lowest_quintile,2006,36.9,19.9,2.6,6.6,7.8
elderly_headed_hh,lowest_quintile,2007,31.4,16.4,2.5,5.1,7.4
elderly_headed_hh,lowest_quintile,2008,35.6,19.9,3.2,5.4,7.1
elderly_headed_hh,lowest_quintile,2009,45.6,24.6,4.9,7.1,9.1
elderly_headed_hh,lowest_quintile,2010,45.9,25.2,5.6,6.6,8.5
elderly_headed_hh,lowest_quintile,2011,41.9,21.6,6.0,5.9,8.4
elderly_headed_hh,lowest_quintile,2012,47.9,25.2,7.2,6.9,8.6
elderly_headed_hh,lowest_quintile,2013,42.3,21.7,6.5,6.2,8.0
elderly_headed_hh,lowest_quintile,2014,47.8,26.7,6.0,6.1,9.0
elderly_headed_hh,lowest_quintile,2015,45.6,24.1,5.5,5.9,10.0
elderly_headed_hh,second_quintile,1979,1.8,0.8,0.1,0.5,0.3
elderly_headed_hh,second_quintile,1980,1.7,0.7,0.2,0.3,0.5
elderly_headed_hh,second_quintile,1981,2.2,0.9,0.2,0.5,0.5
elderly_headed_hh,second_quintile,1982,2.8,1.2,0.2,0.7,0.7
elderly_headed_hh,second_quintile,1983,3.5,1.5,0.3,0.7,0.9
elderly_headed_hh,second_quintile,1984,2.7,1.1,0.2,0.6,0.8
elderly_headed_hh,second_quintile,1985,2.9,1.2,0.2,0.6,0.9
elderly_headed_hh,second_quintile,1986,3.3,1.4,0.2,0.6,1.0
elderly_headed_hh,second_quintile,1987,3.5,1.7,0.2,0.7,0.9
elderly_headed_hh,second_quintile,1988,3.1,1.4,0.2,0.7,0.8
elderly_headed_hh,second_quintile,1989,2.8,1.3,0.2,0.6,0.8
elderly_headed_hh,second_quintile,1990,3.5,1.8,0.3,0.7,0.8
elderly_headed_hh,second_quintile,1991,4.3,2.2,0.3,1.0,0.8
elderly_headed_hh,second_quintile,1992,5.1,2.7,0.5,1.1,0.9
elderly_headed_hh,second_quintile,1993,5.5,2.9,0.5,1.1,1.0
elderly_headed_hh,second_quintile,1994,5.4,3.1,0.4,1.1,0.8
elderly_headed_hh,second_quintile,1995,5.2,3.2,0.3,1.0,0.7
elderly_headed_hh,second_quintile,1996,5.3,3.1,0.4,1.0,0.8
elderly_headed_hh,second_quintile,1997,5.1,3.3,0.3,1.0,0.5
elderly_headed_hh,second_quintile,1998,5.2,3.8,0.2,0.8,0.5
elderly_headed_hh,second_quintile,1999,5.5,3.9,0.2,1.0,0.4
elderly_headed_hh,second_quintile,2000,5.6,4.0,0.2,1.0,0.5
elderly_headed_hh,second_quintile,2001,5.9,4.4,0.2,0.9,0.5
elderly_headed_hh,second_quintile,2002,6.9,5.1,0.3,1.0,0.6
elderly_headed_hh,second_quintile,2003,7.8,5.8,0.4,1.1,0.6
elderly_headed_hh,second_quintile,2004,8.0,6.3,0.4,0.9,0.4
elderly_headed_hh,second_quintile,2005,7.3,5.6,0.4,0.8,0.5
elderly_headed_hh,second_quintile,2006,7.5,4.7,0.3,0.9,1.5
elderly_headed_hh,second_quintile,2007,7.0,4.3,0.4,0.9,1.4
elderly_headed_hh,second_quintile,2008,8.6,5.5,0.5,1.0,1.6
elderly_headed_hh,second_quintile,2009,10.6,6.3,0.9,1.3,2.2
elderly_headed_hh,second_quintile,2010,10.3,5.8,1.2,1.1,2.2
elderly_headed_hh,second_quintile,2011,10.5,5.9,1.4,1.0,2.2
elderly_headed_hh,second_quintile,2012,11.1,6.4,1.4,1.2,2.2
elderly_headed_hh,second_quintile,2013,10.2,5.6,1.3,1.0,2.3
elderly_headed_hh,second_quintile,2014,10.7,6.2,1.2,0.9,2.5
elderly_headed_hh,second_quintile,2015,10.1,5.7,1.1,0.9,2.5
elderly_headed_hh,middle_quintile,1979,0.7,0.3,,0.2,0.1
elderly_headed_hh,middle_quintile,1980,0.5,0.3,,0.2,0.1
elderly_headed_hh,middle_quintile,1981,0.6,0.3,0.1,0.2,0.1
elderly_headed_hh,middle_quintile,1982,0.7,0.3,0.1,0.1,0.2
elderly_headed_hh,middle_quintile,1983,0.7,0.4,0.1,0.2,0.1
elderly_headed_hh,middle_quintile,1984,0.6,0.3,,0.2,0.1
elderly_headed_hh,middle_quintile,1985,0.7,0.3,,0.2,0.2
elderly_headed_hh,middle_quintile,1986,0.8,0.5,,0.2,0.1
elderly_headed_hh,middle_quintile,1987,0.7,0.4,,0.2,0.1
elderly_headed_hh,middle_quintile,1988,0.7,0.4,,0.2,0.1
elderly_headed_hh,middle_quintile,1989,0.6,0.3,,0.1,0.1
elderly_headed_hh,middle_quintile,1990,0.7,0.4,,0.1,0.2
elderly_headed_hh,middle_quintile,1991,1.0,0.5,,0.2,0.2
elderly_headed_hh,middle_quintile,1992,0.9,0.5,,0.2,0.1
elderly_headed_hh,middle_quintile,1993,1.1,0.7,0.1,0.2,0.1
elderly_headed_hh,middle_quintile,1994,1.3,0.9,,0.2,0.1
elderly_headed_hh,middle_quintile,1995,1.4,1.0,0.1,0.2,0.1
elderly_headed_hh,middle_quintile,1996,1.7,1.2,0.1,0.3,0.1
elderly_headed_hh,middle_quintile,1997,1.6,1.2,,0.3,0.1
elderly_headed_hh,middle_quintile,1998,1.5,1.1,,0.2,0.1
elderly_headed_hh,middle_quintile,1999,1.4,1.0,,0.2,0.1
elderly_headed_hh,middle_quintile,2000,1.6,1.3,,0.2,0.1
elderly_headed_hh,middle_quintile,2001,1.9,1.5,,0.3,0.1
elderly_headed_hh,middle_quintile,2002,2.0,1.5,0.1,0.2,0.1
elderly_headed_hh,middle_quintile,2003,2.3,1.9,,0.3,0.1
elderly_headed_hh,middle_quintile,2004,2.4,2.1,,0.3,0.1
elderly_headed_hh,middle_quintile,2005,2.5,2.1,0.1,0.3,0.1
elderly_headed_hh,middle_quintile,2006,2.6,1.8,0.1,0.3,0.4
elderly_headed_hh,middle_quintile,2007,2.7,1.9,0.1,0.3,0.5
elderly_headed_hh,middle_quintile,2008,2.8,2.0,0.1,0.3,0.4
elderly_headed_hh,middle_quintile,2009,3.3,2.3,0.2,0.3,0.5
elderly_headed_hh,middle_quintile,2010,3.3,2.2,0.3,0.3,0.5
elderly_headed_hh,middle_quintile,2011,3.0,2.0,0.2,0.3,0.5
elderly_headed_hh,middle_quintile,2012,2.9,1.8,0.2,0.4,0.4
elderly_headed_hh,middle_quintile,2013,2.8,1.8,0.2,0.3,0.5
elderly_headed_hh,middle_quintile,2014,3.1,2.1,0.2,0.3,0.6
elderly_headed_hh,middle_quintile,2015,3.2,2.1,0.2,0.3,0.6
elderly_headed_hh,fourth_quintile,1979,0.4,0.1,,0.2,
elderly_headed_hh,fourth_quintile,1980,0.4,0.2,,0.2,
elderly_headed_hh,fourth_quintile,1981,0.3,0.2,,0.1,
elderly_headed_hh,fourth_quintile,1982,0.3,0.2,,0.1,
elderly_headed_hh,fourth_quintile,1983,0.3,0.1,,0.1,
elderly_headed_hh,fourth_quintile,1984,0.2,0.1,,0.1,
elderly_headed_hh,fourth_quintile,1985,0.3,0.1,,0.1,
elderly_headed_hh,fourth_quintile,1986,0.3,0.2,,0.1,
elderly_headed_hh,fourth_quintile,1987,0.2,0.1,,,
elderly_headed_hh,fourth_quintile,1988,0.3,0.1,,0.1,0.1
elderly_headed_hh,fourth_quintile,1989,0.3,0.2,,0.1,
elderly_headed_hh,fourth_quintile,1990,0.3,0.1,,0.1,0.1
elderly_headed_hh,fourth_quintile,1991,0.2,0.1,,0.1,
elderly_headed_hh,fourth_quintile,1992,0.4,0.3,,0.1,
elderly_headed_hh,fourth_quintile,1993,0.5,0.4,,0.1,
elderly_headed_hh,fourth_quintile,1994,0.6,0.4,,0.1,
elderly_headed_hh,fourth_quintile,1995,0.7,0.5,,0.1,
elderly_headed_hh,fourth_quintile,1996,0.7,0.6,,0.1,
elderly_headed_hh,fourth_quintile,1997,0.8,0.6,,0.1,
elderly_headed_hh,fourth_quintile,1998,0.8,0.6,,0.1,
elderly_headed_hh,fourth_quintile,1999,0.7,0.6,,0.1,
elderly_headed_hh,fourth_quintile,2000,0.8,0.7,,0.1,
elderly_headed_hh,fourth_quintile,2001,0.9,0.7,,0.1,
elderly_headed_hh,fourth_quintile,2002,1.1,0.9,,0.1,
elderly_headed_hh,fourth_quintile,2003,1.1,0.9,,0.1,
elderly_headed_hh,fourth_quintile,2004,1.2,1.0,,0.1,
elderly_headed_hh,fourth_quintile,2005,1.2,1.1,,0.1,
elderly_headed_hh,fourth_quintile,2006,1.1,0.8,,0.1,0.1
elderly_headed_hh,fourth_quintile,2007,1.5,1.0,,0.2,0.2
elderly_headed_hh,fourth_quintile,2008,1.0,0.8,,0.1,0.1
elderly_headed_hh,fourth_quintile,2009,1.2,0.9,,0.1,0.2
elderly_headed_hh,fourth_quintile,2010,1.3,1.0,,0.1,0.2
elderly_headed_hh,fourth_quintile,2011,1.2,0.8,,0.2,0.2
elderly_headed_hh,fourth_quintile,2012,1.0,0.7,,0.1,0.1
elderly_headed_hh,fourth_quintile,2013,1.0,0.7,,0.1,0.2
elderly_headed_hh,fourth_quintile,2014,1.2,0.8,0.1,0.1,0.2
elderly_headed_hh,fourth_quintile,2015,1.3,0.9,0.1,0.1,0.2
elderly_headed_hh,highest_quintile,1979,0.1,,,,
elderly_headed_hh,highest_quintile,1980,0.1,,,,
elderly_headed_hh,highest_quintile,1981,0.1,,,,
elderly_headed_hh,highest_quintile,1982,0.1,,,,
elderly_headed_hh,highest_quintile,1983,0.1,,,,
elderly_headed_hh,highest_quintile,1984,0.1,,,,
elderly_headed_hh,highest_quintile,1985,0.1,,,,
elderly_headed_hh,highest_quintile,1986,0.1,,,,
elderly_headed_hh,highest_quintile,1987,0.1,,,,
elderly_headed_hh,highest_quintile,1988,0.1,,,,
elderly_headed_hh,highest_quintile,1989,0.1,,,,
elderly_headed_hh,highest_quintile,1990,0.1,,,,
elderly_headed_hh,highest_quintile,1991,0.1,,,,
elderly_headed_hh,highest_quintile,1992,0.1,0.1,,,
elderly_headed_hh,highest_quintile,1993,0.1,0.1,,,
elderly_headed_hh,highest_quintile,1994,0.2,0.1,,,
elderly_headed_hh,highest_quintile,1995,0.2,0.1,,,
elderly_headed_hh,highest_quintile,1996,0.2,0.2,,,
elderly_headed_hh,highest_quintile,1997,0.2,0.2,,,
elderly_headed_hh,highest_quintile,1998,0.2,0.2,,,
elderly_headed_hh,highest_quintile,1999,0.2,0.2,,,
elderly_headed_hh,highest_quintile,2000,0.3,0.2,,,
elderly_headed_hh,highest_quintile,2001,0.2,0.2,,,
elderly_headed_hh,highest_quintile,2002,0.3,0.3,,,
elderly_headed_hh,highest_quintile,2003,0.3,0.2,,,
elderly_headed_hh,highest_quintile,2004,0.3,0.2,,,
elderly_headed_hh,highest_quintile,2005,0.2,0.2,,,
elderly_headed_hh,highest_quintile,2006,0.3,0.2,,,
elderly_headed_hh,highest_quintile,2007,0.3,0.2,,,
elderly_headed_hh,highest_quintile,2008,0.3,0.2,,,
elderly_headed_hh,highest_quintile,2009,0.4,0.3,,,
elderly_headed_hh,highest_quintile,2010,0.3,0.2,,,
elderly_headed_hh,highest_quintile,2011,0.2,0.2,,,
elderly_headed_hh,highest_quintile,2012,0.2,0.2,,,
elderly_headed_hh,highest_quintile,2013,0.2,0.1,,,
elderly_headed_hh,highest_quintile,2014,0.3,0.2,,,
elderly_headed_hh,highest_quintile,2015,0.3,0.2,,,
elderly_headed_hh,percentiles_81_90,1979,0.2,0.1,,0.1,
elderly_headed_hh,percentiles_81_90,1980,0.2,0.1,,0.1,
elderly_headed_hh,percentiles_81_90,1981,0.1,0.1,,,
elderly_headed_hh,percentiles_81_90,1982,0.2,0.1,,0.1,
elderly_headed_hh,percentiles_81_90,1983,0.1,0.1,,,
elderly_headed_hh,percentiles_81_90,1984,0.1,0.1,,,
elderly_headed_hh,percentiles_81_90,1985,0.1,0.1,,,
elderly_headed_hh,percentiles_81_90,1986,0.1,,,0.1,
elderly_headed_hh,percentiles_81_90,1987,0.1,0.1,,,
elderly_headed_hh,percentiles_81_90,1988,0.2,,,,0.1
elderly_headed_hh,percentiles_81_90,1989,0.1,,,,
elderly_headed_hh,percentiles_81_90,1990,0.1,,,,
elderly_headed_hh,percentiles_81_90,1991,0.2,0.1,,,
elderly_headed_hh,percentiles_81_90,1992,0.2,0.1,,0.1,
elderly_headed_hh,percentiles_81_90,1993,0.4,0.3,,0.1,
elderly_headed_hh,percentiles_81_90,1994,0.3,0.2,,,
elderly_headed_hh,percentiles_81_90,1995,0.4,0.3,,0.1,
elderly_headed_hh,percentiles_81_90,1996,0.4,0.3,,0.1,
elderly_headed_hh,percentiles_81_90,1997,0.4,0.4,,0.1,
elderly_headed_hh,percentiles_81_90,1998,0.5,0.4,,0.1,
elderly_headed_hh,percentiles_81_90,1999,0.5,0.4,,0.1,
elderly_headed_hh,percentiles_81_90,2000,0.5,0.5,,0.1,
elderly_headed_hh,percentiles_81_90,2001,0.4,0.3,,,
elderly_headed_hh,percentiles_81_90,2002,0.7,0.6,,0.1,
elderly_headed_hh,percentiles_81_90,2003,0.7,0.6,,0.1,
elderly_headed_hh,percentiles_81_90,2004,0.7,0.6,,0.1,
elderly_headed_hh,percentiles_81_90,2005,0.5,0.4,,,
elderly_headed_hh,percentiles_81_90,2006,0.6,0.4,,0.1,0.1
elderly_headed_hh,percentiles_81_90,2007,0.7,0.5,,0.1,0.1
elderly_headed_hh,percentiles_81_90,2008,0.5,0.4,,0.1,0.1
elderly_headed_hh,percentiles_81_90,2009,0.8,0.6,,0.1,0.1
elderly_headed_hh,percentiles_81_90,2010,0.6,0.5,,,0.1
elderly_headed_hh,percentiles_81_90,2011,0.4,0.3,,,0.1
elderly_headed_hh,percentiles_81_90,2012,0.6,0.4,,0.1,0.1
elderly_headed_hh,percentiles_81_90,2013,0.4,0.3,,,0.1
elderly_headed_hh,percentiles_81_90,2014,0.6,0.4,,,0.1
elderly_headed_hh,percentiles_81_90,2015,0.6,0.4,,,0.1
elderly_headed_hh,percentiles_91_95,1979,0.1,0.1,,,
elderly_headed_hh,percentiles_91_95,1980,0.1,0.1,,,
elderly_headed_hh,percentiles_91_95,1981,0.1,0.1,,,
elderly_headed_hh,percentiles_91_95,1982,0.1,0.1,,,
elderly_headed_hh,percentiles_91_95,1983,0.1,,,,
elderly_headed_hh,percentiles_91_95,1984,,,,,
elderly_headed_hh,percentiles_91_95,1985,,,,,
elderly_headed_hh,percentiles_91_95,1986,0.1,0.1,,,
elderly_headed_hh,percentiles_91_95,1987,,,,,
elderly_headed_hh,percentiles_91_95,1988,,,,,
elderly_headed_hh,percentiles_91_95,1989,0.1,,,,
elderly_headed_hh,percentiles_91_95,1990,0.1,0.1,,,
elderly_headed_hh,percentiles_91_95,1991,0.1,,,,
elderly_headed_hh,percentiles_91_95,1992,0.1,0.1,,,
elderly_headed_hh,percentiles_91_95,1993,0.1,0.1,,,
elderly_headed_hh,percentiles_91_95,1994,0.2,0.1,,,
elderly_headed_hh,percentiles_91_95,1995,0.2,0.2,,,
elderly_headed_hh,percentiles_91_95,1996,0.4,0.3,,0.1,
elderly_headed_hh,percentiles_91_95,1997,0.3,0.3,,,
elderly_headed_hh,percentiles_91_95,1998,0.4,0.3,,0.1,
elderly_headed_hh,percentiles_91_95,1999,0.3,0.2,,,
elderly_headed_hh,percentiles_91_95,2000,0.3,0.2,,,
elderly_headed_hh,percentiles_91_95,2001,0.3,0.3,,,
elderly_headed_hh,percentiles_91_95,2002,0.3,0.2,,,
elderly_headed_hh,percentiles_91_95,2003,0.3,0.2,,,
elderly_headed_hh,percentiles_91_95,2004,0.3,0.3,,,
elderly_headed_hh,percentiles_91_95,2005,0.4,0.3,,,
elderly_headed_hh,percentiles_91_95,2006,0.5,0.4,,,0.1
elderly_headed_hh,percentiles_91_95,2007,0.5,0.4,,,0.1
elderly_headed_hh,percentiles_91_95,2008,0.4,0.3,,,
elderly_headed_hh,percentiles_91_95,2009,0.4,0.3,,,
elderly_headed_hh,percentiles_91_95,2010,0.4,0.3,,,
elderly_headed_hh,percentiles_91_95,2011,0.3,0.2,,,
elderly_headed_hh,percentiles_91_95,2012,0.3,0.2,,,
elderly_headed_hh,percentiles_91_95,2013,0.3,0.2,,,
elderly_headed_hh,percentiles_91_95,2014,0.4,0.3,,,
elderly_headed_hh,percentiles_91_95,2015,0.3,0.2,,,
elderly_headed_hh,percentiles_96_99,1979,0.1,0.1,,,
elderly_headed_hh,percentiles_96_99,1980,,,,,
elderly_headed_hh,percentiles_96_99,1981,0.1,,,,
elderly_headed_hh,percentiles_96_99,1982,,,,,
elderly_headed_hh,percentiles_96_99,1983,0.1,,,0.1,
elderly_headed_hh,percentiles_96_99,1984,,,,,
elderly_headed_hh,percentiles_96_99,1985,,,,,
elderly_headed_hh,percentiles_96_99,1986,,,,,
elderly_headed_hh,percentiles_96_99,1987,0.1,,,,
elderly_headed_hh,percentiles_96_99,1988,,,,,
elderly_headed_hh,percentiles_96_99,1989,0.1,,,,0.1
elderly_headed_hh,percentiles_96_99,1990,0.1,,,,0.1
elderly_headed_hh,percentiles_96_99,1991,0.1,,,,
elderly_headed_hh,percentiles_96_99,1992,0.1,0.1,,,
elderly_headed_hh,percentiles_96_99,1993,,,,,
elderly_headed_hh,percentiles_96_99,1994,0.2,0.2,,,
elderly_headed_hh,percentiles_96_99,1995,0.1,0.1,,,
elderly_headed_hh,percentiles_96_99,1996,0.1,0.1,,,
elderly_headed_hh,percentiles_96_99,1997,0.2,0.1,,,
elderly_headed_hh,percentiles_96_99,1998,0.1,0.1,,,
elderly_headed_hh,percentiles_96_99,1999,0.2,0.1,,,
elderly_headed_hh,percentiles_96_99,2000,0.2,0.2,,,
elderly_headed_hh,percentiles_96_99,2001,0.2,0.1,,,
elderly_headed_hh,percentiles_96_99,2002,0.2,0.2,,,
elderly_headed_hh,percentiles_96_99,2003,0.2,0.2,,,
elderly_headed_hh,percentiles_96_99,2004,0.2,0.2,,,
elderly_headed_hh,percentiles_96_99,2005,0.2,0.2,,,
elderly_headed_hh,percentiles_96_99,2006,0.2,0.2,,,
elderly_headed_hh,percentiles_96_99,2007,0.3,0.2,,,0.1
elderly_headed_hh,percentiles_96_99,2008,0.3,0.2,,,
elderly_headed_hh,percentiles_96_99,2009,0.3,0.2,,,
elderly_headed_hh,percentiles_96_99,2010,0.2,0.2,,,
elderly_headed_hh,percentiles_96_99,2011,0.2,0.2,,,
elderly_headed_hh,percentiles_96_99,2012,0.1,0.1,,,
elderly_headed_hh,percentiles_96_99,2013,0.2,0.1,,,
elderly_headed_hh,percentiles_96_99,2014,0.1,0.1,,,
elderly_headed_hh,percentiles_96_99,2015,0.2,0.1,,,
elderly_headed_hh,top_1_percent,1979,,,,,
elderly_headed_hh,top_1_percent,1980,,,,,
elderly_headed_hh,top_1_percent,1981,,,,,
elderly_headed_hh,top_1_percent,1982,,,,,
elderly_headed_hh,top_1_percent,1983,,,,,
elderly_headed_hh,top_1_percent,1984,,,,,
elderly_headed_hh,top_1_percent,1985,,,,,
elderly_headed_hh,top_1_percent,1986,,,,,
elderly_headed_hh,top_1_percent,1987,,,,,
elderly_headed_hh,top_1_percent,1988,,,,,
elderly_headed_hh,top_1_percent,1989,,,,,
elderly_headed_hh,top_1_percent,1990,,,,,
elderly_headed_hh,top_1_percent,1991,,,,,
elderly_headed_hh,top_1_percent,1992,,,,,
elderly_headed_hh,top_1_percent,1993,,,,,
elderly_headed_hh,top_1_percent,1994,,,,,
elderly_headed_hh,top_1_percent,1995,,,,,
elderly_headed_hh,top_1_percent,1996,,,,,
elderly_headed_hh,top_1_percent,1997,,,,,
elderly_headed_hh,top_1_percent,1998,,,,,
elderly_headed_hh,top_1_percent,1999,,,,,
elderly_headed_hh,top_1_percent,2000,0.1,0.1,,,
elderly_headed_hh,top_1_percent,2001,,,,,
elderly_headed_hh,top_1_percent,2002,,,,,
elderly_headed_hh,top_1_percent,2003,,,,,
elderly_headed_hh,top_1_percent,2004,,,,,
elderly_headed_hh,top_1_percent,2005,,,,,
elderly_headed_hh,top_1_percent,2006,,,,,
elderly_headed_hh,top_1_percent,2007,,,,,
elderly_headed_hh,top_1_percent,2008,,,,,
elderly_headed_hh,top_1_percent,2009,,,,,
elderly_headed_hh,top_1_percent,2010,0.1,,,,
elderly_headed_hh,top_1_percent,2011,0.1,,,,
elderly_headed_hh,top_1_percent,2012,,,,,
elderly_headed_hh,top_1_percent,2013,,,,,
elderly_headed_hh,top_1_percent,2014,,,,,
elderly_headed_hh,top_1_percent,2015,,,,,
nonelderly_childless_hh,all_quintiles,1979,1.0,0.3,0.1,0.4,0.2
nonelderly_childless_hh,all_quintiles,1980,1.0,0.3,0.1,0.4,0.2
nonelderly_childless_hh,all_quintiles,1981,1.1,0.4,0.2,0.4,0.2
nonelderly_childless_hh,all_quintiles,1982,1.1,0.4,0.1,0.4,0.2
nonelderly_childless_hh,all_quintiles,1983,1.1,0.4,0.1,0.4,0.2
nonelderly_childless_hh,all_quintiles,1984,1.1,0.4,0.1,0.4,0.2
nonelderly_childless_hh,all_quintiles,1985,1.0,0.4,0.1,0.4,0.2
nonelderly_childless_hh,all_quintiles,1986,1.1,0.4,0.1,0.4,0.2
nonelderly_childless_hh,all_quintiles,1987,1.0,0.4,0.1,0.4,0.2
nonelderly_childless_hh,all_quintiles,1988,1.0,0.4,0.1,0.4,0.2
nonelderly_childless_hh,all_quintiles,1989,1.1,0.5,0.1,0.4,0.2
nonelderly_childless_hh,all_quintiles,1990,1.2,0.5,0.1,0.4,0.2
nonelderly_childless_hh,all_quintiles,1991,1.4,0.6,0.1,0.4,0.2
nonelderly_childless_hh,all_quintiles,1992,1.5,0.7,0.2,0.4,0.2
nonelderly_childless_hh,all_quintiles,1993,1.6,0.8,0.2,0.5,0.2
nonelderly_childless_hh,all_quintiles,1994,1.7,0.9,0.1,0.5,0.2
nonelderly_childless_hh,all_quintiles,1995,1.8,1.0,0.1,0.5,0.2
nonelderly_childless_hh,all_quintiles,1996,1.7,1.0,0.1,0.5,0.2
nonelderly_childless_hh,all_quintiles,1997,1.7,1.0,0.1,0.4,0.2
nonelderly_childless_hh,all_quintiles,1998,1.8,1.1,0.1,0.5,0.1
nonelderly_childless_hh,all_quintiles,1999,1.8,1.2,0.1,0.4,0.1
nonelderly_childless_hh,all_quintiles,2000,1.9,1.3,0.1,0.4,0.1
nonelderly_childless_hh,all_quintiles,2001,2.2,1.5,0.1,0.5,0.1
nonelderly_childless_hh,all_quintiles,2002,2.4,1.7,0.1,0.5,0.2
nonelderly_childless_hh,all_quintiles,2003,2.5,1.8,0.1,0.5,0.1
nonelderly_childless_hh,all_quintiles,2004,2.6,1.9,0.1,0.5,0.1
nonelderly_childless_hh,all_quintiles,2005,2.5,1.8,0.2,0.4,0.1
nonelderly_childless_hh,all_quintiles,2006,2.4,1.6,0.1,0.4,0.2
nonelderly_childless_hh,all_quintiles,2007,2.4,1.7,0.1,0.4,0.2
nonelderly_childless_hh,all_quintiles,2008,2.7,1.8,0.2,0.5,0.2
nonelderly_childless_hh,all_quintiles,2009,3.2,2.1,0.3,0.5,0.2
nonelderly_childless_hh,all_quintiles,2010,3.4,2.2,0.3,0.6,0.3
nonelderly_childless_hh,all_quintiles,2011,3.5,2.2,0.4,0.6,0.3
nonelderly_childless_hh,all_quintiles,2012,3.4,2.2,0.4,0.6,0.3
nonelderly_childless_hh,all_quintiles,2013,3.6,2.3,0.4,0.6,0.3
nonelderly_childless_hh,all_quintiles,2014,4.0,2.8,0.4,0.6,0.3
nonelderly_childless_hh,all_quintiles,2015,4.2,3.0,0.3,0.5,0.3
nonelderly_childless_hh,lowest_quintile,1979,24.1,7.4,3.1,9.3,4.3
nonelderly_childless_hh,lowest_quintile,1980,26.7,8.2,3.7,10.2,4.6
nonelderly_childless_hh,lowest_quintile,1981,28.8,8.8,4.8,10.5,4.7
nonelderly_childless_hh,lowest_quintile,1982,27.7,8.8,4.3,9.6,5.0
nonelderly_childless_hh,lowest_quintile,1983,31.0,9.8,4.4,10.6,6.2
nonelderly_childless_hh,lowest_quintile,1984,26.4,8.3,3.4,9.1,5.6
nonelderly_childless_hh,lowest_quintile,1985,27.7,9.2,3.5,9.2,5.9
nonelderly_childless_hh,lowest_quintile,1986,28.5,9.7,3.3,10.3,5.2
nonelderly_childless_hh,lowest_quintile,1987,29.3,10.5,3.0,10.6,5.2
nonelderly_childless_hh,lowest_quintile,1988,32.0,11.9,3.2,11.6,5.4
nonelderly_childless_hh,lowest_quintile,1989,31.8,12.9,3.2,10.4,5.4
nonelderly_childless_hh,lowest_quintile,1990,31.1,12.5,3.4,9.7,5.5
nonelderly_childless_hh,lowest_quintile,1991,35.1,15.1,3.9,11.2,4.9
nonelderly_childless_hh,lowest_quintile,1992,38.7,16.9,4.4,11.7,5.7
nonelderly_childless_hh,lowest_quintile,1993,42.3,19.4,4.6,12.5,5.7
nonelderly_childless_hh,lowest_quintile,1994,44.4,21.7,4.5,12.7,5.3
nonelderly_childless_hh,lowest_quintile,1995,40.7,21.0,4.0,11.2,4.5
nonelderly_childless_hh,lowest_quintile,1996,45.0,23.2,4.0,12.6,5.2
nonelderly_childless_hh,lowest_quintile,1997,43.8,23.9,3.2,12.2,4.6
nonelderly_childless_hh,lowest_quintile,1998,43.5,24.9,2.4,12.0,4.2
nonelderly_childless_hh,lowest_quintile,1999,39.2,23.6,2.1,10.2,3.3
nonelderly_childless_hh,lowest_quintile,2000,45.4,27.9,2.4,11.2,3.9
nonelderly_childless_hh,lowest_quintile,2001,48.2,30.5,2.4,11.2,4.0
nonelderly_childless_hh,lowest_quintile,2002,50.5,32.9,2.7,11.0,3.9
nonelderly_childless_hh,lowest_quintile,2003,53.0,35.2,3.3,10.6,3.9
nonelderly_childless_hh,lowest_quintile,2004,52.2,35.4,3.6,9.9,3.2
nonelderly_childless_hh,lowest_quintile,2005,50.2,33.3,4.1,9.6,3.2
nonelderly_childless_hh,lowest_quintile,2006,46.7,29.6,3.4,9.8,3.9
nonelderly_childless_hh,lowest_quintile,2007,40.8,26.2,3.0,8.3,3.3
nonelderly_childless_hh,lowest_quintile,2008,42.7,27.2,3.5,8.7,3.4
nonelderly_childless_hh,lowest_quintile,2009,50.6,30.7,5.6,10.2,4.1
nonelderly_childless_hh,lowest_quintile,2010,52.1,31.4,6.5,10.3,3.9
nonelderly_childless_hh,lowest_quintile,2011,53.6,31.2,7.9,10.3,4.2
nonelderly_childless_hh,lowest_quintile,2012,58.3,34.4,8.5,11.1,4.3
nonelderly_childless_hh,lowest_quintile,2013,58.9,35.8,7.8,11.5,3.7
nonelderly_childless_hh,lowest_quintile,2014,69.5,45.3,7.5,11.4,5.2
nonelderly_childless_hh,lowest_quintile,2015,67.9,45.4,6.9,10.4,5.1
nonelderly_childless_hh,second_quintile,1979,1.8,0.6,0.3,0.7,0.3
nonelderly_childless_hh,second_quintile,1980,2.0,0.7,0.3,0.7,0.4
nonelderly_childless_hh,second_quintile,1981,2.3,0.9,0.3,0.7,0.4
nonelderly_childless_hh,second_quintile,1982,2.2,0.8,0.2,0.8,0.4
nonelderly_childless_hh,second_quintile,1983,1.9,0.7,0.2,0.6,0.3
nonelderly_childless_hh,second_quintile,1984,1.9,0.8,0.2,0.6,0.3
nonelderly_childless_hh,second_quintile,1985,1.7,0.8,0.1,0.6,0.2
nonelderly_childless_hh,second_quintile,1986,2.6,1.1,0.1,1.0,0.3
nonelderly_childless_hh,second_quintile,1987,2.5,1.0,0.2,0.9,0.4
nonelderly_childless_hh,second_quintile,1988,2.5,1.2,0.1,0.8,0.4
nonelderly_childless_hh,second_quintile,1989,2.9,1.4,0.2,1.0,0.3
nonelderly_childless_hh,second_quintile,1990,3.2,1.5,0.3,1.0,0.4
nonelderly_childless_hh,second_quintile,1991,3.7,1.8,0.3,1.1,0.5
nonelderly_childless_hh,second_quintile,1992,4.6,2.4,0.5,1.2,0.5
nonelderly_childless_hh,second_quintile,1993,4.8,2.6,0.4,1.3,0.5
nonelderly_childless_hh,second_quintile,1994,4.9,2.8,0.4,1.2,0.5
nonelderly_childless_hh,second_quintile,1995,5.6,3.3,0.4,1.4,0.5
nonelderly_childless_hh,second_quintile,1996,4.8,3.0,0.3,1.1,0.5
nonelderly_childless_hh,second_quintile,1997,4.8,3.2,0.2,1.1,0.4
nonelderly_childless_hh,second_quintile,1998,5.1,3.6,0.2,1.0,0.3
nonelderly_childless_hh,second_quintile,1999,5.5,4.1,0.2,1.0,0.3
nonelderly_childless_hh,second_quintile,2000,5.9,4.4,0.2,1.0,0.3
nonelderly_childless_hh,second_quintile,2001,6.9,5.2,0.2,1.2,0.4
nonelderly_childless_hh,second_quintile,2002,7.3,5.6,0.2,1.2,0.3
nonelderly_childless_hh,second_quintile,2003,8.4,6.4,0.3,1.3,0.4
nonelderly_childless_hh,second_quintile,2004,8.7,6.8,0.3,1.3,0.3
nonelderly_childless_hh,second_quintile,2005,8.6,6.7,0.4,1.2,0.3
nonelderly_childless_hh,second_quintile,2006,8.7,6.4,0.3,1.2,0.8
nonelderly_childless_hh,second_quintile,2007,8.5,6.2,0.4,1.2,0.7
nonelderly_childless_hh,second_quintile,2008,9.4,6.9,0.5,1.2,0.8
nonelderly_childless_hh,second_quintile,2009,11.2,8.0,0.8,1.4,1.0
nonelderly_childless_hh,second_quintile,2010,11.7,8.1,1.1,1.5,1.0
nonelderly_childless_hh,second_quintile,2011,12.3,8.5,1.2,1.6,1.0
nonelderly_childless_hh,second_quintile,2012,11.9,8.5,1.1,1.3,1.0
nonelderly_childless_hh,second_quintile,2013,11.5,7.9,1.2,1.4,1.1
nonelderly_childless_hh,second_quintile,2014,13.5,9.8,1.1,1.5,1.2
nonelderly_childless_hh,second_quintile,2015,13.2,10.0,0.9,1.1,1.2
nonelderly_childless_hh,middle_quintile,1979,0.6,0.2,,0.3,0.1
nonelderly_childless_hh,middle_quintile,1980,0.7,0.3,0.1,0.2,0.1
nonelderly_childless_hh,middle_quintile,1981,0.6,0.3,0.1,0.2,0.1
nonelderly_childless_hh,middle_quintile,1982,0.5,0.2,,0.2,0.1
nonelderly_childless_hh,middle_quintile,1983,0.6,0.2,,0.3,0.1
nonelderly_childless_hh,middle_quintile,1984,0.6,0.2,,0.3,0.1
nonelderly_childless_hh,middle_quintile,1985,0.7,0.3,,0.3,0.1
nonelderly_childless_hh,middle_quintile,1986,0.6,0.3,,0.3,0.1
nonelderly_childless_hh,middle_quintile,1987,0.8,0.3,,0.3,0.1
nonelderly_childless_hh,middle_quintile,1988,0.8,0.3,,0.3,0.2
nonelderly_childless_hh,middle_quintile,1989,0.8,0.4,,0.3,0.1
nonelderly_childless_hh,middle_quintile,1990,0.9,0.4,,0.3,0.1
nonelderly_childless_hh,middle_quintile,1991,1.0,0.6,,0.3,0.1
nonelderly_childless_hh,middle_quintile,1992,1.2,0.6,0.1,0.4,0.1
nonelderly_childless_hh,middle_quintile,1993,1.3,0.6,0.1,0.4,0.2
nonelderly_childless_hh,middle_quintile,1994,1.2,0.7,0.1,0.3,0.1
nonelderly_childless_hh,middle_quintile,1995,1.4,0.9,0.1,0.3,0.1
nonelderly_childless_hh,middle_quintile,1996,1.5,0.9,0.1,0.4,0.1
nonelderly_childless_hh,middle_quintile,1997,1.2,0.8,,0.3,0.1
nonelderly_childless_hh,middle_quintile,1998,1.3,0.9,,0.3,0.1
nonelderly_childless_hh,middle_quintile,1999,1.7,1.3,,0.4,
nonelderly_childless_hh,middle_quintile,2000,1.6,1.2,,0.3,0.1
nonelderly_childless_hh,middle_quintile,2001,1.6,1.2,,0.3,0.1
nonelderly_childless_hh,middle_quintile,2002,2.0,1.6,,0.3,0.1
nonelderly_childless_hh,middle_quintile,2003,2.1,1.6,,0.3,0.1
nonelderly_childless_hh,middle_quintile,2004,2.4,1.9,,0.4,0.1
nonelderly_childless_hh,middle_quintile,2005,2.5,2.0,0.1,0.4,0.1
nonelderly_childless_hh,middle_quintile,2006,2.2,1.6,0.1,0.3,0.2
nonelderly_childless_hh,middle_quintile,2007,2.3,1.7,0.1,0.3,0.1
nonelderly_childless_hh,middle_quintile,2008,2.4,1.8,0.1,0.4,0.2
nonelderly_childless_hh,middle_quintile,2009,2.9,2.2,0.2,0.4,0.2
nonelderly_childless_hh,middle_quintile,2010,2.9,2.1,0.2,0.3,0.2
nonelderly_childless_hh,middle_quintile,2011,3.1,2.2,0.2,0.4,0.2
nonelderly_childless_hh,middle_quintile,2012,3.3,2.3,0.2,0.5,0.3
nonelderly_childless_hh,middle_quintile,2013,3.0,2.2,0.2,0.4,0.2
nonelderly_childless_hh,middle_quintile,2014,3.7,2.8,0.2,0.4,0.3
nonelderly_childless_hh,middle_quintile,2015,4.2,3.2,0.2,0.4,0.3
nonelderly_childless_hh,fourth_quintile,1979,0.3,0.1,,0.1,
nonelderly_childless_hh,fourth_quintile,1980,0.3,0.1,,0.1,
nonelderly_childless_hh,fourth_quintile,1981,0.2,0.1,,0.1,
nonelderly_childless_hh,fourth_quintile,1982,0.2,0.1,,0.1,
nonelderly_childless_hh,fourth_quintile,1983,0.3,0.1,,0.1,
nonelderly_childless_hh,fourth_quintile,1984,0.3,0.1,,0.1,
nonelderly_childless_hh,fourth_quintile,1985,0.2,0.1,,0.1,
nonelderly_childless_hh,fourth_quintile,1986,0.2,0.1,,0.1,
nonelderly_childless_hh,fourth_quintile,1987,0.3,0.1,,0.1,
nonelderly_childless_hh,fourth_quintile,1988,0.2,0.1,,0.1,
nonelderly_childless_hh,fourth_quintile,1989,0.3,0.1,,0.1,
nonelderly_childless_hh,fourth_quintile,1990,0.3,0.2,,0.1,
nonelderly_childless_hh,fourth_quintile,1991,0.4,0.2,,0.1,
nonelderly_childless_hh,fourth_quintile,1992,0.5,0.3,,0.2,
nonelderly_childless_hh,fourth_quintile,1993,0.5,0.3,,0.1,
nonelderly_childless_hh,fourth_quintile,1994,0.5,0.3,,0.1,
nonelderly_childless_hh,fourth_quintile,1995,0.5,0.3,,0.1,
nonelderly_childless_hh,fourth_quintile,1996,0.4,0.3,,0.1,
nonelderly_childless_hh,fourth_quintile,1997,0.5,0.3,,0.1,
nonelderly_childless_hh,fourth_quintile,1998,0.6,0.4,,0.1,
nonelderly_childless_hh,fourth_quintile,1999,0.5,0.4,,0.1,
nonelderly_childless_hh,fourth_quintile,2000,0.6,0.4,,0.1,
nonelderly_childless_hh,fourth_quintile,2001,0.6,0.4,,0.1,
nonelderly_childless_hh,fourth_quintile,2002,0.7,0.6,,0.1,
nonelderly_childless_hh,fourth_quintile,2003,0.7,0.6,,0.1,
nonelderly_childless_hh,fourth_quintile,2004,0.8,0.7,,0.1,
nonelderly_childless_hh,fourth_quintile,2005,0.8,0.6,,0.1,
nonelderly_childless_hh,fourth_quintile,2006,0.8,0.6,,0.1,0.1
nonelderly_childless_hh,fourth_quintile,2007,0.8,0.6,,0.1,
nonelderly_childless_hh,fourth_quintile,2008,0.9,0.7,,0.1,0.1
nonelderly_childless_hh,fourth_quintile,2009,0.9,0.7,,0.1,
nonelderly_childless_hh,fourth_quintile,2010,0.9,0.7,0.1,0.1,
nonelderly_childless_hh,fourth_quintile,2011,1.0,0.8,,0.2,0.1
nonelderly_childless_hh,fourth_quintile,2012,1.0,0.8,,0.2,0.1
nonelderly_childless_hh,fourth_quintile,2013,0.9,0.7,,0.1,0.1
nonelderly_childless_hh,fourth_quintile,2014,1.2,1.0,0.1,0.2,0.1
nonelderly_childless_hh,fourth_quintile,2015,1.4,1.1,0.1,0.2,0.1
nonelderly_childless_hh,highest_quintile,1979,0.1,,,,
nonelderly_childless_hh,highest_quintile,1980,0.1,,,,
nonelderly_childless_hh,highest_quintile,1981,0.1,,,,
nonelderly_childless_hh,highest_quintile,1982,0.1,,,,
nonelderly_childless_hh,highest_quintile,1983,,,,,
nonelderly_childless_hh,highest_quintile,1984,0.1,,,,
nonelderly_childless_hh,highest_quintile,1985,0.1,,,,
nonelderly_childless_hh,highest_quintile,1986,0.1,,,,
nonelderly_childless_hh,highest_quintile,1987,0.1,,,,
nonelderly_childless_hh,highest_quintile,1988,,,,,
nonelderly_childless_hh,highest_quintile,1989,0.1,,,,
nonelderly_childless_hh,highest_quintile,1990,0.1,,,,
nonelderly_childless_hh,highest_quintile,1991,0.1,,,,
nonelderly_childless_hh,highest_quintile,1992,0.1,0.1,,,
nonelderly_childless_hh,highest_quintile,1993,0.1,0.1,,,
nonelderly_childless_hh,highest_quintile,1994,0.2,0.1,,,
nonelderly_childless_hh,highest_quintile,1995,0.1,0.1,,,
nonelderly_childless_hh,highest_quintile,1996,0.1,0.1,,,
nonelderly_childless_hh,highest_quintile,1997,0.1,0.1,,,
nonelderly_childless_hh,highest_quintile,1998,0.1,0.1,,,
nonelderly_childless_hh,highest_quintile,1999,0.1,0.1,,,
nonelderly_childless_hh,highest_quintile,2000,0.1,0.1,,,
nonelderly_childless_hh,highest_quintile,2001,0.1,0.1,,,
nonelderly_childless_hh,highest_quintile,2002,0.1,0.1,,,
nonelderly_childless_hh,highest_quintile,2003,0.2,0.1,,,
nonelderly_childless_hh,highest_quintile,2004,0.2,0.1,,,
nonelderly_childless_hh,highest_quintile,2005,0.2,0.1,,,
nonelderly_childless_hh,highest_quintile,2006,0.2,0.1,,,
nonelderly_childless_hh,highest_quintile,2007,0.2,0.1,,,
nonelderly_childless_hh,highest_quintile,2008,0.2,0.1,,,
nonelderly_childless_hh,highest_quintile,2009,0.2,0.2,,,
nonelderly_childless_hh,highest_quintile,2010,0.2,0.2,,,
nonelderly_childless_hh,highest_quintile,2011,0.2,0.2,,,
nonelderly_childless_hh,highest_quintile,2012,0.2,0.2,,,
nonelderly_childless_hh,highest_quintile,2013,0.2,0.1,,,
nonelderly_childless_hh,highest_quintile,2014,0.3,0.2,,,
nonelderly_childless_hh,highest_quintile,2015,0.3,0.2,,,
nonelderly_childless_hh,percentiles_81_90,1979,0.1,,,,
nonelderly_childless_hh,percentiles_81_90,1980,0.1,,,,
nonelderly_childless_hh,percentiles_81_90,1981,0.1,0.1,,0.1,
nonelderly_childless_hh,percentiles_81_90,1982,0.1,0.1,,,
nonelderly_childless_hh,percentiles_81_90,1983,0.1,,,,
nonelderly_childless_hh,percentiles_81_90,1984,0.1,,,,
nonelderly_childless_hh,percentiles_81_90,1985,0.1,,,0.1,
nonelderly_childless_hh,percentiles_81_90,1986,0.1,0.1,,0.1,
nonelderly_childless_hh,percentiles_81_90,1987,0.1,,,,
nonelderly_childless_hh,percentiles_81_90,1988,0.1,0.1,,,
nonelderly_childless_hh,percentiles_81_90,1989,0.1,0.1,,,
nonelderly_childless_hh,percentiles_81_90,1990,0.2,0.1,,0.1,
nonelderly_childless_hh,percentiles_81_90,1991,0.2,0.1,,0.1,
nonelderly_childless_hh,percentiles_81_90,1992,0.2,0.1,,,
nonelderly_childless_hh,percentiles_81_90,1993,0.2,0.1,,0.1,
nonelderly_childless_hh,percentiles_81_90,1994,0.3,0.2,,0.1,
nonelderly_childless_hh,percentiles_81_90,1995,0.2,0.1,,0.1,
nonelderly_childless_hh,percentiles_81_90,1996,0.2,0.1,,0.1,
nonelderly_childless_hh,percentiles_81_90,1997,0.2,0.2,,,
nonelderly_childless_hh,percentiles_81_90,1998,0.3,0.2,,0.1,
nonelderly_childless_hh,percentiles_81_90,1999,0.3,0.2,,0.1,
nonelderly_childless_hh,percentiles_81_90,2000,0.3,0.2,,0.1,
nonelderly_childless_hh,percentiles_81_90,2001,0.3,0.2,,0.1,
nonelderly_childless_hh,percentiles_81_90,2002,0.3,0.2,,0.1,
nonelderly_childless_hh,percentiles_81_90,2003,0.3,0.3,,0.1,
nonelderly_childless_hh,percentiles_81_90,2004,0.4,0.3,,0.1,
nonelderly_childless_hh,percentiles_81_90,2005,0.4,0.3,,0.1,
nonelderly_childless_hh,percentiles_81_90,2006,0.4,0.3,,0.1,
nonelderly_childless_hh,percentiles_81_90,2007,0.3,0.3,,0.1,
nonelderly_childless_hh,percentiles_81_90,2008,0.4,0.3,,0.1,
nonelderly_childless_hh,percentiles_81_90,2009,0.4,0.3,,0.1,
nonelderly_childless_hh,percentiles_81_90,2010,0.4,0.3,,,
nonelderly_childless_hh,percentiles_81_90,2011,0.4,0.3,,0.1,
nonelderly_childless_hh,percentiles_81_90,2012,0.4,0.3,,0.1,
nonelderly_childless_hh,percentiles_81_90,2013,0.3,0.2,,,
nonelderly_childless_hh,percentiles_81_90,2014,0.5,0.4,,0.1,
nonelderly_childless_hh,percentiles_81_90,2015,0.6,0.5,,0.1,
nonelderly_childless_hh,percentiles_91_95,1979,0.1,,,,
nonelderly_childless_hh,percentiles_91_95,1980,,,,,
nonelderly_childless_hh,percentiles_91_95,1981,0.1,,,,
nonelderly_childless_hh,percentiles_91_95,1982,,,,,
nonelderly_childless_hh,percentiles_91_95,1983,0.1,,,,
nonelderly_childless_hh,percentiles_91_95,1984,,,,,
nonelderly_childless_hh,percentiles_91_95,1985,,,,,
nonelderly_childless_hh,percentiles_91_95,1986,,,,,
nonelderly_childless_hh,percentiles_91_95,1987,0.1,,,,
nonelderly_childless_hh,percentiles_91_95,1988,,,,,
nonelderly_childless_hh,percentiles_91_95,1989,0.1,,,,
nonelderly_childless_hh,percentiles_91_95,1990,0.1,,,,
nonelderly_childless_hh,percentiles_91_95,1991,0.1,,,,
nonelderly_childless_hh,percentiles_91_95,1992,0.1,0.1,,0.1,
nonelderly_childless_hh,percentiles_91_95,1993,0.2,0.1,,0.1,
nonelderly_childless_hh,percentiles_91_95,1994,0.2,0.1,,,
nonelderly_childless_hh,percentiles_91_95,1995,0.1,0.1,,,
nonelderly_childless_hh,percentiles_91_95,1996,0.1,0.1,,,
nonelderly_childless_hh,percentiles_91_95,1997,0.1,0.1,,,
nonelderly_childless_hh,percentiles_91_95,1998,0.1,0.1,,,
nonelderly_childless_hh,percentiles_91_95,1999,0.1,0.1,,,
nonelderly_childless_hh,percentiles_91_95,2000,0.1,0.1,,,
nonelderly_childless_hh,percentiles_91_95,2001,0.2,0.1,,,
nonelderly_childless_hh,percentiles_91_95,2002,0.2,0.1,,,
nonelderly_childless_hh,percentiles_91_95,2003,0.2,0.1,,,
nonelderly_childless_hh,percentiles_91_95,2004,0.1,0.1,,,
nonelderly_childless_hh,percentiles_91_95,2005,0.2,0.2,,,
nonelderly_childless_hh,percentiles_91_95,2006,0.2,0.2,,,
nonelderly_childless_hh,percentiles_91_95,2007,0.2,0.2,,,
nonelderly_childless_hh,percentiles_91_95,2008,0.2,0.2,,,
nonelderly_childless_hh,percentiles_91_95,2009,0.2,0.2,,,
nonelderly_childless_hh,percentiles_91_95,2010,0.2,0.2,,,
nonelderly_childless_hh,percentiles_91_95,2011,0.2,0.2,,,
nonelderly_childless_hh,percentiles_91_95,2012,0.2,0.2,,,
nonelderly_childless_hh,percentiles_91_95,2013,0.2,0.1,,,
nonelderly_childless_hh,percentiles_91_95,2014,0.3,0.2,,,
nonelderly_childless_hh,percentiles_91_95,2015,0.3,0.3,,,
nonelderly_childless_hh,percentiles_96_99,1979,0.1,,,,
nonelderly_childless_hh,percentiles_96_99,1980,,,,,
nonelderly_childless_hh,percentiles_96_99,1981,,,,,
nonelderly_childless_hh,percentiles_96_99,1982,,,,,
nonelderly_childless_hh,percentiles_96_99,1983,,,,,
nonelderly_childless_hh,percentiles_96_99,1984,,,,,
nonelderly_childless_hh,percentiles_96_99,1985,,,,,
nonelderly_childless_hh,percentiles_96_99,1986,,,,,
nonelderly_childless_hh,percentiles_96_99,1987,0.1,,,,
nonelderly_childless_hh,percentiles_96_99,1988,,,,,
nonelderly_childless_hh,percentiles_96_99,1989,0.1,,,,
nonelderly_childless_hh,percentiles_96_99,1990,0.1,,,,
nonelderly_childless_hh,percentiles_96_99,1991,0.1,,,,
nonelderly_childless_hh,percentiles_96_99,1992,,,,,
nonelderly_childless_hh,percentiles_96_99,1993,0.1,,,,
nonelderly_childless_hh,percentiles_96_99,1994,0.1,0.1,,,
nonelderly_childless_hh,percentiles_96_99,1995,0.1,0.1,,,
nonelderly_childless_hh,percentiles_96_99,1996,0.1,,,,
nonelderly_childless_hh,percentiles_96_99,1997,0.1,0.1,,,
nonelderly_childless_hh,percentiles_96_99,1998,0.1,,,,
nonelderly_childless_hh,percentiles_96_99,1999,0.1,0.1,,,
nonelderly_childless_hh,percentiles_96_99,2000,0.1,0.1,,,
nonelderly_childless_hh,percentiles_96_99,2001,0.1,0.1,,,
nonelderly_childless_hh,percentiles_96_99,2002,0.1,,,,
nonelderly_childless_hh,percentiles_96_99,2003,0.1,0.1,,,
nonelderly_childless_hh,percentiles_96_99,2004,0.1,0.1,,,
nonelderly_childless_hh,percentiles_96_99,2005,0.1,0.1,,,
nonelderly_childless_hh,percentiles_96_99,2006,0.1,0.1,,,
nonelderly_childless_hh,percentiles_96_99,2007,0.1,0.1,,,
nonelderly_childless_hh,percentiles_96_99,2008,0.1,0.1,,,
nonelderly_childless_hh,percentiles_96_99,2009,0.1,0.1,,,
nonelderly_childless_hh,percentiles_96_99,2010,0.1,0.1,,,
nonelderly_childless_hh,percentiles_96_99,2011,0.1,0.1,,,
nonelderly_childless_hh,percentiles_96_99,2012,0.1,0.1,,,
nonelderly_childless_hh,percentiles_96_99,2013,0.1,0.1,,,
nonelderly_childless_hh,percentiles_96_99,2014,0.1,0.1,,,
nonelderly_childless_hh,percentiles_96_99,2015,0.2,0.2,,,
nonelderly_childless_hh,top_1_percent,1979,,,,,
nonelderly_childless_hh,top_1_percent,1980,,,,,
nonelderly_childless_hh,top_1_percent,1981,,,,,
nonelderly_childless_hh,top_1_percent,1982,,,,,
nonelderly_childless_hh,top_1_percent,1983,,,,,
nonelderly_childless_hh,top_1_percent,1984,,,,,
nonelderly_childless_hh,top_1_percent,1985,,,,,
nonelderly_childless_hh,top_1_percent,1986,,,,,
nonelderly_childless_hh,top_1_percent,1987,,,,,
nonelderly_childless_hh,top_1_percent,1988,,,,,
nonelderly_childless_hh,top_1_percent,1989,,,,,
nonelderly_childless_hh,top_1_percent,1990,,,,,
nonelderly_childless_hh,top_1_percent,1991,,,,,
nonelderly_childless_hh,top_1_percent,1992,,,,,
nonelderly_childless_hh,top_1_percent,1993,,,,,
nonelderly_childless_hh,top_1_percent,1994,,,,,
nonelderly_childless_hh,top_1_percent,1995,,,,,
nonelderly_childless_hh,top_1_percent,1996,,,,,
nonelderly_childless_hh,top_1_percent,1997,,,,,
nonelderly_childless_hh,top_1_percent,1998,,,,,
nonelderly_childless_hh,top_1_percent,1999,,,,,
nonelderly_childless_hh,top_1_percent,2000,,,,,
nonelderly_childless_hh,top_1_percent,2001,,,,,
nonelderly_childless_hh,top_1_percent,2002,,,,,
nonelderly_childless_hh,top_1_percent,2003,,,,,
nonelderly_childless_hh,top_1_percent,2004,,,,,
nonelderly_childless_hh,top_1_percent,2005,,,,,
nonelderly_childless_hh,top_1_percent,2006,,,,,
nonelderly_childless_hh,top_1_percent,2007,,,,,
nonelderly_childless_hh,top_1_percent,2008,,,,,
nonelderly_childless_hh,top_1_percent,2009,,,,,
nonelderly_childless_hh,top_1_percent,2010,,,,,
nonelderly_childless_hh,top_1_percent,2011,,,,,
nonelderly_childless_hh,top_1_percent,2012,,,,,
nonelderly_childless_hh,top_1_percent,2013,,,,,
nonelderly_childless_hh,top_1_percent,2014,,,,,
nonelderly_childless_hh,top_1_percent,2015,,,,,
