household_type,income_group,year,all_federal_taxes,individual_income_tax,payroll_taxes,corporate_income_tax,excise_taxes
all_households,all_quintiles,1979,100.0,100.0,100.0,100.0,100.0
all_households,all_quintiles,1980,100.0,100.0,100.0,100.0,100.0
all_households,all_quintiles,1981,100.0,100.0,100.0,100.0,100.0
all_households,all_quintiles,1982,100.0,100.0,100.0,100.0,100.0
all_households,all_quintiles,1983,100.0,100.0,100.0,100.0,100.0
all_households,all_quintiles,1984,100.0,100.0,100.0,100.0,100.0
all_households,all_quintiles,1985,100.0,100.0,100.0,100.0,100.0
all_households,all_quintiles,1986,100.0,100.0,100.0,100.0,100.0
all_households,all_quintiles,1987,100.0,100.0,100.0,100.0,100.0
all_households,all_quintiles,1988,100.0,100.0,100.0,100.0,100.0
all_households,all_quintiles,1989,100.0,100.0,100.0,100.0,100.0
all_households,all_quintiles,1990,100.0,100.0,100.0,100.0,100.0
all_households,all_quintiles,1991,100.0,100.0,100.0,100.0,100.0
all_households,all_quintiles,1992,100.0,100.0,100.0,100.0,100.0
all_households,all_quintiles,1993,100.0,100.0,100.0,100.0,100.0
all_households,all_quintiles,1994,100.0,100.0,100.0,100.0,100.0
all_households,all_quintiles,1995,100.0,100.0,100.0,100.0,100.0
all_households,all_quintiles,1996,100.0,100.0,100.0,100.0,100.0
all_households,all_quintiles,1997,100.0,100.0,100.0,100.0,100.0
all_households,all_quintiles,1998,100.0,100.0,100.0,100.0,100.0
all_households,all_quintiles,1999,100.0,100.0,100.0,100.0,100.0
all_households,all_quintiles,2000,100.0,100.0,100.0,100.0,100.0
all_households,all_quintiles,2001,100.0,100.0,100.0,100.0,100.0
all_households,all_quintiles,2002,100.0,100.0,100.0,100.0,100.0
all_households,all_quintiles,2003,100.0,100.0,100.0,100.0,100.0
all_households,all_quintiles,2004,100.0,100.0,100.0,100.0,100.0
all_households,all_quintiles,2005,100.0,100.0,100.0,100.0,100.0
all_households,all_quintiles,2006,100.0,100.0,100.0,100.0,100.0
all_households,all_quintiles,2007,100.0,100.0,100.0,100.0,100.0
all_households,all_quintiles,2008,100.0,100.0,100.0,100.0,100.0
all_households,all_quintiles,2009,100.0,100.0,100.0,100.0,100.0
all_households,all_quintiles,2010,100.0,100.0,100.0,100.0,100.0
all_households,all_quintiles,2011,100.0,100.0,100.0,100.0,100.0
all_households,all_quintiles,2012,100.0,100.0,100.0,100.0,100.0
all_households,all_quintiles,2013,100.0,100.0,100.0,100.0,100.0
all_households,all_quintiles,2014,100.0,100.0,100.0,100.0,100.0
all_households,all_quintiles,2015,100.0,100.0,100.0,100.0,100.0
all_households,lowest_quintile,1979,1.7,-0.3,3.0,2.8,10.7
all_households,lowest_quintile,1980,1.5,-0.3,2.9,2.5,10.5
all_households,lowest_quintile,1981,1.4,-0.2,2.8,2.3,10.3
all_households,lowest_quintile,1982,1.4,-0.2,2.6,2.2,10.4
all_households,lowest_quintile,1983,1.5,-0.2,2.4,2.1,11.2
all_households,lowest_quintile,1984,1.8,,2.8,2.5,12.1
all_households,lowest_quintile,1985,1.7,-0.1,2.7,2.2,12.0
all_households,lowest_quintile,1986,1.5,-0.1,2.5,2.1,11.1
all_households,lowest_quintile,1987,1.3,-0.3,2.1,2.1,11.2
all_households,lowest_quintile,1988,1.3,-0.4,2.2,1.9,10.7
all_households,lowest_quintile,1989,1.3,-0.5,2.4,2.0,10.4
all_households,lowest_quintile,1990,1.4,-0.5,2.6,2.2,11.4
all_households,lowest_quintile,1991,1.4,-0.8,2.5,2.2,11.6
all_households,lowest_quintile,1992,1.3,-0.8,2.5,2.1,11.6
all_households,lowest_quintile,1993,1.3,-0.9,2.4,2.0,11.9
all_households,lowest_quintile,1994,1.0,-1.4,2.2,1.9,11.9
all_households,lowest_quintile,1995,1.0,-1.8,2.6,2.0,12.2
all_households,lowest_quintile,1996,0.8,-1.8,2.7,1.7,12.1
all_households,lowest_quintile,1997,0.8,-1.8,2.8,1.6,12.6
all_households,lowest_quintile,1998,0.9,-1.8,3.0,1.8,12.4
all_households,lowest_quintile,1999,1.0,-1.6,3.1,1.8,12.4
all_households,lowest_quintile,2000,0.8,-1.7,3.1,1.8,12.4
all_households,lowest_quintile,2001,0.8,-1.9,2.8,1.8,12.2
all_households,lowest_quintile,2002,0.8,-2.1,2.8,1.9,12.9
all_households,lowest_quintile,2003,0.9,-2.2,2.6,1.7,13.0
all_households,lowest_quintile,2004,0.8,-2.2,2.7,1.5,11.3
all_households,lowest_quintile,2005,0.8,-2.2,2.8,1.4,12.6
all_households,lowest_quintile,2006,0.8,-2.2,2.9,1.4,13.4
all_households,lowest_quintile,2007,0.7,-2.4,3.4,1.5,12.7
all_households,lowest_quintile,2008,-0.1,-4.8,3.1,1.6,13.7
all_households,lowest_quintile,2009,,-4.5,2.7,1.6,13.5
all_households,lowest_quintile,2010,,-4.5,2.9,1.4,14.9
all_households,lowest_quintile,2011,0.1,-3.5,2.8,1.3,14.5
all_households,lowest_quintile,2012,0.1,-2.8,2.6,1.1,13.8
all_households,lowest_quintile,2013,0.3,-3.0,2.7,1.3,14.4
all_households,lowest_quintile,2014,0.2,-2.9,2.6,1.1,12.9
all_households,lowest_quintile,2015,0.1,-3.1,2.7,1.2,12.7
all_households,second_quintile,1979,7.5,3.8,12.5,7.5,15.1
all_households,second_quintile,1980,7.2,3.8,11.9,7.5,14.8
all_households,second_quintile,1981,7.2,4.0,11.6,7.6,15.0
all_households,second_quintile,1982,7.1,3.7,11.0,7.7,15.2
all_households,second_quintile,1983,7.0,3.5,10.5,7.6,15.3
all_households,second_quintile,1984,7.3,3.9,10.8,7.5,15.5
all_households,second_quintile,1985,7.2,3.8,10.7,7.4,15.4
all_households,second_quintile,1986,6.7,3.3,10.2,7.1,15.1
all_households,second_quintile,1987,6.4,2.6,9.9,7.5,15.2
all_households,second_quintile,1988,6.3,2.5,10.0,7.2,15.4
all_households,second_quintile,1989,6.2,2.2,10.0,7.0,15.2
all_households,second_quintile,1990,6.7,2.9,10.3,7.1,15.3
all_households,second_quintile,1991,6.4,2.4,9.7,7.3,15.5
all_households,second_quintile,1992,6.0,1.8,9.5,6.9,15.8
all_households,second_quintile,1993,5.8,1.6,9.3,6.7,15.7
all_households,second_quintile,1994,5.5,1.0,9.2,6.6,15.7
all_households,second_quintile,1995,5.6,1.1,9.5,6.4,15.2
all_households,second_quintile,1996,5.3,0.9,9.4,6.1,15.8
all_households,second_quintile,1997,5.3,1.1,9.6,5.7,15.4
all_households,second_quintile,1998,5.0,0.7,9.6,5.5,15.3
all_households,second_quintile,1999,5.0,0.8,9.5,5.4,15.1
all_households,second_quintile,2000,4.8,0.9,9.5,5.2,15.0
all_households,second_quintile,2001,4.6,-0.2,9.3,5.5,15.7
all_households,second_quintile,2002,4.4,-0.9,9.1,5.2,15.8
all_households,second_quintile,2003,4.2,-1.8,9.0,4.6,15.7
all_households,second_quintile,2004,4.1,-1.5,9.1,4.3,15.0
all_households,second_quintile,2005,4.0,-1.5,9.3,4.1,15.2
all_households,second_quintile,2006,3.9,-1.3,9.3,3.9,15.0
all_households,second_quintile,2007,4.2,-0.8,9.6,4.1,14.7
all_households,second_quintile,2008,3.2,-4.0,9.2,4.1,15.0
all_households,second_quintile,2009,2.8,-5.0,8.6,4.2,16.0
all_households,second_quintile,2010,2.9,-4.2,8.7,3.8,16.0
all_households,second_quintile,2011,3.0,-2.8,8.7,3.7,15.7
all_households,second_quintile,2012,2.7,-2.5,8.5,3.3,15.2
all_households,second_quintile,2013,3.1,-2.4,8.5,3.7,15.2
all_households,second_quintile,2014,3.0,-2.4,8.7,3.5,14.7
all_households,second_quintile,2015,3.1,-2.1,8.7,3.6,14.6
all_households,middle_quintile,1979,13.8,10.8,19.9,9.8,18.1
all_households,middle_quintile,1980,13.8,10.9,19.7,10.1,18.2
all_households,middle_quintile,1981,14.0,11.1,19.4,10.4,18.4
all_households,middle_quintile,1982,13.9,10.7,18.8,10.6,18.1
all_households,middle_quintile,1983,13.6,10.3,18.3,10.3,17.8
all_households,middle_quintile,1984,13.7,10.3,18.3,10.8,17.5
all_households,middle_quintile,1985,13.4,10.0,18.2,10.3,17.1
all_households,middle_quintile,1986,13.0,9.4,18.1,9.9,17.5
all_households,middle_quintile,1987,13.0,9.0,18.3,10.4,17.7
all_households,middle_quintile,1988,12.7,8.7,18.1,9.9,17.5
all_households,middle_quintile,1989,13.0,9.0,18.2,10.0,17.8
all_households,middle_quintile,1990,13.0,9.3,17.8,9.8,17.7
all_households,middle_quintile,1991,13.0,9.3,17.3,10.3,17.9
all_households,middle_quintile,1992,12.6,8.6,17.3,9.9,17.6
all_households,middle_quintile,1993,12.3,8.3,17.2,9.3,17.6
all_households,middle_quintile,1994,12.3,8.3,17.1,9.3,18.0
all_households,middle_quintile,1995,12.0,8.1,17.1,9.2,17.8
all_households,middle_quintile,1996,11.7,7.6,17.0,9.1,17.9
all_households,middle_quintile,1997,11.4,7.5,16.9,8.8,17.7
all_households,middle_quintile,1998,11.0,6.8,16.9,8.4,17.7
all_households,middle_quintile,1999,10.7,6.3,16.8,8.1,17.7
all_households,middle_quintile,2000,10.4,6.2,16.6,8.0,17.4
all_households,middle_quintile,2001,10.5,5.6,16.4,8.2,17.8
all_households,middle_quintile,2002,10.7,5.6,16.3,8.0,18.2
all_households,middle_quintile,2003,10.4,4.8,16.2,7.3,17.7
all_households,middle_quintile,2004,10.2,4.8,16.3,7.0,17.8
all_households,middle_quintile,2005,9.7,4.6,16.4,6.7,17.3
all_households,middle_quintile,2006,9.6,4.5,16.4,6.7,17.7
all_households,middle_quintile,2007,9.7,4.8,16.4,6.8,17.7
all_households,middle_quintile,2008,9.2,2.4,16.1,6.8,17.4
all_households,middle_quintile,2009,9.5,2.6,15.6,6.9,18.1
all_households,middle_quintile,2010,9.2,3.0,15.6,6.3,17.7
all_households,middle_quintile,2011,9.2,4.2,15.4,6.6,17.8
all_households,middle_quintile,2012,8.7,3.9,15.3,5.9,17.6
all_households,middle_quintile,2013,9.2,4.2,15.4,6.4,17.5
all_households,middle_quintile,2014,8.9,3.9,15.4,6.2,17.6
all_households,middle_quintile,2015,9.0,4.1,15.4,6.3,17.8
all_households,fourth_quintile,1979,21.8,20.4,27.7,14.2,21.3
all_households,fourth_quintile,1980,22.0,20.5,27.7,14.5,21.3
all_households,fourth_quintile,1981,22.5,20.8,27.7,14.4,21.3
all_households,fourth_quintile,1982,22.7,20.5,27.4,14.7,21.8
all_households,fourth_quintile,1983,22.4,20.1,27.4,15.0,21.4
all_households,fourth_quintile,1984,22.1,19.7,27.2,14.9,21.1
all_households,fourth_quintile,1985,21.9,19.3,27.2,14.5,21.0
all_households,fourth_quintile,1986,21.4,18.3,27.5,13.9,20.4
all_households,fourth_quintile,1987,21.3,17.8,27.6,14.9,21.2
all_households,fourth_quintile,1988,21.1,17.4,27.7,14.3,21.5
all_households,fourth_quintile,1989,21.3,17.9,27.5,14.3,21.8
all_households,fourth_quintile,1990,21.4,18.1,27.3,14.3,21.6
all_households,fourth_quintile,1991,21.5,18.3,26.8,14.4,21.6
all_households,fourth_quintile,1992,21.0,17.4,26.9,13.7,21.6
all_households,fourth_quintile,1993,20.6,17.1,26.8,13.7,21.0
all_households,fourth_quintile,1994,20.6,17.3,26.7,13.5,21.4
all_households,fourth_quintile,1995,20.2,16.7,26.4,13.5,21.6
all_households,fourth_quintile,1996,19.7,15.9,26.6,13.0,21.2
all_households,fourth_quintile,1997,19.1,15.4,26.2,12.7,20.7
all_households,fourth_quintile,1998,18.9,14.9,26.3,12.5,20.9
all_households,fourth_quintile,1999,18.4,14.1,26.0,12.4,20.6
all_households,fourth_quintile,2000,18.1,13.7,26.0,12.1,21.2
all_households,fourth_quintile,2001,19.0,14.4,26.0,12.1,21.5
all_households,fourth_quintile,2002,19.5,14.9,25.9,11.9,21.4
all_households,fourth_quintile,2003,19.2,14.6,25.8,11.3,21.2
all_households,fourth_quintile,2004,18.5,13.8,26.0,10.7,21.5
all_households,fourth_quintile,2005,17.7,13.0,25.9,10.6,20.9
all_households,fourth_quintile,2006,17.4,12.8,25.9,10.8,20.4
all_households,fourth_quintile,2007,17.4,12.7,25.5,10.8,21.1
all_households,fourth_quintile,2008,18.0,12.2,25.4,10.6,20.1
all_households,fourth_quintile,2009,19.1,13.4,25.5,11.3,20.5
all_households,fourth_quintile,2010,18.5,13.4,25.5,10.4,19.9
all_households,fourth_quintile,2011,18.3,14.4,25.4,10.5,20.3
all_households,fourth_quintile,2012,17.5,13.3,25.6,9.8,20.3
all_households,fourth_quintile,2013,17.9,13.5,25.3,10.9,20.2
all_households,fourth_quintile,2014,17.4,12.9,25.3,10.5,21.1
all_households,fourth_quintile,2015,17.6,13.1,25.4,10.5,21.2
all_households,highest_quintile,1979,55.1,65.3,36.7,65.4,34.1
all_households,highest_quintile,1980,55.4,65.0,37.8,64.9,34.4
all_households,highest_quintile,1981,54.7,64.3,38.4,64.7,34.0
all_households,highest_quintile,1982,54.8,65.1,40.2,64.1,33.9
all_households,highest_quintile,1983,55.4,66.2,41.2,64.3,33.5
all_households,highest_quintile,1984,54.9,66.2,40.7,63.4,33.1
all_households,highest_quintile,1985,55.5,67.1,41.1,64.8,33.7
all_households,highest_quintile,1986,57.1,69.0,41.4,66.3,35.3
all_households,highest_quintile,1987,57.8,70.9,41.9,64.0,34.1
all_households,highest_quintile,1988,58.4,71.9,41.8,65.6,34.6
all_households,highest_quintile,1989,58.0,71.3,41.6,65.5,34.3
all_households,highest_quintile,1990,57.2,70.3,41.8,65.4,33.4
all_households,highest_quintile,1991,57.5,70.8,43.4,64.3,32.8
all_households,highest_quintile,1992,59.0,72.9,43.7,66.3,32.8
all_households,highest_quintile,1993,59.8,73.9,44.2,67.1,33.1
all_households,highest_quintile,1994,60.3,74.8,44.7,67.4,32.0
all_households,highest_quintile,1995,61.0,75.9,44.2,67.8,32.4
all_households,highest_quintile,1996,62.4,77.4,44.2,69.1,32.5
all_households,highest_quintile,1997,63.3,77.9,44.4,70.4,33.1
all_households,highest_quintile,1998,63.9,79.5,44.0,71.1,33.3
all_households,highest_quintile,1999,64.9,80.4,44.4,71.6,33.8
all_households,highest_quintile,2000,65.7,80.9,44.7,72.2,33.7
all_households,highest_quintile,2001,64.8,82.0,45.4,71.3,32.4
all_households,highest_quintile,2002,64.3,82.4,45.8,71.2,31.1
all_households,highest_quintile,2003,65.0,84.6,46.2,73.9,31.9
all_households,highest_quintile,2004,66.2,85.1,45.8,75.5,34.0
all_households,highest_quintile,2005,67.6,86.1,45.4,76.3,33.5
all_households,highest_quintile,2006,68.0,86.1,45.3,76.3,33.0
all_households,highest_quintile,2007,67.8,85.7,44.9,75.9,33.3
all_households,highest_quintile,2008,69.4,94.2,45.9,74.9,33.3
all_households,highest_quintile,2009,68.4,93.7,47.3,73.6,31.2
all_households,highest_quintile,2010,69.1,92.4,47.0,76.3,30.8
all_households,highest_quintile,2011,69.0,87.7,47.4,76.0,31.0
all_households,highest_quintile,2012,70.8,88.1,47.9,78.6,32.5
all_households,highest_quintile,2013,69.2,87.7,47.9,76.1,32.2
all_households,highest_quintile,2014,70.2,88.5,47.7,77.2,33.1
all_households,highest_quintile,2015,69.9,88.0,47.6,77.1,33.1
all_households,percentiles_81_90,1979,16.1,16.8,17.6,11.1,13.3
all_households,percentiles_81_90,1980,16.6,17.1,17.9,11.7,13.3
all_households,percentiles_81_90,1981,16.9,17.4,18.0,11.6,13.4
all_households,percentiles_81_90,1982,17.2,17.4,18.3,11.7,13.6
all_households,percentiles_81_90,1983,16.9,17.0,18.6,11.4,13.3
all_households,percentiles_81_90,1984,16.7,16.7,18.6,11.2,13.0
all_households,percentiles_81_90,1985,16.7,16.7,18.7,11.0,12.9
all_households,percentiles_81_90,1986,16.2,15.6,19.0,10.3,12.8
all_households,percentiles_81_90,1987,16.6,16.2,19.1,11.1,13.2
all_households,percentiles_81_90,1988,16.1,15.4,18.9,10.6,13.3
all_households,percentiles_81_90,1989,16.5,16.1,18.7,11.2,13.7
all_households,percentiles_81_90,1990,16.4,16.0,18.7,11.2,13.4
all_households,percentiles_81_90,1991,16.5,16.3,18.5,11.1,13.0
all_households,percentiles_81_90,1992,16.3,15.7,18.7,10.7,13.1
all_households,percentiles_81_90,1993,15.9,15.3,18.6,10.6,12.7
all_households,percentiles_81_90,1994,16.0,15.6,18.6,10.4,12.6
all_households,percentiles_81_90,1995,15.7,15.2,18.4,10.7,12.9
all_households,percentiles_81_90,1996,15.4,14.7,18.4,10.7,12.9
all_households,percentiles_81_90,1997,15.3,14.3,18.7,10.3,12.8
all_households,percentiles_81_90,1998,15.3,14.3,18.5,10.0,13.2
all_households,percentiles_81_90,1999,14.9,13.8,18.4,10.0,13.1
all_households,percentiles_81_90,2000,14.7,13.4,18.3,10.0,13.2
all_households,percentiles_81_90,2001,15.7,14.5,18.6,9.6,12.9
all_households,percentiles_81_90,2002,15.9,15.1,18.5,9.6,12.3
all_households,percentiles_81_90,2003,15.9,15.0,18.7,9.2,12.7
all_households,percentiles_81_90,2004,15.3,14.3,18.6,9.0,13.2
all_households,percentiles_81_90,2005,14.6,13.5,18.6,8.9,12.6
all_households,percentiles_81_90,2006,14.4,13.3,18.5,9.0,12.4
all_households,percentiles_81_90,2007,14.4,13.1,18.4,9.0,13.0
all_households,percentiles_81_90,2008,15.4,14.3,18.5,8.7,12.2
all_households,percentiles_81_90,2009,16.4,15.6,18.9,9.0,12.1
all_households,percentiles_81_90,2010,15.8,15.2,18.8,8.6,11.6
all_households,percentiles_81_90,2011,15.7,15.3,18.6,8.8,11.8
all_households,percentiles_81_90,2012,15.0,14.2,18.9,8.0,12.1
all_households,percentiles_81_90,2013,15.5,14.5,18.9,9.4,12.2
all_households,percentiles_81_90,2014,15.1,13.9,18.9,9.1,12.9
all_households,percentiles_81_90,2015,15.2,14.1,18.8,8.9,13.1
all_households,percentiles_91_95,1979,11.1,12.7,10.3,8.8,8.1
all_households,percentiles_91_95,1980,11.4,12.8,10.3,9.2,8.1
all_households,percentiles_91_95,1981,11.6,13.0,10.6,9.1,8.1
all_households,percentiles_91_95,1982,11.6,12.7,11.0,8.4,8.1
all_households,percentiles_91_95,1983,11.5,12.6,11.2,8.6,7.7
all_households,percentiles_91_95,1984,11.2,12.2,11.0,8.4,7.7
all_households,percentiles_91_95,1985,11.3,12.3,11.1,8.3,7.7
all_households,percentiles_91_95,1986,11.2,11.9,11.3,8.2,8.0
all_households,percentiles_91_95,1987,11.5,12.6,11.2,8.7,8.1
all_households,percentiles_91_95,1988,11.1,12.0,11.4,7.9,8.0
all_households,percentiles_91_95,1989,11.3,12.3,11.2,8.5,8.0
all_households,percentiles_91_95,1990,11.3,12.2,11.2,8.6,7.9
all_households,percentiles_91_95,1991,11.5,12.5,11.5,8.5,7.6
all_households,percentiles_91_95,1992,11.4,12.3,11.5,8.6,7.7
all_households,percentiles_91_95,1993,11.4,12.2,11.6,8.8,7.9
all_households,percentiles_91_95,1994,11.4,12.4,11.5,8.4,7.7
all_households,percentiles_91_95,1995,11.3,12.2,11.6,8.6,7.6
all_households,percentiles_91_95,1996,11.1,11.8,11.5,8.4,7.6
all_households,percentiles_91_95,1997,11.1,11.8,11.4,8.8,7.9
all_households,percentiles_91_95,1998,11.1,11.8,11.4,8.4,7.8
all_households,percentiles_91_95,1999,11.0,11.6,11.3,8.3,7.8
all_households,percentiles_91_95,2000,10.9,11.3,11.3,8.3,7.9
all_households,percentiles_91_95,2001,11.6,12.4,11.7,7.8,7.6
all_households,percentiles_91_95,2002,11.8,12.8,11.8,7.9,7.4
all_households,percentiles_91_95,2003,11.7,12.9,12.0,7.3,7.3
all_households,percentiles_91_95,2004,11.3,12.3,11.9,7.2,7.6
all_households,percentiles_91_95,2005,11.0,11.8,11.9,7.3,7.3
all_households,percentiles_91_95,2006,10.9,11.7,11.8,7.5,7.4
all_households,percentiles_91_95,2007,10.8,11.5,11.6,7.5,7.6
all_households,percentiles_91_95,2008,11.9,13.4,12.0,7.0,7.5
all_households,percentiles_91_95,2009,12.5,14.2,12.2,7.3,7.2
all_households,percentiles_91_95,2010,12.1,13.7,12.2,6.8,7.0
all_households,percentiles_91_95,2011,12.0,13.4,12.2,6.9,7.2
all_households,percentiles_91_95,2012,11.6,12.6,12.4,6.8,7.4
all_households,percentiles_91_95,2013,11.7,12.5,12.3,7.6,7.3
all_households,percentiles_91_95,2014,11.6,12.3,12.3,7.7,7.9
all_households,percentiles_91_95,2015,11.6,12.3,12.2,7.9,7.9
all_households,percentiles_96_99,1979,13.9,17.4,7.5,16.8,8.5
all_households,percentiles_96_99,1980,14.2,17.7,8.1,16.7,8.7
all_households,percentiles_96_99,1981,14.1,17.6,8.3,16.5,8.3
all_households,percentiles_96_99,1982,13.8,17.4,8.9,14.8,8.1
all_households,percentiles_96_99,1983,13.6,17.1,9.3,15.1,7.9
all_households,percentiles_96_99,1984,13.3,16.8,9.0,14.2,7.8
all_households,percentiles_96_99,1985,13.5,17.0,9.3,14.7,8.1
all_households,percentiles_96_99,1986,13.5,17.0,9.2,14.4,8.5
all_households,percentiles_96_99,1987,14.5,18.7,9.5,15.9,8.1
all_households,percentiles_96_99,1988,14.0,17.9,9.4,15.2,8.1
all_households,percentiles_96_99,1989,14.4,18.6,9.4,15.4,8.1
all_households,percentiles_96_99,1990,14.2,18.3,9.7,15.1,7.9
all_households,percentiles_96_99,1991,14.6,18.6,10.6,15.2,7.9
all_households,percentiles_96_99,1992,14.7,18.6,10.6,15.4,7.9
all_households,percentiles_96_99,1993,14.8,18.6,11.0,15.4,8.2
all_households,percentiles_96_99,1994,14.8,18.9,10.9,14.8,7.8
all_households,percentiles_96_99,1995,15.1,19.3,10.7,15.4,7.8
all_households,percentiles_96_99,1996,15.2,19.4,10.6,15.3,7.8
all_households,percentiles_96_99,1997,15.3,19.4,10.5,15.5,8.0
all_households,percentiles_96_99,1998,15.4,19.8,10.3,15.1,7.9
all_households,percentiles_96_99,1999,15.7,19.9,10.5,15.5,8.4
all_households,percentiles_96_99,2000,15.6,19.6,10.7,15.0,8.1
all_households,percentiles_96_99,2001,15.8,20.7,10.9,14.3,7.9
all_households,percentiles_96_99,2002,16.2,21.4,11.5,13.8,7.4
all_households,percentiles_96_99,2003,16.0,21.9,11.5,14.2,7.5
all_households,percentiles_96_99,2004,16.0,21.7,11.2,14.1,8.1
all_households,percentiles_96_99,2005,16.2,21.9,10.9,14.7,7.9
all_households,percentiles_96_99,2006,16.2,21.8,10.9,14.7,7.9
all_households,percentiles_96_99,2007,16.1,21.5,10.7,14.4,7.9
all_households,percentiles_96_99,2008,17.2,24.7,11.3,13.0,8.0
all_households,percentiles_96_99,2009,17.4,25.2,12.0,12.8,7.5
all_households,percentiles_96_99,2010,17.2,24.5,11.9,12.2,7.3
all_households,percentiles_96_99,2011,17.4,23.5,12.0,12.6,7.4
all_households,percentiles_96_99,2012,17.2,22.9,12.0,12.4,7.7
all_households,percentiles_96_99,2013,16.9,22.4,11.9,14.6,7.6
all_households,percentiles_96_99,2014,17.0,22.3,11.9,14.9,8.0
all_households,percentiles_96_99,2015,17.0,22.3,11.7,14.2,7.9
all_households,top_1_percent,1979,14.1,18.4,1.3,28.8,4.3
all_households,top_1_percent,1980,13.2,17.4,1.5,27.3,4.3
all_households,top_1_percent,1981,12.1,16.3,1.6,27.5,4.2
all_households,top_1_percent,1982,12.2,17.6,2.0,29.2,4.0
all_households,top_1_percent,1983,13.3,19.5,2.1,29.2,4.6
all_households,top_1_percent,1984,13.7,20.4,2.0,29.6,4.6
all_households,top_1_percent,1985,14.0,21.1,2.0,30.9,5.0
all_households,top_1_percent,1986,16.2,24.5,1.9,33.3,6.0
all_households,top_1_percent,1987,15.3,23.4,2.2,28.3,4.7
all_households,top_1_percent,1988,17.2,26.5,2.2,31.9,5.1
all_households,top_1_percent,1989,15.9,24.3,2.3,30.5,4.5
all_households,top_1_percent,1990,15.3,23.8,2.3,30.5,4.2
all_households,top_1_percent,1991,14.9,23.4,2.9,29.4,4.2
all_households,top_1_percent,1992,16.6,26.3,2.8,31.5,4.1
all_households,top_1_percent,1993,17.6,27.6,2.9,32.4,4.2
all_households,top_1_percent,1994,18.1,27.8,3.7,33.8,3.9
all_households,top_1_percent,1995,18.9,29.1,3.6,33.0,4.1
all_households,top_1_percent,1996,20.7,31.5,3.7,34.7,4.2
all_households,top_1_percent,1997,21.5,32.3,3.8,35.8,4.4
all_households,top_1_percent,1998,22.2,33.6,3.8,37.7,4.4
all_households,top_1_percent,1999,23.3,35.1,4.1,37.9,4.5
all_households,top_1_percent,2000,24.5,36.5,4.3,38.9,4.5
all_households,top_1_percent,2001,21.7,34.4,4.1,39.6,4.1
all_households,top_1_percent,2002,20.4,33.1,4.0,39.8,4.0
all_households,top_1_percent,2003,21.4,34.7,4.0,43.2,4.5
all_households,top_1_percent,2004,23.7,36.9,4.0,45.3,5.2
all_households,top_1_percent,2005,25.9,39.0,4.0,45.3,5.7
all_households,top_1_percent,2006,26.4,39.3,4.0,45.1,5.3
all_households,top_1_percent,2007,26.4,39.6,4.1,45.0,4.7
all_households,top_1_percent,2008,24.8,41.8,4.2,46.2,5.6
all_households,top_1_percent,2009,22.0,38.7,4.2,44.5,4.4
all_households,top_1_percent,2010,24.0,39.0,4.2,48.6,4.9
all_households,top_1_percent,2011,23.9,35.4,4.5,47.6,4.6
all_households,top_1_percent,2012,26.9,38.4,4.6,51.3,5.2
all_households,top_1_percent,2013,25.0,38.2,4.7,44.5,5.1
all_households,top_1_percent,2014,26.5,40.1,4.6,45.5,4.4
all_households,top_1_percent,2015,26.2,39.4,4.8,46.1,4.2
hh_with_children,all_quintiles,1979,100.0,100.0,100.0,100.0,100.0
hh_with_children,all_quintiles,1980,100.0,100.0,100.0,100.0,100.0
hh_with_children,all_quintiles,1981,100.0,100.0,100.0,100.0,100.0
hh_with_children,all_quintiles,1982,100.0,100.0,100.0,100.0,100.0
hh_with_children,all_quintiles,1983,100.0,100.0,100.0,100.0,100.0
hh_with_children,all_quintiles,1984,100.0,100.0,100.0,100.0,100.0
hh_with_children,all_quintiles,1985,100.0,100.0,100.0,100.0,100.0
hh_with_children,all_quintiles,1986,100.0,100.0,100.0,100.0,100.0
hh_with_children,all_quintiles,1987,100.0,100.0,100.0,100.0,100.0
hh_with_children,all_quintiles,1988,100.0,100.0,100.0,100.0,100.0
hh_with_children,all_quintiles,1989,100.0,100.0,100.0,100.0,100.0
hh_with_children,all_quintiles,1990,100.0,100.0,100.0,100.0,100.0
hh_with_children,all_quintiles,1991,100.0,100.0,100.0,100.0,100.0
hh_with_children,all_quintiles,1992,100.0,100.0,100.0,100.0,100.0
hh_with_children,all_quintiles,1993,100.0,100.0,100.0,100.0,100.0
hh_with_children,all_quintiles,1994,100.0,100.0,100.0,100.0,100.0
hh_with_children,all_quintiles,1995,100.0,100.0,100.0,100.0,100.0
hh_with_children,all_quintiles,1996,100.0,100.0,100.0,100.0,100.0
hh_with_children,all_quintiles,1997,100.0,100.0,100.0,100.0,100.0
hh_with_children,all_quintiles,1998,100.0,100.0,100.0,100.0,100.0
hh_with_children,all_quintiles,1999,100.0,100.0,100.0,100.0,100.0
hh_with_children,all_quintiles,2000,100.0,100.0,100.0,100.0,100.0
hh_with_children,all_quintiles,2001,100.0,100.0,100.0,100.0,100.0
hh_with_children,all_quintiles,2002,100.0,100.0,100.0,100.0,100.0
hh_with_children,all_quintiles,2003,100.0,100.0,100.0,100.0,100.0
hh_with_children,all_quintiles,2004,100.0,100.0,100.0,100.0,100.0
hh_with_children,all_quintiles,2005,100.0,100.0,100.0,100.0,100.0
hh_with_children,all_quintiles,2006,100.0,100.0,100.0,100.0,100.0
hh_with_children,all_quintiles,2007,100.0,100.0,100.0,100.0,100.0
hh_with_children,all_quintiles,2008,100.0,100.0,100.0,100.0,100.0
hh_with_children,all_quintiles,2009,100.0,100.0,100.0,100.0,100.0
hh_with_children,all_quintiles,2010,100.0,100.0,100.0,100.0,100.0
hh_with_children,all_quintiles,2011,100.0,100.0,100.0,100.0,100.0
hh_with_children,all_quintiles,2012,100.0,100.0,100.0,100.0,100.0
hh_with_children,all_quintiles,2013,100.0,100.0,100.0,100.0,100.0
hh_with_children,all_quintiles,2014,100.0,100.0,100.0,100.0,100.0
hh_with_children,all_quintiles,2015,100.0,100.0,100.0,100.0,100.0
hh_with_children,lowest_quintile,1979,1.6,-0.8,3.6,2.2,8.9
hh_with_children,lowest_quintile,1980,1.5,-0.7,3.6,2.2,9.3
hh_with_children,lowest_quintile,1981,1.6,-0.5,3.5,2.3,9.1
hh_with_children,lowest_quintile,1982,1.6,-0.5,3.3,2.5,9.3
hh_with_children,lowest_quintile,1983,1.8,-0.5,3.2,2.2,11.2
hh_with_children,lowest_quintile,1984,2.2,-0.3,3.6,2.2,12.1
hh_with_children,lowest_quintile,1985,2.0,-0.4,3.5,2.1,11.7
hh_with_children,lowest_quintile,1986,1.8,-0.4,3.3,1.9,10.4
hh_with_children,lowest_quintile,1987,1.3,-0.8,2.7,1.8,9.3
hh_with_children,lowest_quintile,1988,1.3,-1.1,2.9,1.8,9.3
hh_with_children,lowest_quintile,1989,1.3,-1.4,3.1,1.9,9.5
hh_with_children,lowest_quintile,1990,1.5,-1.4,3.3,2.1,10.4
hh_with_children,lowest_quintile,1991,1.3,-2.0,3.3,2.1,10.9
hh_with_children,lowest_quintile,1992,1.2,-2.1,3.2,1.9,10.6
hh_with_children,lowest_quintile,1993,1.1,-2.2,3.1,1.8,11.6
hh_with_children,lowest_quintile,1994,0.7,-3.1,3.0,1.8,11.0
hh_with_children,lowest_quintile,1995,0.4,-4.1,3.4,1.7,10.9
hh_with_children,lowest_quintile,1996,0.4,-4.4,3.7,1.9,12.2
hh_with_children,lowest_quintile,1997,0.4,-4.4,3.9,1.9,13.1
hh_with_children,lowest_quintile,1998,0.4,-4.5,4.2,2.0,12.6
hh_with_children,lowest_quintile,1999,0.5,-3.9,4.1,1.8,11.7
hh_with_children,lowest_quintile,2000,0.3,-3.9,4.1,1.7,10.5
hh_with_children,lowest_quintile,2001,0.3,-4.4,3.9,1.7,11.1
hh_with_children,lowest_quintile,2002,0.3,-4.8,3.8,1.6,11.4
hh_with_children,lowest_quintile,2003,0.3,-5.2,3.5,1.4,11.4
hh_with_children,lowest_quintile,2004,0.2,-4.9,3.5,1.4,9.8
hh_with_children,lowest_quintile,2005,0.1,-5.4,3.8,1.4,12.0
hh_with_children,lowest_quintile,2006,0.2,-5.0,4.0,1.3,13.1
hh_with_children,lowest_quintile,2007,-0.1,-5.6,4.5,1.4,11.6
hh_with_children,lowest_quintile,2008,-1.2,-9.4,4.0,1.4,11.5
hh_with_children,lowest_quintile,2009,-1.5,-10.6,3.5,1.3,11.6
hh_with_children,lowest_quintile,2010,-1.5,-9.9,3.8,1.1,12.7
hh_with_children,lowest_quintile,2011,-1.4,-8.2,3.6,1.1,12.2
hh_with_children,lowest_quintile,2012,-1.2,-6.8,3.4,1.0,11.6
hh_with_children,lowest_quintile,2013,-0.9,-6.7,3.5,1.1,11.9
hh_with_children,lowest_quintile,2014,-0.9,-6.3,3.5,1.0,10.5
hh_with_children,lowest_quintile,2015,-1.0,-6.4,3.6,1.0,10.2
hh_with_children,second_quintile,1979,9.9,5.3,15.7,8.2,17.7
hh_with_children,second_quintile,1980,9.6,5.3,15.2,8.4,17.5
hh_with_children,second_quintile,1981,9.7,5.6,14.8,8.2,17.5
hh_with_children,second_quintile,1982,9.7,5.4,14.1,8.4,17.7
hh_with_children,second_quintile,1983,9.3,4.9,13.5,7.8,17.6
hh_with_children,second_quintile,1984,9.7,5.3,13.8,7.4,17.6
hh_with_children,second_quintile,1985,9.7,5.2,13.6,7.8,17.3
hh_with_children,second_quintile,1986,9.0,4.7,13.4,6.8,17.1
hh_with_children,second_quintile,1987,8.1,3.1,12.7,7.0,16.3
hh_with_children,second_quintile,1988,8.0,2.6,12.9,7.1,16.7
hh_with_children,second_quintile,1989,7.6,1.9,12.7,6.9,16.7
hh_with_children,second_quintile,1990,8.8,3.4,13.4,7.4,17.0
hh_with_children,second_quintile,1991,8.2,2.4,12.7,7.1,17.0
hh_with_children,second_quintile,1992,7.6,1.5,12.4,6.8,17.5
hh_with_children,second_quintile,1993,7.2,1.1,12.1,6.6,17.6
hh_with_children,second_quintile,1994,6.7,-0.2,11.9,6.6,17.3
hh_with_children,second_quintile,1995,6.7,-0.2,12.3,6.5,17.3
hh_with_children,second_quintile,1996,6.5,-0.5,12.4,6.5,18.5
hh_with_children,second_quintile,1997,6.6,0.1,12.5,6.0,17.8
hh_with_children,second_quintile,1998,6.2,-0.8,12.5,5.9,18.0
hh_with_children,second_quintile,1999,6.0,-0.5,12.2,5.7,17.4
hh_with_children,second_quintile,2000,5.5,-0.5,11.9,5.1,16.6
hh_with_children,second_quintile,2001,5.2,-2.6,11.9,5.1,17.0
hh_with_children,second_quintile,2002,4.8,-3.8,11.6,5.0,17.5
hh_with_children,second_quintile,2003,4.5,-6.0,11.6,4.6,17.7
hh_with_children,second_quintile,2004,4.4,-5.2,11.5,4.5,17.1
hh_with_children,second_quintile,2005,4.1,-5.4,11.7,4.5,17.1
hh_with_children,second_quintile,2006,4.1,-4.8,11.8,4.2,17.2
hh_with_children,second_quintile,2007,4.5,-3.8,12.3,4.4,17.0
hh_with_children,second_quintile,2008,2.9,-9.3,11.4,4.1,17.0
hh_with_children,second_quintile,2009,1.9,-12.8,10.7,4.2,17.6
hh_with_children,second_quintile,2010,2.1,-10.3,10.8,3.5,17.7
hh_with_children,second_quintile,2011,2.2,-8.1,10.8,3.8,17.8
hh_with_children,second_quintile,2012,1.9,-7.4,10.8,3.5,17.5
hh_with_children,second_quintile,2013,2.5,-6.8,10.6,3.7,17.1
hh_with_children,second_quintile,2014,2.5,-6.5,10.8,3.7,16.6
hh_with_children,second_quintile,2015,2.7,-5.8,11.0,3.7,16.8
hh_with_children,middle_quintile,1979,19.3,15.9,25.4,13.4,22.9
hh_with_children,middle_quintile,1980,19.4,16.0,25.2,13.5,22.6
hh_with_children,middle_quintile,1981,19.6,16.2,24.9,13.5,22.8
hh_with_children,middle_quintile,1982,19.5,15.9,24.1,14.0,22.8
hh_with_children,middle_quintile,1983,18.5,14.6,23.4,12.7,21.6
hh_with_children,middle_quintile,1984,18.3,14.5,23.0,12.9,20.6
hh_with_children,middle_quintile,1985,18.5,14.4,23.2,13.1,20.4
hh_with_children,middle_quintile,1986,17.5,13.1,22.9,11.4,21.2
hh_with_children,middle_quintile,1987,17.4,12.2,23.2,12.8,21.9
hh_with_children,middle_quintile,1988,17.6,12.3,23.5,13.0,22.2
hh_with_children,middle_quintile,1989,17.4,12.3,23.1,12.2,21.7
hh_with_children,middle_quintile,1990,17.9,13.0,22.9,13.0,21.3
hh_with_children,middle_quintile,1991,17.2,12.5,21.7,12.3,21.4
hh_with_children,middle_quintile,1992,16.7,11.6,21.6,12.2,20.8
hh_with_children,middle_quintile,1993,16.2,11.0,21.6,11.6,20.8
hh_with_children,middle_quintile,1994,16.1,10.9,21.2,11.9,21.0
hh_with_children,middle_quintile,1995,15.4,10.2,20.9,11.0,21.0
hh_with_children,middle_quintile,1996,15.3,10.0,21.0,11.2,20.9
hh_with_children,middle_quintile,1997,14.9,9.7,20.7,10.8,20.7
hh_with_children,middle_quintile,1998,14.0,7.9,20.5,10.2,20.8
hh_with_children,middle_quintile,1999,13.5,7.2,20.7,9.8,20.7
hh_with_children,middle_quintile,2000,12.6,6.5,20.0,9.0,20.1
hh_with_children,middle_quintile,2001,12.9,5.6,20.1,9.0,20.5
hh_with_children,middle_quintile,2002,12.7,5.2,19.4,8.8,20.4
hh_with_children,middle_quintile,2003,12.4,3.3,19.7,8.3,20.5
hh_with_children,middle_quintile,2004,11.8,3.5,19.3,8.1,20.2
hh_with_children,middle_quintile,2005,11.4,3.2,19.3,8.1,19.7
hh_with_children,middle_quintile,2006,10.8,2.9,19.2,7.4,19.6
hh_with_children,middle_quintile,2007,10.9,3.4,19.2,7.4,20.2
hh_with_children,middle_quintile,2008,10.1,-0.7,18.6,7.2,19.9
hh_with_children,middle_quintile,2009,10.5,-1.0,18.1,7.5,20.7
hh_with_children,middle_quintile,2010,9.8,-0.2,17.8,6.2,20.1
hh_with_children,middle_quintile,2011,10.0,2.0,17.8,6.8,20.2
hh_with_children,middle_quintile,2012,9.3,1.7,17.6,6.3,20.0
hh_with_children,middle_quintile,2013,9.7,2.1,17.5,6.7,20.0
hh_with_children,middle_quintile,2014,9.7,1.9,17.9,6.7,20.6
hh_with_children,middle_quintile,2015,9.3,2.1,17.4,6.3,20.4
hh_with_children,fourth_quintile,1979,27.2,26.7,30.6,19.0,24.8
hh_with_children,fourth_quintile,1980,27.4,26.9,30.4,19.1,24.4
hh_with_children,fourth_quintile,1981,28.3,27.7,31.2,19.2,24.9
hh_with_children,fourth_quintile,1982,28.9,27.8,31.4,19.7,25.6
hh_with_children,fourth_quintile,1983,27.4,25.9,30.9,18.4,23.7
hh_with_children,fourth_quintile,1984,26.8,25.1,30.3,18.4,23.2
hh_with_children,fourth_quintile,1985,27.2,25.5,30.5,18.7,23.8
hh_with_children,fourth_quintile,1986,26.2,23.5,31.0,17.1,23.7
hh_with_children,fourth_quintile,1987,26.0,22.5,31.2,18.9,24.4
hh_with_children,fourth_quintile,1988,26.0,22.5,31.0,18.5,24.1
hh_with_children,fourth_quintile,1989,25.9,22.6,30.9,17.7,24.4
hh_with_children,fourth_quintile,1990,26.2,23.2,30.2,19.1,24.0
hh_with_children,fourth_quintile,1991,26.0,23.0,30.0,18.2,23.9
hh_with_children,fourth_quintile,1992,25.7,22.3,30.2,17.9,24.1
hh_with_children,fourth_quintile,1993,24.7,21.2,29.6,17.0,23.1
hh_with_children,fourth_quintile,1994,24.7,21.5,29.3,17.1,23.6
hh_with_children,fourth_quintile,1995,23.3,19.6,28.5,16.1,23.0
hh_with_children,fourth_quintile,1996,23.6,19.7,29.2,16.3,22.8
hh_with_children,fourth_quintile,1997,22.9,18.9,28.7,15.6,21.9
hh_with_children,fourth_quintile,1998,22.0,17.3,28.3,15.1,22.2
hh_with_children,fourth_quintile,1999,21.0,15.9,28.0,14.5,22.0
hh_with_children,fourth_quintile,2000,20.1,14.8,27.6,13.7,22.8
hh_with_children,fourth_quintile,2001,21.0,15.4,27.6,13.2,22.5
hh_with_children,fourth_quintile,2002,21.8,16.2,27.8,13.6,23.2
hh_with_children,fourth_quintile,2003,21.4,15.1,27.9,12.6,23.2
hh_with_children,fourth_quintile,2004,20.6,14.2,27.8,12.2,23.6
hh_with_children,fourth_quintile,2005,20.0,13.6,27.9,12.6,22.9
hh_with_children,fourth_quintile,2006,18.8,12.5,27.3,11.5,21.9
hh_with_children,fourth_quintile,2007,18.7,12.4,27.0,11.5,22.6
hh_with_children,fourth_quintile,2008,19.4,11.7,27.0,11.0,21.5
hh_with_children,fourth_quintile,2009,20.9,13.3,27.3,12.4,22.1
hh_with_children,fourth_quintile,2010,19.4,12.5,26.9,10.3,21.0
hh_with_children,fourth_quintile,2011,19.6,14.2,26.9,10.8,21.5
hh_with_children,fourth_quintile,2012,18.6,12.9,27.0,10.3,21.5
hh_with_children,fourth_quintile,2013,19.0,12.9,26.9,11.1,21.8
hh_with_children,fourth_quintile,2014,18.4,12.4,26.6,10.7,22.5
hh_with_children,fourth_quintile,2015,18.0,12.1,26.4,10.3,22.7
hh_with_children,highest_quintile,1979,41.9,52.9,24.5,56.5,24.9
hh_with_children,highest_quintile,1980,42.0,52.5,25.5,55.9,25.1
hh_with_children,highest_quintile,1981,40.6,51.1,25.5,55.7,24.5
hh_with_children,highest_quintile,1982,40.2,51.5,26.9,54.2,23.7
hh_with_children,highest_quintile,1983,42.8,55.2,28.7,57.8,25.1
hh_with_children,highest_quintile,1984,42.8,55.4,29.0,57.7,25.7
hh_with_children,highest_quintile,1985,42.3,55.2,29.0,57.0,26.0
hh_with_children,highest_quintile,1986,45.3,59.2,29.2,62.0,27.0
hh_with_children,highest_quintile,1987,46.9,63.0,30.0,57.8,27.4
hh_with_children,highest_quintile,1988,46.8,63.7,29.6,57.8,27.4
hh_with_children,highest_quintile,1989,47.5,64.6,30.0,59.4,27.2
hh_with_children,highest_quintile,1990,45.4,61.7,29.9,56.5,26.7
hh_with_children,highest_quintile,1991,47.1,64.1,32.1,58.0,26.3
hh_with_children,highest_quintile,1992,48.6,66.7,32.5,59.5,26.6
hh_with_children,highest_quintile,1993,50.4,68.9,33.4,61.0,26.3
hh_with_children,highest_quintile,1994,51.5,71.0,34.4,61.2,26.4
hh_with_children,highest_quintile,1995,54.0,74.4,34.8,63.4,27.3
hh_with_children,highest_quintile,1996,54.0,75.2,33.6,63.1,25.2
hh_with_children,highest_quintile,1997,55.1,75.8,34.1,64.7,26.1
hh_with_children,highest_quintile,1998,57.2,80.1,34.4,66.0,26.1
hh_with_children,highest_quintile,1999,58.8,81.4,34.8,67.5,27.8
hh_with_children,highest_quintile,2000,61.4,83.2,36.3,69.7,29.7
hh_with_children,highest_quintile,2001,60.3,86.0,36.3,69.5,28.7
hh_with_children,highest_quintile,2002,60.1,87.2,37.2,67.9,27.1
hh_with_children,highest_quintile,2003,61.2,92.8,37.1,71.8,26.9
hh_with_children,highest_quintile,2004,62.8,92.5,37.7,72.7,29.0
hh_with_children,highest_quintile,2005,64.1,93.9,37.2,72.5,28.0
hh_with_children,highest_quintile,2006,66.0,94.4,37.6,74.7,27.8
hh_with_children,highest_quintile,2007,65.8,93.7,36.8,74.1,28.3
hh_with_children,highest_quintile,2008,68.6,107.8,38.6,74.1,29.7
hh_with_children,highest_quintile,2009,67.9,111.1,40.2,72.5,27.6
hh_with_children,highest_quintile,2010,69.9,107.9,40.5,77.0,28.1
hh_with_children,highest_quintile,2011,69.3,100.0,40.6,75.8,27.9
hh_with_children,highest_quintile,2012,71.1,99.5,41.0,77.7,29.1
hh_with_children,highest_quintile,2013,69.4,98.4,41.3,75.9,29.0
hh_with_children,highest_quintile,2014,70.1,98.5,40.9,76.5,29.6
hh_with_children,highest_quintile,2015,70.8,98.0,41.4,77.5,29.6
hh_with_children,percentiles_81_90,1979,15.2,17.0,14.0,12.5,11.5
hh_with_children,percentiles_81_90,1980,15.4,17.1,14.4,12.2,11.4
hh_with_children,percentiles_81_90,1981,15.7,17.4,14.4,12.2,11.5
hh_with_children,percentiles_81_90,1982,16.1,17.6,15.0,12.7,11.5
hh_with_children,percentiles_81_90,1983,15.9,17.1,15.5,12.1,11.6
hh_with_children,percentiles_81_90,1984,15.2,16.2,15.2,11.8,11.0
hh_with_children,percentiles_81_90,1985,15.7,17.0,15.4,11.7,11.2
hh_with_children,percentiles_81_90,1986,15.2,15.6,15.8,10.6,11.8
hh_with_children,percentiles_81_90,1987,15.4,16.1,15.7,11.7,11.9
hh_with_children,percentiles_81_90,1988,15.3,16.0,15.6,11.6,12.1
hh_with_children,percentiles_81_90,1989,15.2,16.0,15.4,11.4,12.2
hh_with_children,percentiles_81_90,1990,15.5,16.5,15.4,12.2,11.7
hh_with_children,percentiles_81_90,1991,15.9,16.9,16.0,12.1,11.5
hh_with_children,percentiles_81_90,1992,15.9,16.6,16.3,11.7,11.7
hh_with_children,percentiles_81_90,1993,15.4,15.9,16.0,11.1,11.2
hh_with_children,percentiles_81_90,1994,15.6,16.3,16.1,11.5,11.4
hh_with_children,percentiles_81_90,1995,15.7,16.1,16.6,11.3,12.5
hh_with_children,percentiles_81_90,1996,14.6,14.9,15.4,10.7,11.1
hh_with_children,percentiles_81_90,1997,14.5,14.7,15.6,10.5,10.7
hh_with_children,percentiles_81_90,1998,14.6,14.7,15.7,10.0,11.5
hh_with_children,percentiles_81_90,1999,14.4,14.1,15.9,9.8,12.0
hh_with_children,percentiles_81_90,2000,14.3,13.7,16.2,9.9,12.9
hh_with_children,percentiles_81_90,2001,15.2,15.1,16.5,9.3,12.1
hh_with_children,percentiles_81_90,2002,15.6,15.7,16.6,9.5,11.6
hh_with_children,percentiles_81_90,2003,15.1,15.3,16.3,9.3,11.5
hh_with_children,percentiles_81_90,2004,14.8,14.7,16.5,9.1,12.4
hh_with_children,percentiles_81_90,2005,14.1,13.9,16.2,8.7,11.7
hh_with_children,percentiles_81_90,2006,13.7,13.2,16.4,8.4,11.3
hh_with_children,percentiles_81_90,2007,13.5,12.8,16.0,8.2,12.0
hh_with_children,percentiles_81_90,2008,15.2,15.1,16.8,8.1,12.1
hh_with_children,percentiles_81_90,2009,16.5,17.3,17.3,9.0,11.8
hh_with_children,percentiles_81_90,2010,15.4,15.7,17.2,7.6,11.4
hh_with_children,percentiles_81_90,2011,15.7,16.3,17.2,8.3,11.7
hh_with_children,percentiles_81_90,2012,14.7,14.5,17.0,7.5,11.7
hh_with_children,percentiles_81_90,2013,14.7,14.3,16.8,8.5,11.9
hh_with_children,percentiles_81_90,2014,14.5,14.0,17.0,8.0,12.6
hh_with_children,percentiles_81_90,2015,14.3,13.7,16.7,7.9,12.7
hh_with_children,percentiles_91_95,1979,8.1,10.0,5.8,8.3,5.5
hh_with_children,percentiles_91_95,1980,8.4,10.3,6.1,8.6,5.6
hh_with_children,percentiles_91_95,1981,8.2,10.0,6.1,8.0,5.4
hh_with_children,percentiles_91_95,1982,7.9,9.6,6.2,7.3,5.1
hh_with_children,percentiles_91_95,1983,8.1,9.7,6.7,7.3,5.2
hh_with_children,percentiles_91_95,1984,8.2,9.7,7.0,7.6,5.5
hh_with_children,percentiles_91_95,1985,8.6,10.4,7.1,7.8,5.6
hh_with_children,percentiles_91_95,1986,8.1,9.4,7.0,6.8,5.8
hh_with_children,percentiles_91_95,1987,8.5,10.2,7.1,7.5,6.0
hh_with_children,percentiles_91_95,1988,8.3,10.1,7.0,7.1,6.0
hh_with_children,percentiles_91_95,1989,8.7,10.5,7.2,7.8,6.1
hh_with_children,percentiles_91_95,1990,8.6,10.4,7.2,7.4,5.8
hh_with_children,percentiles_91_95,1991,9.0,11.0,7.7,8.0,5.8
hh_with_children,percentiles_91_95,1992,8.9,10.8,7.7,7.4,5.8
hh_with_children,percentiles_91_95,1993,8.9,10.6,7.9,7.8,5.8
hh_with_children,percentiles_91_95,1994,9.2,11.2,8.0,7.8,6.2
hh_with_children,percentiles_91_95,1995,9.0,10.8,8.1,7.0,5.9
hh_with_children,percentiles_91_95,1996,9.2,10.9,8.1,7.4,5.9
hh_with_children,percentiles_91_95,1997,9.2,10.8,8.1,7.8,6.2
hh_with_children,percentiles_91_95,1998,9.2,11.0,8.0,7.2,5.9
hh_with_children,percentiles_91_95,1999,9.1,10.7,8.1,7.2,6.2
hh_with_children,percentiles_91_95,2000,9.3,10.6,8.4,7.1,6.8
hh_with_children,percentiles_91_95,2001,10.0,12.0,8.8,6.9,6.5
hh_with_children,percentiles_91_95,2002,10.5,12.8,9.2,7.4,6.5
hh_with_children,percentiles_91_95,2003,10.3,13.0,9.1,6.8,6.2
hh_with_children,percentiles_91_95,2004,10.1,12.4,9.3,6.9,6.5
hh_with_children,percentiles_91_95,2005,9.8,12.1,9.0,6.7,6.1
hh_with_children,percentiles_91_95,2006,9.6,11.6,9.0,6.5,6.2
hh_with_children,percentiles_91_95,2007,9.1,10.8,8.5,6.0,6.3
hh_with_children,percentiles_91_95,2008,10.7,14.0,9.2,6.0,6.6
hh_with_children,percentiles_91_95,2009,11.5,15.7,9.8,6.6,6.4
hh_with_children,percentiles_91_95,2010,11.1,14.4,10.0,5.6,6.3
hh_with_children,percentiles_91_95,2011,11.0,13.8,9.7,6.3,6.3
hh_with_children,percentiles_91_95,2012,10.5,12.6,9.6,5.8,6.4
hh_with_children,percentiles_91_95,2013,10.9,12.9,10.2,6.6,6.7
hh_with_children,percentiles_91_95,2014,10.2,12.0,9.7,6.3,6.6
hh_with_children,percentiles_91_95,2015,10.3,11.8,9.7,6.5,6.8
hh_with_children,percentiles_96_99,1979,9.9,13.7,3.9,14.2,5.5
hh_with_children,percentiles_96_99,1980,9.6,13.2,4.1,13.3,5.4
hh_with_children,percentiles_96_99,1981,8.7,12.1,4.0,12.1,4.7
hh_with_children,percentiles_96_99,1982,8.9,12.8,4.5,11.3,4.7
hh_with_children,percentiles_96_99,1983,9.2,12.9,5.1,12.1,4.9
hh_with_children,percentiles_96_99,1984,9.3,13.1,5.3,11.7,5.4
hh_with_children,percentiles_96_99,1985,9.1,13.0,5.2,12.1,5.1
hh_with_children,percentiles_96_99,1986,9.5,13.5,5.2,11.3,5.5
hh_with_children,percentiles_96_99,1987,10.7,15.7,5.6,13.4,5.6
hh_with_children,percentiles_96_99,1988,10.6,15.7,5.5,12.4,5.7
hh_with_children,percentiles_96_99,1989,10.7,15.9,5.8,12.2,5.6
hh_with_children,percentiles_96_99,1990,10.8,16.4,5.7,13.2,6.1
hh_with_children,percentiles_96_99,1991,10.8,15.9,6.4,12.4,5.7
hh_with_children,percentiles_96_99,1992,11.5,17.1,6.7,12.8,5.8
hh_with_children,percentiles_96_99,1993,12.1,17.5,7.4,12.9,6.0
hh_with_children,percentiles_96_99,1994,12.1,17.7,7.5,12.6,5.8
hh_with_children,percentiles_96_99,1995,12.4,18.3,7.2,12.7,5.7
hh_with_children,percentiles_96_99,1996,12.8,19.0,7.2,13.0,5.4
hh_with_children,percentiles_96_99,1997,13.3,19.6,7.4,13.1,6.0
hh_with_children,percentiles_96_99,1998,13.8,20.7,7.5,13.1,5.7
hh_with_children,percentiles_96_99,1999,13.7,20.0,7.5,13.0,6.5
hh_with_children,percentiles_96_99,2000,13.8,19.5,7.9,12.5,6.7
hh_with_children,percentiles_96_99,2001,13.8,21.1,7.6,11.9,6.3
hh_with_children,percentiles_96_99,2002,14.1,21.8,8.0,11.8,5.9
hh_with_children,percentiles_96_99,2003,14.5,23.8,8.2,12.3,6.0
hh_with_children,percentiles_96_99,2004,14.9,24.1,8.4,12.1,6.4
hh_with_children,percentiles_96_99,2005,15.9,25.8,8.5,13.2,6.3
hh_with_children,percentiles_96_99,2006,14.9,23.3,8.3,11.8,6.2
hh_with_children,percentiles_96_99,2007,14.9,22.9,8.3,11.5,6.2
hh_with_children,percentiles_96_99,2008,16.5,28.3,8.7,10.9,6.4
hh_with_children,percentiles_96_99,2009,16.8,30.1,9.2,11.2,6.0
hh_with_children,percentiles_96_99,2010,16.2,27.5,9.2,9.7,6.0
hh_with_children,percentiles_96_99,2011,17.1,27.1,9.4,10.7,6.1
hh_with_children,percentiles_96_99,2012,17.2,26.2,9.7,10.6,6.5
hh_with_children,percentiles_96_99,2013,16.2,24.6,9.5,11.8,6.3
hh_with_children,percentiles_96_99,2014,16.4,24.6,9.7,12.0,6.4
hh_with_children,percentiles_96_99,2015,16.7,24.6,10.0,11.2,6.7
hh_with_children,top_1_percent,1979,8.8,12.3,0.8,21.6,2.4
hh_with_children,top_1_percent,1980,8.5,11.9,1.0,21.7,2.7
hh_with_children,top_1_percent,1981,8.0,11.6,1.0,23.3,2.9
hh_with_children,top_1_percent,1982,7.3,11.5,1.2,22.9,2.4
hh_with_children,top_1_percent,1983,9.7,15.5,1.4,26.3,3.3
hh_with_children,top_1_percent,1984,10.0,16.3,1.5,26.5,3.8
hh_with_children,top_1_percent,1985,9.0,14.9,1.3,25.5,4.1
hh_with_children,top_1_percent,1986,12.5,20.6,1.3,33.3,4.0
hh_with_children,top_1_percent,1987,12.3,21.1,1.7,25.2,3.9
hh_with_children,top_1_percent,1988,12.6,21.9,1.4,26.6,3.6
hh_with_children,top_1_percent,1989,12.9,22.3,1.6,28.0,3.3
hh_with_children,top_1_percent,1990,10.5,18.5,1.6,23.7,3.1
hh_with_children,top_1_percent,1991,11.4,20.4,2.0,25.6,3.4
hh_with_children,top_1_percent,1992,12.3,22.2,1.8,27.6,3.3
hh_with_children,top_1_percent,1993,14.1,25.0,2.1,29.2,3.2
hh_with_children,top_1_percent,1994,14.7,25.8,2.9,29.3,3.1
hh_with_children,top_1_percent,1995,16.8,29.2,2.9,32.3,3.1
hh_with_children,top_1_percent,1996,17.5,30.3,2.9,31.9,2.9
hh_with_children,top_1_percent,1997,18.1,30.7,3.0,33.2,3.2
hh_with_children,top_1_percent,1998,19.7,33.8,3.2,35.7,3.0
hh_with_children,top_1_percent,1999,21.6,36.6,3.4,37.5,3.1
hh_with_children,top_1_percent,2000,24.0,39.4,3.8,40.2,3.3
hh_with_children,top_1_percent,2001,21.2,37.8,3.5,41.3,3.7
hh_with_children,top_1_percent,2002,20.0,36.9,3.4,39.2,3.0
hh_with_children,top_1_percent,2003,21.4,40.6,3.5,43.3,3.2
hh_with_children,top_1_percent,2004,23.0,41.3,3.5,44.7,3.6
hh_with_children,top_1_percent,2005,24.2,42.1,3.4,43.9,3.9
hh_with_children,top_1_percent,2006,27.7,46.3,3.9,47.9,4.2
hh_with_children,top_1_percent,2007,28.3,47.2,4.0,48.5,3.8
hh_with_children,top_1_percent,2008,26.2,50.3,3.9,49.1,4.6
hh_with_children,top_1_percent,2009,23.1,48.1,4.0,45.7,3.5
hh_with_children,top_1_percent,2010,27.2,50.3,4.1,54.2,4.4
hh_with_children,top_1_percent,2011,25.5,42.7,4.3,50.4,3.7
hh_with_children,top_1_percent,2012,28.8,46.2,4.6,53.7,4.4
hh_with_children,top_1_percent,2013,27.7,46.6,4.8,48.9,4.1
hh_with_children,top_1_percent,2014,29.0,48.0,4.6,50.3,4.0
hh_with_children,top_1_percent,2015,29.6,47.9,5.1,51.9,3.4
elderly_headed_hh,all_quintiles,1979,100.0,100.0,100.0,100.0,100.0
elderly_headed_hh,all_quintiles,1980,100.0,100.0,100.0,100.0,100.0
elderly_headed_hh,all_quintiles,1981,100.0,100.0,100.0,100.0,100.0
elderly_headed_hh,all_quintiles,1982,100.0,100.0,100.0,100.0,100.0
elderly_headed_hh,all_quintiles,1983,100.0,100.0,100.0,100.0,100.0
elderly_headed_hh,all_quintiles,1984,100.0,100.0,100.0,100.0,100.0
elderly_headed_hh,all_quintiles,1985,100.0,100.0,100.0,100.0,100.0
elderly_headed_hh,all_quintiles,1986,100.0,100.0,100.0,100.0,100.0
elderly_headed_hh,all_quintiles,1987,100.0,100.0,100.0,100.0,100.0
elderly_headed_hh,all_quintiles,1988,100.0,100.0,100.0,100.0,100.0
elderly_headed_hh,all_quintiles,1989,100.0,100.0,100.0,100.0,100.0
elderly_headed_hh,all_quintiles,1990,100.0,100.0,100.0,100.0,100.0
elderly_headed_hh,all_quintiles,1991,100.0,100.0,100.0,100.0,100.0
elderly_headed_hh,all_quintiles,1992,100.0,100.0,100.0,100.0,100.0
elderly_headed_hh,all_quintiles,1993,100.0,100.0,100.0,100.0,100.0
elderly_headed_hh,all_quintiles,1994,100.0,100.0,100.0,100.0,100.0
elderly_headed_hh,all_quintiles,1995,100.0,100.0,100.0,100.0,100.0
elderly_headed_hh,all_quintiles,1996,100.0,100.0,100.0,100.0,100.0
elderly_headed_hh,all_quintiles,1997,100.0,100.0,100.0,100.0,100.0
elderly_headed_hh,all_quintiles,1998,100.0,100.0,100.0,100.0,100.0
elderly_headed_hh,all_quintiles,1999,100.0,100.0,100.0,100.0,100.0
elderly_headed_hh,all_quintiles,2000,100.0,100.0,100.0,100.0,100.0
elderly_headed_hh,all_quintiles,2001,100.0,100.0,100.0,100.0,100.0
elderly_headed_hh,all_quintiles,2002,100.0,100.0,100.0,100.0,100.0
elderly_headed_hh,all_quintiles,2003,100.0,100.0,100.0,100.0,100.0
elderly_headed_hh,all_quintiles,2004,100.0,100.0,100.0,100.0,100.0
elderly_headed_hh,all_quintiles,2005,100.0,100.0,100.0,100.0,100.0
elderly_headed_hh,all_quintiles,2006,100.0,100.0,100.0,100.0,100.0
elderly_headed_hh,all_quintiles,2007,100.0,100.0,100.0,100.0,100.0
elderly_headed_hh,all_quintiles,2008,100.0,100.0,100.0,100.0,100.0
elderly_headed_hh,all_quintiles,2009,100.0,100.0,100.0,100.0,100.0
elderly_headed_hh,all_quintiles,2010,100.0,100.0,100.0,100.0,100.0
elderly_headed_hh,all_quintiles,2011,100.0,100.0,100.0,100.0,100.0
elderly_headed_hh,all_quintiles,2012,100.0,100.0,100.0,100.0,100.0
elderly_headed_hh,all_quintiles,2013,100.0,100.0,100.0,100.0,100.0
elderly_headed_hh,all_quintiles,2014,100.0,100.0,100.0,100.0,100.0
elderly_headed_hh,all_quintiles,2015,100.0,100.0,100.0,100.0,100.0
elderly_headed_hh,lowest_quintile,1979,4.4,0.1,9.2,5.0,28.1
elderly_headed_hh,lowest_quintile,1980,3.5,0.1,7.4,4.2,26.0
elderly_headed_hh,lowest_quintile,1981,2.9,0.2,6.4,3.5,24.2
elderly_headed_hh,lowest_quintile,1982,2.7,0.2,5.8,3.1,23.3
elderly_headed_hh,lowest_quintile,1983,2.8,0.1,4.7,3.0,22.2
elderly_headed_hh,lowest_quintile,1984,3.0,0.2,5.2,3.4,23.6
elderly_headed_hh,lowest_quintile,1985,3.0,0.2,5.4,3.4,23.8
elderly_headed_hh,lowest_quintile,1986,2.7,0.1,4.6,3.2,20.9
elderly_headed_hh,lowest_quintile,1987,3.1,0.1,4.3,3.3,23.7
elderly_headed_hh,lowest_quintile,1988,2.8,0.1,4.3,3.1,22.8
elderly_headed_hh,lowest_quintile,1989,2.8,0.1,4.9,3.2,22.4
elderly_headed_hh,lowest_quintile,1990,3.2,0.2,5.3,3.6,23.9
elderly_headed_hh,lowest_quintile,1991,3.5,0.2,5.5,3.5,24.1
elderly_headed_hh,lowest_quintile,1992,3.2,0.2,4.3,3.2,23.6
elderly_headed_hh,lowest_quintile,1993,3.4,0.1,4.6,3.2,24.0
elderly_headed_hh,lowest_quintile,1994,3.4,0.1,4.6,3.1,25.9
elderly_headed_hh,lowest_quintile,1995,3.4,0.1,5.1,3.1,26.3
elderly_headed_hh,lowest_quintile,1996,2.5,,4.3,2.5,23.4
elderly_headed_hh,lowest_quintile,1997,2.5,,4.9,2.3,23.1
elderly_headed_hh,lowest_quintile,1998,2.6,0.1,5.0,2.6,22.5
elderly_headed_hh,lowest_quintile,1999,2.8,0.1,5.9,2.6,22.7
elderly_headed_hh,lowest_quintile,2000,2.8,0.1,5.9,2.9,24.0
elderly_headed_hh,lowest_quintile,2001,2.7,,4.7,2.9,23.3
elderly_headed_hh,lowest_quintile,2002,3.1,-0.1,4.9,3.1,26.3
elderly_headed_hh,lowest_quintile,2003,3.0,,4.2,2.8,25.7
elderly_headed_hh,lowest_quintile,2004,2.4,-0.1,4.1,2.2,22.3
elderly_headed_hh,lowest_quintile,2005,2.2,-0.1,3.9,2.0,22.2
elderly_headed_hh,lowest_quintile,2006,2.1,,4.1,2.0,21.4
elderly_headed_hh,lowest_quintile,2007,1.9,,4.5,1.9,19.6
elderly_headed_hh,lowest_quintile,2008,0.8,-2.9,4.3,2.5,23.6
elderly_headed_hh,lowest_quintile,2009,2.1,-0.4,3.6,2.3,22.7
elderly_headed_hh,lowest_quintile,2010,1.9,-0.4,3.4,2.1,22.5
elderly_headed_hh,lowest_quintile,2011,1.8,-0.2,3.2,1.7,22.5
elderly_headed_hh,lowest_quintile,2012,1.6,-0.1,2.9,1.4,21.4
elderly_headed_hh,lowest_quintile,2013,1.7,-0.1,2.9,1.6,21.7
elderly_headed_hh,lowest_quintile,2014,1.5,-0.3,2.9,1.3,21.1
elderly_headed_hh,lowest_quintile,2015,1.5,-0.4,3.1,1.5,21.5
elderly_headed_hh,second_quintile,1979,8.4,3.5,18.1,10.4,16.9
elderly_headed_hh,second_quintile,1980,7.9,3.7,16.6,10.4,17.2
elderly_headed_hh,second_quintile,1981,7.9,4.0,16.1,10.7,18.2
elderly_headed_hh,second_quintile,1982,7.6,4.0,14.8,11.2,19.0
elderly_headed_hh,second_quintile,1983,8.4,4.2,15.8,11.1,20.4
elderly_headed_hh,second_quintile,1984,7.8,3.5,15.4,10.6,20.2
elderly_headed_hh,second_quintile,1985,7.7,3.8,14.3,10.5,20.6
elderly_headed_hh,second_quintile,1986,8.0,3.6,15.6,11.2,21.0
elderly_headed_hh,second_quintile,1987,8.9,3.9,15.9,11.5,22.4
elderly_headed_hh,second_quintile,1988,9.1,4.7,16.2,11.4,22.4
elderly_headed_hh,second_quintile,1989,8.8,4.7,15.9,10.7,22.3
elderly_headed_hh,second_quintile,1990,9.1,5.2,15.3,11.0,21.8
elderly_headed_hh,second_quintile,1991,9.9,5.4,15.9,11.7,23.0
elderly_headed_hh,second_quintile,1992,9.2,4.7,15.2,10.9,23.1
elderly_headed_hh,second_quintile,1993,9.3,4.5,15.6,10.7,23.5
elderly_headed_hh,second_quintile,1994,9.1,4.4,14.8,10.5,23.9
elderly_headed_hh,second_quintile,1995,8.6,4.5,15.1,9.8,21.5
elderly_headed_hh,second_quintile,1996,7.4,3.6,13.5,8.9,21.8
elderly_headed_hh,second_quintile,1997,7.0,3.5,13.8,8.3,20.7
elderly_headed_hh,second_quintile,1998,6.9,3.7,13.5,7.9,19.8
elderly_headed_hh,second_quintile,1999,6.8,3.7,13.1,7.8,19.4
elderly_headed_hh,second_quintile,2000,6.9,3.8,13.7,7.9,20.4
elderly_headed_hh,second_quintile,2001,7.2,3.5,13.9,8.7,22.7
elderly_headed_hh,second_quintile,2002,6.8,3.2,13.5,7.7,21.5
elderly_headed_hh,second_quintile,2003,6.7,2.9,12.9,6.6,21.8
elderly_headed_hh,second_quintile,2004,5.9,2.7,12.7,5.6,19.4
elderly_headed_hh,second_quintile,2005,5.4,2.4,11.8,5.3,19.3
elderly_headed_hh,second_quintile,2006,5.2,2.5,11.8,5.1,18.2
elderly_headed_hh,second_quintile,2007,5.1,2.7,11.5,4.8,18.4
elderly_headed_hh,second_quintile,2008,4.4,0.7,11.2,5.3,18.8
elderly_headed_hh,second_quintile,2009,5.3,1.9,10.8,5.5,20.6
elderly_headed_hh,second_quintile,2010,4.7,1.8,10.0,4.7,19.6
elderly_headed_hh,second_quintile,2011,4.5,2.3,9.4,4.2,18.5
elderly_headed_hh,second_quintile,2012,4.0,1.9,8.8,3.7,18.0
elderly_headed_hh,second_quintile,2013,4.4,2.1,9.1,4.1,18.0
elderly_headed_hh,second_quintile,2014,4.1,1.9,9.2,3.7,17.0
elderly_headed_hh,second_quintile,2015,4.1,2.1,8.7,3.8,16.9
elderly_headed_hh,middle_quintile,1979,8.9,6.5,16.6,9.1,11.7
elderly_headed_hh,middle_quintile,1980,9.4,7.1,17.5,9.9,12.8
elderly_headed_hh,middle_quintile,1981,9.7,7.5,16.6,10.7,13.6
elderly_headed_hh,middle_quintile,1982,10.4,8.1,18.1,11.2,15.3
elderly_headed_hh,middle_quintile,1983,10.3,7.9,17.4,10.8,15.6
elderly_headed_hh,middle_quintile,1984,10.4,7.5,16.9,12.0,16.1
elderly_headed_hh,middle_quintile,1985,10.2,7.5,17.0,11.4,15.8
elderly_headed_hh,middle_quintile,1986,10.0,7.2,17.8,11.4,15.1
elderly_headed_hh,middle_quintile,1987,11.1,8.3,19.5,11.7,14.6
elderly_headed_hh,middle_quintile,1988,10.5,8.1,18.9,10.5,14.3
elderly_headed_hh,middle_quintile,1989,11.0,8.7,18.3,11.3,15.6
elderly_headed_hh,middle_quintile,1990,11.5,9.4,18.8,11.1,15.9
elderly_headed_hh,middle_quintile,1991,12.6,10.7,18.4,12.3,16.3
elderly_headed_hh,middle_quintile,1992,11.8,9.6,18.0,11.5,15.5
elderly_headed_hh,middle_quintile,1993,10.9,9.1,17.3,10.3,14.8
elderly_headed_hh,middle_quintile,1994,11.1,9.1,18.2,10.2,15.0
elderly_headed_hh,middle_quintile,1995,10.8,8.9,17.8,10.2,14.7
elderly_headed_hh,middle_quintile,1996,10.0,7.9,16.9,9.9,15.2
elderly_headed_hh,middle_quintile,1997,9.9,7.9,17.0,9.8,15.5
elderly_headed_hh,middle_quintile,1998,9.8,8.0,17.1,9.3,15.6
elderly_headed_hh,middle_quintile,1999,9.7,7.9,17.1,8.9,15.9
elderly_headed_hh,middle_quintile,2000,10.1,8.5,17.2,9.3,16.0
elderly_headed_hh,middle_quintile,2001,11.0,9.2,17.6,9.6,18.2
elderly_headed_hh,middle_quintile,2002,11.2,9.3,19.1,8.8,17.2
elderly_headed_hh,middle_quintile,2003,10.5,9.4,17.3,7.5,16.3
elderly_headed_hh,middle_quintile,2004,9.9,8.8,17.9,6.9,16.1
elderly_headed_hh,middle_quintile,2005,9.3,8.1,17.7,6.8,16.3
elderly_headed_hh,middle_quintile,2006,9.3,8.1,17.4,7.0,16.6
elderly_headed_hh,middle_quintile,2007,8.8,7.5,17.1,6.4,16.5
elderly_headed_hh,middle_quintile,2008,9.4,7.3,16.7,7.0,16.4
elderly_headed_hh,middle_quintile,2009,10.7,9.4,16.4,7.0,17.6
elderly_headed_hh,middle_quintile,2010,10.2,9.0,17.0,6.6,17.3
elderly_headed_hh,middle_quintile,2011,9.6,8.7,15.4,6.4,16.9
elderly_headed_hh,middle_quintile,2012,8.8,8.0,15.5,5.4,16.6
elderly_headed_hh,middle_quintile,2013,8.8,7.8,14.2,6.0,16.1
elderly_headed_hh,middle_quintile,2014,8.4,7.4,14.4,5.6,16.3
elderly_headed_hh,middle_quintile,2015,8.9,7.8,15.0,6.0,16.8
elderly_headed_hh,fourth_quintile,1979,11.2,9.8,19.0,10.7,11.4
elderly_headed_hh,fourth_quintile,1980,11.6,10.3,19.4,11.0,11.9
elderly_headed_hh,fourth_quintile,1981,12.1,11.0,19.5,11.2,12.5
elderly_headed_hh,fourth_quintile,1982,12.6,11.4,19.1,11.6,12.6
elderly_headed_hh,fourth_quintile,1983,13.7,12.4,20.4,13.1,13.7
elderly_headed_hh,fourth_quintile,1984,13.6,12.3,21.0,12.8,13.6
elderly_headed_hh,fourth_quintile,1985,12.7,11.0,20.6,12.3,12.8
elderly_headed_hh,fourth_quintile,1986,12.1,10.4,20.6,11.5,11.5
elderly_headed_hh,fourth_quintile,1987,13.7,12.5,22.2,12.5,11.7
elderly_headed_hh,fourth_quintile,1988,13.1,11.9,20.8,12.3,12.2
elderly_headed_hh,fourth_quintile,1989,13.7,12.8,21.4,12.1,13.5
elderly_headed_hh,fourth_quintile,1990,13.7,13.0,19.7,12.0,13.0
elderly_headed_hh,fourth_quintile,1991,14.3,14.1,19.4,12.4,12.8
elderly_headed_hh,fourth_quintile,1992,13.9,13.6,20.8,11.4,12.9
elderly_headed_hh,fourth_quintile,1993,13.7,13.3,20.3,11.9,12.7
elderly_headed_hh,fourth_quintile,1994,13.1,12.8,19.9,11.0,12.3
elderly_headed_hh,fourth_quintile,1995,13.7,13.5,19.4,11.7,13.4
elderly_headed_hh,fourth_quintile,1996,12.4,11.8,19.7,10.6,13.1
elderly_headed_hh,fourth_quintile,1997,12.7,12.3,19.5,10.7,13.4
elderly_headed_hh,fourth_quintile,1998,12.6,12.2,19.1,10.4,13.5
elderly_headed_hh,fourth_quintile,1999,12.8,12.1,20.2,10.8,13.7
elderly_headed_hh,fourth_quintile,2000,13.1,12.6,20.5,10.6,13.3
elderly_headed_hh,fourth_quintile,2001,14.4,14.1,21.7,10.6,13.7
elderly_headed_hh,fourth_quintile,2002,13.8,13.8,19.9,9.6,13.1
elderly_headed_hh,fourth_quintile,2003,13.8,13.8,21.9,9.4,13.0
elderly_headed_hh,fourth_quintile,2004,12.3,12.4,20.3,8.2,12.8
elderly_headed_hh,fourth_quintile,2005,11.9,11.7,20.7,8.4,13.3
elderly_headed_hh,fourth_quintile,2006,12.1,11.9,19.9,9.2,13.9
elderly_headed_hh,fourth_quintile,2007,11.7,11.1,20.2,8.6,15.1
elderly_headed_hh,fourth_quintile,2008,13.6,12.9,21.0,9.1,14.6
elderly_headed_hh,fourth_quintile,2009,14.6,14.2,20.7,9.5,14.6
elderly_headed_hh,fourth_quintile,2010,13.9,13.8,20.3,8.9,14.6
elderly_headed_hh,fourth_quintile,2011,14.2,14.1,21.8,8.7,15.6
elderly_headed_hh,fourth_quintile,2012,12.6,12.4,20.6,7.8,15.0
elderly_headed_hh,fourth_quintile,2013,13.7,13.2,21.1,9.4,15.9
elderly_headed_hh,fourth_quintile,2014,13.1,12.4,21.8,8.7,16.2
elderly_headed_hh,fourth_quintile,2015,12.9,12.2,20.7,8.5,15.8
elderly_headed_hh,highest_quintile,1979,67.0,80.0,37.9,64.6,31.7
elderly_headed_hh,highest_quintile,1980,67.5,78.7,39.0,64.4,31.7
elderly_headed_hh,highest_quintile,1981,67.3,77.4,41.2,63.7,31.1
elderly_headed_hh,highest_quintile,1982,66.5,76.2,42.0,62.5,29.6
elderly_headed_hh,highest_quintile,1983,64.6,75.4,41.5,61.7,27.7
elderly_headed_hh,highest_quintile,1984,65.0,76.5,41.4,60.8,26.0
elderly_headed_hh,highest_quintile,1985,66.3,77.4,42.6,62.0,26.6
elderly_headed_hh,highest_quintile,1986,67.1,78.6,41.3,62.4,31.2
elderly_headed_hh,highest_quintile,1987,63.0,75.3,37.9,60.6,27.2
elderly_headed_hh,highest_quintile,1988,64.2,75.2,39.5,62.2,27.9
elderly_headed_hh,highest_quintile,1989,63.4,73.6,39.3,62.3,25.8
elderly_headed_hh,highest_quintile,1990,62.3,72.1,40.8,61.8,25.1
elderly_headed_hh,highest_quintile,1991,59.4,69.6,40.5,59.4,23.3
elderly_headed_hh,highest_quintile,1992,61.5,71.9,41.4,62.3,24.3
elderly_headed_hh,highest_quintile,1993,62.4,72.9,41.9,63.2,24.4
elderly_headed_hh,highest_quintile,1994,62.9,73.5,42.2,64.2,22.0
elderly_headed_hh,highest_quintile,1995,63.1,73.0,42.3,64.2,23.4
elderly_headed_hh,highest_quintile,1996,67.3,76.7,45.4,67.2,25.8
elderly_headed_hh,highest_quintile,1997,67.7,76.3,44.4,68.2,26.8
elderly_headed_hh,highest_quintile,1998,67.8,76.0,45.1,69.0,28.1
elderly_headed_hh,highest_quintile,1999,67.7,76.2,43.4,69.2,27.8
elderly_headed_hh,highest_quintile,2000,66.9,75.0,42.4,68.5,25.6
elderly_headed_hh,highest_quintile,2001,64.3,73.3,41.8,67.2,21.6
elderly_headed_hh,highest_quintile,2002,64.8,73.7,42.1,69.6,21.1
elderly_headed_hh,highest_quintile,2003,65.5,73.9,43.3,72.8,22.4
elderly_headed_hh,highest_quintile,2004,69.0,76.1,44.6,76.0,28.8
elderly_headed_hh,highest_quintile,2005,70.8,77.8,45.6,76.6,28.3
elderly_headed_hh,highest_quintile,2006,71.0,77.6,46.4,76.0,29.3
elderly_headed_hh,highest_quintile,2007,72.2,78.6,46.3,77.4,29.9
elderly_headed_hh,highest_quintile,2008,71.4,82.1,46.3,74.4,25.8
elderly_headed_hh,highest_quintile,2009,66.7,74.9,47.8,73.1,23.2
elderly_headed_hh,highest_quintile,2010,68.6,75.9,48.8,75.7,25.0
elderly_headed_hh,highest_quintile,2011,69.3,75.1,49.6,76.9,25.5
elderly_headed_hh,highest_quintile,2012,72.3,77.8,51.8,80.1,27.9
elderly_headed_hh,highest_quintile,2013,70.6,76.9,52.2,76.9,27.3
elderly_headed_hh,highest_quintile,2014,72.4,78.6,51.3,79.2,28.5
elderly_headed_hh,highest_quintile,2015,72.0,78.1,52.1,78.5,28.1
elderly_headed_hh,percentiles_81_90,1979,8.4,8.2,14.0,7.3,7.1
elderly_headed_hh,percentiles_81_90,1980,9.6,9.3,13.3,9.1,8.0
elderly_headed_hh,percentiles_81_90,1981,9.9,9.7,14.2,8.7,8.1
elderly_headed_hh,percentiles_81_90,1982,10.0,9.7,14.5,8.2,7.7
elderly_headed_hh,percentiles_81_90,1983,10.2,10.1,14.5,9.0,7.5
elderly_headed_hh,percentiles_81_90,1984,10.5,10.6,15.0,8.6,8.0
elderly_headed_hh,percentiles_81_90,1985,10.2,10.3,14.1,8.4,7.4
elderly_headed_hh,percentiles_81_90,1986,8.8,8.4,14.2,7.3,6.6
elderly_headed_hh,percentiles_81_90,1987,9.2,9.6,12.1,7.8,6.4
elderly_headed_hh,percentiles_81_90,1988,9.5,9.4,14.9,8.0,7.0
elderly_headed_hh,percentiles_81_90,1989,9.9,10.1,13.2,8.5,7.4
elderly_headed_hh,percentiles_81_90,1990,10.1,10.3,13.3,8.9,7.4
elderly_headed_hh,percentiles_81_90,1991,10.3,11.0,13.2,8.5,7.0
elderly_headed_hh,percentiles_81_90,1992,10.0,10.4,12.8,8.7,7.0
elderly_headed_hh,percentiles_81_90,1993,9.9,10.0,13.6,8.7,6.9
elderly_headed_hh,percentiles_81_90,1994,9.5,10.2,12.1,8.1,6.5
elderly_headed_hh,percentiles_81_90,1995,10.1,10.6,12.5,9.0,7.2
elderly_headed_hh,percentiles_81_90,1996,10.0,10.0,13.8,9.0,7.2
elderly_headed_hh,percentiles_81_90,1997,9.0,8.9,12.0,8.3,6.9
elderly_headed_hh,percentiles_81_90,1998,9.9,10.1,13.5,8.5,8.0
elderly_headed_hh,percentiles_81_90,1999,9.7,9.7,13.5,8.6,7.6
elderly_headed_hh,percentiles_81_90,2000,9.6,9.6,12.7,8.6,7.3
elderly_headed_hh,percentiles_81_90,2001,10.5,10.5,15.2,8.1,6.7
elderly_headed_hh,percentiles_81_90,2002,10.1,10.5,14.0,7.4,6.4
elderly_headed_hh,percentiles_81_90,2003,9.4,9.8,13.4,6.9,6.6
elderly_headed_hh,percentiles_81_90,2004,9.3,9.5,14.1,7.1,7.5
elderly_headed_hh,percentiles_81_90,2005,9.5,9.6,14.0,7.7,8.0
elderly_headed_hh,percentiles_81_90,2006,9.5,9.8,14.2,7.6,7.9
elderly_headed_hh,percentiles_81_90,2007,9.4,9.4,14.0,7.5,8.9
elderly_headed_hh,percentiles_81_90,2008,9.8,10.0,13.5,7.1,7.5
elderly_headed_hh,percentiles_81_90,2009,10.7,10.9,14.7,7.1,7.6
elderly_headed_hh,percentiles_81_90,2010,10.9,11.2,15.1,7.5,8.0
elderly_headed_hh,percentiles_81_90,2011,10.4,10.8,14.3,7.1,8.1
elderly_headed_hh,percentiles_81_90,2012,10.3,10.6,16.0,6.2,8.5
elderly_headed_hh,percentiles_81_90,2013,11.5,11.3,17.4,8.3,9.1
elderly_headed_hh,percentiles_81_90,2014,10.3,9.9,16.1,7.9,8.9
elderly_headed_hh,percentiles_81_90,2015,10.4,10.0,16.4,7.2,9.0
elderly_headed_hh,percentiles_91_95,1979,6.8,7.1,8.8,6.1,5.0
elderly_headed_hh,percentiles_91_95,1980,7.6,7.9,9.7,6.7,5.3
elderly_headed_hh,percentiles_91_95,1981,8.2,8.7,9.1,7.3,5.5
elderly_headed_hh,percentiles_91_95,1982,7.8,8.1,9.4,6.3,5.0
elderly_headed_hh,percentiles_91_95,1983,7.9,8.3,9.4,6.9,4.7
elderly_headed_hh,percentiles_91_95,1984,8.5,9.2,10.3,7.0,5.0
elderly_headed_hh,percentiles_91_95,1985,7.7,8.2,9.5,6.2,4.5
elderly_headed_hh,percentiles_91_95,1986,7.3,7.7,8.3,6.6,5.0
elderly_headed_hh,percentiles_91_95,1987,7.8,8.6,8.7,6.8,4.8
elderly_headed_hh,percentiles_91_95,1988,6.9,7.4,8.6,5.8,4.5
elderly_headed_hh,percentiles_91_95,1989,7.5,8.0,8.8,6.6,4.6
elderly_headed_hh,percentiles_91_95,1990,8.5,9.0,9.7,7.6,5.0
elderly_headed_hh,percentiles_91_95,1991,8.2,9.1,9.2,6.9,4.5
elderly_headed_hh,percentiles_91_95,1992,8.1,8.9,8.3,7.5,4.7
elderly_headed_hh,percentiles_91_95,1993,8.4,9.2,9.4,7.4,4.9
elderly_headed_hh,percentiles_91_95,1994,8.3,9.3,8.3,7.6,4.4
elderly_headed_hh,percentiles_91_95,1995,8.8,9.4,9.8,8.2,4.7
elderly_headed_hh,percentiles_91_95,1996,8.2,8.7,10.1,7.2,4.9
elderly_headed_hh,percentiles_91_95,1997,9.2,9.7,10.6,8.3,5.7
elderly_headed_hh,percentiles_91_95,1998,9.0,9.3,11.3,8.1,5.9
elderly_headed_hh,percentiles_91_95,1999,8.0,8.3,9.3,7.4,5.3
elderly_headed_hh,percentiles_91_95,2000,8.7,9.1,9.1,8.2,5.2
elderly_headed_hh,percentiles_91_95,2001,7.6,8.1,7.8,6.9,4.0
elderly_headed_hh,percentiles_91_95,2002,7.5,8.0,8.1,6.8,3.6
elderly_headed_hh,percentiles_91_95,2003,7.7,8.2,10.5,6.0,4.3
elderly_headed_hh,percentiles_91_95,2004,7.1,7.4,9.9,5.7,4.9
elderly_headed_hh,percentiles_91_95,2005,7.7,8.0,10.9,6.4,5.3
elderly_headed_hh,percentiles_91_95,2006,8.2,8.4,10.8,7.2,5.3
elderly_headed_hh,percentiles_91_95,2007,8.0,8.1,10.6,6.9,5.8
elderly_headed_hh,percentiles_91_95,2008,8.7,9.3,11.3,6.1,5.2
elderly_headed_hh,percentiles_91_95,2009,8.5,8.8,11.2,6.0,4.9
elderly_headed_hh,percentiles_91_95,2010,8.9,9.4,11.4,6.2,5.2
elderly_headed_hh,percentiles_91_95,2011,8.6,9.1,11.7,5.9,5.3
elderly_headed_hh,percentiles_91_95,2012,8.5,8.8,11.9,6.1,5.8
elderly_headed_hh,percentiles_91_95,2013,8.5,8.6,10.9,7.1,5.6
elderly_headed_hh,percentiles_91_95,2014,8.6,8.5,11.7,7.3,6.2
elderly_headed_hh,percentiles_91_95,2015,8.7,8.6,11.6,7.5,6.2
elderly_headed_hh,percentiles_96_99,1979,16.3,18.3,10.9,16.3,9.3
elderly_headed_hh,percentiles_96_99,1980,17.4,19.7,11.6,16.7,9.4
elderly_headed_hh,percentiles_96_99,1981,18.8,21.5,12.7,17.4,9.7
elderly_headed_hh,percentiles_96_99,1982,17.4,20.0,11.8,15.3,8.6
elderly_headed_hh,percentiles_96_99,1983,15.8,18.3,11.3,14.6,7.8
elderly_headed_hh,percentiles_96_99,1984,14.7,17.3,10.1,13.2,6.5
elderly_headed_hh,percentiles_96_99,1985,15.3,17.4,11.9,14.0,7.2
elderly_headed_hh,percentiles_96_99,1986,15.4,17.2,12.5,14.2,8.8
elderly_headed_hh,percentiles_96_99,1987,17.0,20.0,11.9,15.9,8.6
elderly_headed_hh,percentiles_96_99,1988,15.5,17.6,10.8,15.2,8.3
elderly_headed_hh,percentiles_96_99,1989,17.3,19.9,12.1,16.4,7.9
elderly_headed_hh,percentiles_96_99,1990,15.9,18.3,12.5,14.8,7.0
elderly_headed_hh,percentiles_96_99,1991,15.9,18.3,12.2,15.8,6.5
elderly_headed_hh,percentiles_96_99,1992,16.3,18.3,14.1,16.1,7.1
elderly_headed_hh,percentiles_96_99,1993,15.0,16.5,12.5,15.3,7.1
elderly_headed_hh,percentiles_96_99,1994,15.3,17.1,13.7,15.1,6.2
elderly_headed_hh,percentiles_96_99,1995,15.4,17.4,12.5,15.3,6.5
elderly_headed_hh,percentiles_96_99,1996,15.5,17.2,12.8,15.3,7.1
elderly_headed_hh,percentiles_96_99,1997,16.4,17.8,13.5,16.4,7.9
elderly_headed_hh,percentiles_96_99,1998,15.5,16.9,12.0,15.8,7.8
elderly_headed_hh,percentiles_96_99,1999,15.7,17.1,11.5,16.2,8.2
elderly_headed_hh,percentiles_96_99,2000,16.3,17.9,12.6,16.5,7.5
elderly_headed_hh,percentiles_96_99,2001,15.0,16.8,11.6,14.8,6.1
elderly_headed_hh,percentiles_96_99,2002,14.5,16.4,12.2,13.9,5.3
elderly_headed_hh,percentiles_96_99,2003,14.4,16.2,12.1,14.3,5.9
elderly_headed_hh,percentiles_96_99,2004,14.4,15.6,12.5,14.3,7.6
elderly_headed_hh,percentiles_96_99,2005,15.3,16.6,12.9,15.3,7.6
elderly_headed_hh,percentiles_96_99,2006,16.4,17.8,13.6,16.4,8.0
elderly_headed_hh,percentiles_96_99,2007,16.0,17.4,13.6,15.7,8.4
elderly_headed_hh,percentiles_96_99,2008,15.7,18.2,13.3,13.3,6.7
elderly_headed_hh,percentiles_96_99,2009,14.2,15.7,13.8,12.6,5.9
elderly_headed_hh,percentiles_96_99,2010,15.1,17.0,14.1,12.9,6.4
elderly_headed_hh,percentiles_96_99,2011,14.8,16.2,14.4,12.9,6.4
elderly_headed_hh,percentiles_96_99,2012,14.9,16.3,15.1,12.6,7.1
elderly_headed_hh,percentiles_96_99,2013,16.1,17.1,15.2,16.0,7.0
elderly_headed_hh,percentiles_96_99,2014,16.0,16.9,14.7,16.3,7.5
elderly_headed_hh,percentiles_96_99,2015,15.5,16.4,14.6,15.4,7.4
elderly_headed_hh,top_1_percent,1979,35.6,46.4,4.2,35.0,10.2
elderly_headed_hh,top_1_percent,1980,32.9,41.7,4.3,31.8,9.0
elderly_headed_hh,top_1_percent,1981,30.4,37.4,5.2,30.4,7.9
elderly_headed_hh,top_1_percent,1982,31.3,38.4,6.4,32.6,8.3
elderly_headed_hh,top_1_percent,1983,30.7,38.8,6.3,31.2,7.7
elderly_headed_hh,top_1_percent,1984,31.2,39.4,6.1,32.0,6.5
elderly_headed_hh,top_1_percent,1985,33.1,41.4,7.0,33.5,7.5
elderly_headed_hh,top_1_percent,1986,35.6,45.3,6.3,34.3,10.8
elderly_headed_hh,top_1_percent,1987,29.1,37.2,5.2,30.1,7.3
elderly_headed_hh,top_1_percent,1988,32.2,40.8,5.2,33.2,8.1
elderly_headed_hh,top_1_percent,1989,28.7,35.5,5.2,30.8,5.9
elderly_headed_hh,top_1_percent,1990,27.8,34.5,5.2,30.5,5.7
elderly_headed_hh,top_1_percent,1991,24.9,31.2,6.0,28.2,5.3
elderly_headed_hh,top_1_percent,1992,27.1,34.3,6.2,29.9,5.4
elderly_headed_hh,top_1_percent,1993,29.2,37.2,6.4,31.8,5.5
elderly_headed_hh,top_1_percent,1994,29.9,37.0,8.1,33.4,4.9
elderly_headed_hh,top_1_percent,1995,28.9,35.6,7.5,31.8,5.0
elderly_headed_hh,top_1_percent,1996,33.6,40.8,8.6,35.7,6.6
elderly_headed_hh,top_1_percent,1997,33.1,39.9,8.3,35.1,6.3
elderly_headed_hh,top_1_percent,1998,33.3,39.7,8.2,36.6,6.5
elderly_headed_hh,top_1_percent,1999,34.3,41.1,9.1,37.0,6.8
elderly_headed_hh,top_1_percent,2000,32.2,38.4,8.0,35.2,5.7
elderly_headed_hh,top_1_percent,2001,31.3,37.9,7.2,37.3,4.8
elderly_headed_hh,top_1_percent,2002,32.7,38.8,7.9,41.4,5.7
elderly_headed_hh,top_1_percent,2003,34.0,39.6,7.4,45.5,5.6
elderly_headed_hh,top_1_percent,2004,38.2,43.6,8.1,48.9,8.7
elderly_headed_hh,top_1_percent,2005,38.3,43.6,7.8,47.2,7.4
elderly_headed_hh,top_1_percent,2006,36.9,41.6,7.7,44.8,8.1
elderly_headed_hh,top_1_percent,2007,38.8,43.8,8.1,47.3,6.8
elderly_headed_hh,top_1_percent,2008,37.1,44.7,8.2,47.9,6.4
elderly_headed_hh,top_1_percent,2009,33.2,39.5,8.2,47.4,4.9
elderly_headed_hh,top_1_percent,2010,33.8,38.2,8.1,49.0,5.5
elderly_headed_hh,top_1_percent,2011,35.5,39.0,9.2,50.9,5.7
elderly_headed_hh,top_1_percent,2012,38.8,42.1,8.7,55.3,6.5
elderly_headed_hh,top_1_percent,2013,34.6,39.9,8.7,45.5,5.6
elderly_headed_hh,top_1_percent,2014,37.5,43.3,8.8,47.6,5.9
elderly_headed_hh,top_1_percent,2015,37.3,43.1,9.5,48.3,5.6
nonelderly_childless_hh,all_quintiles,1979,100.0,100.0,100.0,100.0,100.0
nonelderly_childless_hh,all_quintiles,1980,100.0,100.0,100.0,100.0,100.0
nonelderly_childless_hh,all_quintiles,1981,100.0,100.0,100.0,100.0,100.0
nonelderly_childless_hh,all_quintiles,1982,100.0,100.0,100.0,100.0,100.0
nonelderly_childless_hh,all_quintiles,1983,100.0,100.0,100.0,100.0,100.0
nonelderly_childless_hh,all_quintiles,1984,100.0,100.0,100.0,100.0,100.0
nonelderly_childless_hh,all_quintiles,1985,100.0,100.0,100.0,100.0,100.0
nonelderly_childless_hh,all_quintiles,1986,100.0,100.0,100.0,100.0,100.0
nonelderly_childless_hh,all_quintiles,1987,100.0,100.0,100.0,100.0,100.0
nonelderly_childless_hh,all_quintiles,1988,100.0,100.0,100.0,100.0,100.0
nonelderly_childless_hh,all_quintiles,1989,100.0,100.0,100.0,100.0,100.0
nonelderly_childless_hh,all_quintiles,1990,100.0,100.0,100.0,100.0,100.0
nonelderly_childless_hh,all_quintiles,1991,100.0,100.0,100.0,100.0,100.0
nonelderly_childless_hh,all_quintiles,1992,100.0,100.0,100.0,100.0,100.0
nonelderly_childless_hh,all_quintiles,1993,100.0,100.0,100.0,100.0,100.0
nonelderly_childless_hh,all_quintiles,1994,100.0,100.0,100.0,100.0,100.0
nonelderly_childless_hh,all_quintiles,1995,100.0,100.0,100.0,100.0,100.0
nonelderly_childless_hh,all_quintiles,1996,100.0,100.0,100.0,100.0,100.0
nonelderly_childless_hh,all_quintiles,1997,100.0,100.0,100.0,100.0,100.0
nonelderly_childless_hh,all_quintiles,1998,100.0,100.0,100.0,100.0,100.0
nonelderly_childless_hh,all_quintiles,1999,100.0,100.0,100.0,100.0,100.0
nonelderly_childless_hh,all_quintiles,2000,100.0,100.0,100.0,100.0,100.0
nonelderly_childless_hh,all_quintiles,2001,100.0,100.0,100.0,100.0,100.0
nonelderly_childless_hh,all_quintiles,2002,100.0,100.0,100.0,100.0,100.0
nonelderly_childless_hh,all_quintiles,2003,100.0,100.0,100.0,100.0,100.0
nonelderly_childless_hh,all_quintiles,2004,100.0,100.0,100.0,100.0,100.0
nonelderly_childless_hh,all_quintiles,2005,100.0,100.0,100.0,100.0,100.0
nonelderly_childless_hh,all_quintiles,2006,100.0,100.0,100.0,100.0,100.0
nonelderly_childless_hh,all_quintiles,2007,100.0,100.0,100.0,100.0,100.0
nonelderly_childless_hh,all_quintiles,2008,100.0,100.0,100.0,100.0,100.0
nonelderly_childless_hh,all_quintiles,2009,100.0,100.0,100.0,100.0,100.0
nonelderly_childless_hh,all_quintiles,2010,100.0,100.0,100.0,100.0,100.0
nonelderly_childless_hh,all_quintiles,2011,100.0,100.0,100.0,100.0,100.0
nonelderly_childless_hh,all_quintiles,2012,100.0,100.0,100.0,100.0,100.0
nonelderly_childless_hh,all_quintiles,2013,100.0,100.0,100.0,100.0,100.0
nonelderly_childless_hh,all_quintiles,2014,100.0,100.0,100.0,100.0,100.0
nonelderly_childless_hh,all_quintiles,2015,100.0,100.0,100.0,100.0,100.0
nonelderly_childless_hh,lowest_quintile,1979,1.0,,1.7,1.3,6.4
nonelderly_childless_hh,lowest_quintile,1980,0.9,,1.6,1.3,6.2
nonelderly_childless_hh,lowest_quintile,1981,0.9,0.1,1.6,1.3,6.5
nonelderly_childless_hh,lowest_quintile,1982,0.8,0.1,1.4,1.2,6.5
nonelderly_childless_hh,lowest_quintile,1983,0.9,,1.4,1.2,6.7
nonelderly_childless_hh,lowest_quintile,1984,1.1,0.1,1.6,1.9,7.4
nonelderly_childless_hh,lowest_quintile,1985,1.0,0.1,1.5,1.3,7.4
nonelderly_childless_hh,lowest_quintile,1986,1.0,,1.5,1.3,7.3
nonelderly_childless_hh,lowest_quintile,1987,0.9,-0.1,1.3,1.1,7.8
nonelderly_childless_hh,lowest_quintile,1988,0.9,-0.1,1.4,1.0,7.2
nonelderly_childless_hh,lowest_quintile,1989,0.9,-0.1,1.5,1.0,6.6
nonelderly_childless_hh,lowest_quintile,1990,0.9,,1.6,1.0,7.4
nonelderly_childless_hh,lowest_quintile,1991,1.0,-0.1,1.6,1.2,7.2
nonelderly_childless_hh,lowest_quintile,1992,1.0,-0.1,1.5,1.2,7.7
nonelderly_childless_hh,lowest_quintile,1993,0.9,-0.1,1.4,1.0,7.1
nonelderly_childless_hh,lowest_quintile,1994,0.7,-0.3,1.2,0.9,7.1
nonelderly_childless_hh,lowest_quintile,1995,0.9,-0.4,1.6,1.2,7.6
nonelderly_childless_hh,lowest_quintile,1996,0.7,-0.4,1.5,0.9,6.9
nonelderly_childless_hh,lowest_quintile,1997,0.8,-0.3,1.5,0.9,7.5
nonelderly_childless_hh,lowest_quintile,1998,0.8,-0.3,1.7,1.0,7.6
nonelderly_childless_hh,lowest_quintile,1999,0.8,-0.4,1.8,1.1,8.0
nonelderly_childless_hh,lowest_quintile,2000,0.8,-0.4,1.8,1.0,8.9
nonelderly_childless_hh,lowest_quintile,2001,0.8,-0.4,1.7,1.0,8.5
nonelderly_childless_hh,lowest_quintile,2002,0.8,-0.5,1.6,1.1,8.5
nonelderly_childless_hh,lowest_quintile,2003,0.9,-0.6,1.5,1.1,9.1
nonelderly_childless_hh,lowest_quintile,2004,0.8,-0.6,1.6,1.0,7.9
nonelderly_childless_hh,lowest_quintile,2005,0.9,-0.5,1.9,0.9,8.8
nonelderly_childless_hh,lowest_quintile,2006,0.9,-0.6,1.8,1.0,10.3
nonelderly_childless_hh,lowest_quintile,2007,1.0,-0.7,2.3,1.2,10.5
nonelderly_childless_hh,lowest_quintile,2008,0.7,-1.8,2.2,1.3,11.4
nonelderly_childless_hh,lowest_quintile,2009,0.6,-1.7,1.8,1.2,11.4
nonelderly_childless_hh,lowest_quintile,2010,0.7,-1.9,2.1,1.2,13.7
nonelderly_childless_hh,lowest_quintile,2011,0.8,-1.2,2.0,1.2,13.0
nonelderly_childless_hh,lowest_quintile,2012,0.7,-0.9,1.8,1.0,11.9
nonelderly_childless_hh,lowest_quintile,2013,0.9,-1.2,2.0,1.1,12.8
nonelderly_childless_hh,lowest_quintile,2014,0.6,-1.3,1.8,1.0,11.2
nonelderly_childless_hh,lowest_quintile,2015,0.6,-1.5,1.8,1.0,10.6
nonelderly_childless_hh,second_quintile,1979,4.8,2.5,8.2,4.2,11.5
nonelderly_childless_hh,second_quintile,1980,4.6,2.4,7.7,4.3,11.0
nonelderly_childless_hh,second_quintile,1981,4.7,2.6,7.5,4.4,11.0
nonelderly_childless_hh,second_quintile,1982,4.5,2.3,7.2,4.1,11.0
nonelderly_childless_hh,second_quintile,1983,4.4,2.2,6.7,4.4,10.9
nonelderly_childless_hh,second_quintile,1984,4.9,2.6,7.1,4.8,11.3
nonelderly_childless_hh,second_quintile,1985,4.8,2.5,7.2,4.3,11.2
nonelderly_childless_hh,second_quintile,1986,4.2,2.0,6.5,3.8,10.5
nonelderly_childless_hh,second_quintile,1987,4.2,1.8,6.6,4.4,11.3
nonelderly_childless_hh,second_quintile,1988,4.2,1.7,6.8,3.7,11.3
nonelderly_childless_hh,second_quintile,1989,4.3,1.8,6.9,3.8,10.9
nonelderly_childless_hh,second_quintile,1990,4.3,1.9,6.9,3.7,11.1
nonelderly_childless_hh,second_quintile,1991,4.0,1.6,6.3,3.7,10.8
nonelderly_childless_hh,second_quintile,1992,3.8,1.4,6.2,3.5,11.0
nonelderly_childless_hh,second_quintile,1993,3.7,1.3,5.9,3.3,10.5
nonelderly_childless_hh,second_quintile,1994,3.6,1.0,5.9,3.3,10.7
nonelderly_childless_hh,second_quintile,1995,3.7,1.2,6.1,3.5,10.4
nonelderly_childless_hh,second_quintile,1996,3.5,1.1,6.0,3.1,10.5
nonelderly_childless_hh,second_quintile,1997,3.6,1.2,6.3,3.2,10.6
nonelderly_childless_hh,second_quintile,1998,3.5,1.0,6.4,3.1,10.7
nonelderly_childless_hh,second_quintile,1999,3.5,1.0,6.5,3.2,10.7
nonelderly_childless_hh,second_quintile,2000,3.7,1.2,6.7,3.2,11.0
nonelderly_childless_hh,second_quintile,2001,3.4,0.6,6.3,3.1,11.4
nonelderly_childless_hh,second_quintile,2002,3.5,0.3,6.3,3.3,11.7
nonelderly_childless_hh,second_quintile,2003,3.3,,6.1,3.1,11.3
nonelderly_childless_hh,second_quintile,2004,3.3,,6.3,3.0,11.1
nonelderly_childless_hh,second_quintile,2005,3.4,0.2,6.6,2.8,11.7
nonelderly_childless_hh,second_quintile,2006,3.4,0.2,6.6,2.8,11.6
nonelderly_childless_hh,second_quintile,2007,3.6,0.4,6.8,3.2,11.0
nonelderly_childless_hh,second_quintile,2008,3.1,-1.5,6.9,3.2,11.6
nonelderly_childless_hh,second_quintile,2009,2.8,-2.0,6.4,3.2,12.6
nonelderly_childless_hh,second_quintile,2010,3.0,-1.7,6.6,3.1,13.0
nonelderly_childless_hh,second_quintile,2011,3.1,-0.8,6.8,3.3,12.7
nonelderly_childless_hh,second_quintile,2012,2.8,-0.6,6.3,2.7,12.1
nonelderly_childless_hh,second_quintile,2013,3.2,-0.6,6.5,3.2,12.3
nonelderly_childless_hh,second_quintile,2014,3.1,-0.9,6.7,3.1,12.0
nonelderly_childless_hh,second_quintile,2015,3.1,-0.8,6.7,3.3,11.6
nonelderly_childless_hh,middle_quintile,1979,9.4,7.0,13.7,6.9,15.2
nonelderly_childless_hh,middle_quintile,1980,9.4,7.1,13.6,7.2,15.2
nonelderly_childless_hh,middle_quintile,1981,9.7,7.5,13.5,7.3,15.6
nonelderly_childless_hh,middle_quintile,1982,9.4,7.0,13.0,7.2,14.2
nonelderly_childless_hh,middle_quintile,1983,9.8,7.3,13.0,7.6,14.7
nonelderly_childless_hh,middle_quintile,1984,10.0,7.4,13.2,7.9,14.4
nonelderly_childless_hh,middle_quintile,1985,9.6,7.1,12.9,7.2,14.1
nonelderly_childless_hh,middle_quintile,1986,9.6,6.9,13.1,7.3,14.7
nonelderly_childless_hh,middle_quintile,1987,9.6,6.6,13.3,7.5,15.0
nonelderly_childless_hh,middle_quintile,1988,9.1,6.1,12.9,7.1,14.4
nonelderly_childless_hh,middle_quintile,1989,9.6,6.6,13.4,7.2,15.0
nonelderly_childless_hh,middle_quintile,1990,9.2,6.4,12.7,6.4,14.8
nonelderly_childless_hh,middle_quintile,1991,9.5,6.6,12.9,7.2,15.2
nonelderly_childless_hh,middle_quintile,1992,9.2,6.1,12.9,6.8,15.3
nonelderly_childless_hh,middle_quintile,1993,9.0,6.0,12.6,6.6,15.4
nonelderly_childless_hh,middle_quintile,1994,9.1,6.0,12.6,6.6,16.2
nonelderly_childless_hh,middle_quintile,1995,9.2,6.1,13.0,6.8,15.8
nonelderly_childless_hh,middle_quintile,1996,8.9,5.7,13.0,6.7,16.0
nonelderly_childless_hh,middle_quintile,1997,8.7,5.6,13.0,6.2,15.5
nonelderly_childless_hh,middle_quintile,1998,8.7,5.5,13.2,6.0,15.6
nonelderly_childless_hh,middle_quintile,1999,8.4,5.2,12.9,5.9,15.5
nonelderly_childless_hh,middle_quintile,2000,8.5,5.2,13.2,6.2,15.3
nonelderly_childless_hh,middle_quintile,2001,8.3,4.6,12.6,6.2,15.1
nonelderly_childless_hh,middle_quintile,2002,8.8,4.8,13.0,6.4,16.4
nonelderly_childless_hh,middle_quintile,2003,8.7,4.6,12.7,6.2,15.7
nonelderly_childless_hh,middle_quintile,2004,8.7,4.6,13.2,5.9,16.2
nonelderly_childless_hh,middle_quintile,2005,8.4,4.5,13.4,5.5,15.5
nonelderly_childless_hh,middle_quintile,2006,8.7,4.7,13.7,5.9,16.5
nonelderly_childless_hh,middle_quintile,2007,9.0,5.0,13.8,6.4,16.1
nonelderly_childless_hh,middle_quintile,2008,8.4,3.0,13.6,6.2,15.6
nonelderly_childless_hh,middle_quintile,2009,8.3,2.6,13.1,6.3,16.1
nonelderly_childless_hh,middle_quintile,2010,8.5,3.1,13.3,6.3,15.8
nonelderly_childless_hh,middle_quintile,2011,8.5,4.1,13.2,6.6,16.2
nonelderly_childless_hh,middle_quintile,2012,8.1,3.9,13.2,5.8,16.0
nonelderly_childless_hh,middle_quintile,2013,8.8,4.2,13.6,6.4,16.3
nonelderly_childless_hh,middle_quintile,2014,8.3,3.8,13.3,6.2,15.8
nonelderly_childless_hh,middle_quintile,2015,8.8,4.0,13.8,6.6,16.2
nonelderly_childless_hh,fourth_quintile,1979,19.1,17.0,25.1,12.6,21.1
nonelderly_childless_hh,fourth_quintile,1980,19.5,17.3,25.2,13.3,21.3
nonelderly_childless_hh,fourth_quintile,1981,19.4,17.1,24.5,13.0,20.8
nonelderly_childless_hh,fourth_quintile,1982,19.4,16.9,23.7,13.2,21.3
nonelderly_childless_hh,fourth_quintile,1983,19.9,17.2,24.4,13.9,22.0
nonelderly_childless_hh,fourth_quintile,1984,19.8,17.1,24.3,14.0,21.7
nonelderly_childless_hh,fourth_quintile,1985,19.6,16.7,24.3,13.1,21.4
nonelderly_childless_hh,fourth_quintile,1986,19.4,16.3,24.6,13.3,20.9
nonelderly_childless_hh,fourth_quintile,1987,19.0,15.5,24.5,14.0,21.9
nonelderly_childless_hh,fourth_quintile,1988,18.9,15.1,25.0,13.0,22.7
nonelderly_childless_hh,fourth_quintile,1989,19.3,15.7,24.7,13.5,22.7
nonelderly_childless_hh,fourth_quintile,1990,19.3,15.5,25.0,12.8,22.8
nonelderly_childless_hh,fourth_quintile,1991,19.3,15.7,24.3,13.3,23.0
nonelderly_childless_hh,fourth_quintile,1992,18.5,14.6,24.2,12.5,22.5
nonelderly_childless_hh,fourth_quintile,1993,18.6,14.7,24.3,12.7,22.2
nonelderly_childless_hh,fourth_quintile,1994,18.9,15.1,24.5,12.7,22.9
nonelderly_childless_hh,fourth_quintile,1995,19.0,15.1,24.8,12.9,23.7
nonelderly_childless_hh,fourth_quintile,1996,18.2,14.3,24.5,12.5,23.1
nonelderly_childless_hh,fourth_quintile,1997,17.6,13.6,24.2,11.9,22.6
nonelderly_childless_hh,fourth_quintile,1998,18.1,13.8,25.0,12.0,22.9
nonelderly_childless_hh,fourth_quintile,1999,17.6,13.3,24.6,11.9,22.5
nonelderly_childless_hh,fourth_quintile,2000,17.6,13.2,24.9,11.8,23.1
nonelderly_childless_hh,fourth_quintile,2001,18.5,13.7,24.8,12.4,23.9
nonelderly_childless_hh,fourth_quintile,2002,18.8,14.2,24.5,12.3,23.3
nonelderly_childless_hh,fourth_quintile,2003,18.7,14.4,24.1,11.7,22.6
nonelderly_childless_hh,fourth_quintile,2004,18.5,13.9,24.7,11.3,23.2
nonelderly_childless_hh,fourth_quintile,2005,17.4,12.9,24.5,10.4,22.3
nonelderly_childless_hh,fourth_quintile,2006,18.0,13.4,25.2,11.3,21.9
nonelderly_childless_hh,fourth_quintile,2007,18.1,13.5,24.7,11.9,22.8
nonelderly_childless_hh,fourth_quintile,2008,18.1,12.4,24.5,11.4,21.2
nonelderly_childless_hh,fourth_quintile,2009,18.7,13.1,24.4,11.6,21.6
nonelderly_childless_hh,fourth_quintile,2010,19.0,13.9,24.9,11.9,21.2
nonelderly_childless_hh,fourth_quintile,2011,18.7,14.6,24.5,11.9,21.3
nonelderly_childless_hh,fourth_quintile,2012,18.2,14.0,24.9,11.3,21.9
nonelderly_childless_hh,fourth_quintile,2013,18.5,14.0,24.5,12.3,21.0
nonelderly_childless_hh,fourth_quintile,2014,18.3,13.6,24.7,12.0,22.1
nonelderly_childless_hh,fourth_quintile,2015,19.1,14.4,25.3,12.7,22.6
nonelderly_childless_hh,highest_quintile,1979,65.5,73.4,51.3,74.5,45.3
nonelderly_childless_hh,highest_quintile,1980,65.6,73.1,51.9,73.5,45.5
nonelderly_childless_hh,highest_quintile,1981,65.2,72.7,52.7,73.4,45.1
nonelderly_childless_hh,highest_quintile,1982,65.8,73.7,54.6,73.5,46.5
nonelderly_childless_hh,highest_quintile,1983,64.9,73.2,54.4,72.1,44.9
nonelderly_childless_hh,highest_quintile,1984,64.1,72.7,53.6,70.6,44.4
nonelderly_childless_hh,highest_quintile,1985,64.8,73.6,53.8,73.4,45.0
nonelderly_childless_hh,highest_quintile,1986,65.6,74.7,54.2,73.4,45.9
nonelderly_childless_hh,highest_quintile,1987,66.1,76.2,54.2,72.0,43.3
nonelderly_childless_hh,highest_quintile,1988,66.8,77.1,53.8,74.1,43.9
nonelderly_childless_hh,highest_quintile,1989,65.8,76.0,53.3,73.2,44.2
nonelderly_childless_hh,highest_quintile,1990,66.0,76.2,53.6,74.6,43.2
nonelderly_childless_hh,highest_quintile,1991,66.0,76.1,54.9,73.1,43.2
nonelderly_childless_hh,highest_quintile,1992,67.2,77.9,55.1,74.9,42.6
nonelderly_childless_hh,highest_quintile,1993,67.7,78.1,55.7,75.5,43.9
nonelderly_childless_hh,highest_quintile,1994,67.5,78.2,55.6,75.1,41.9
nonelderly_childless_hh,highest_quintile,1995,67.0,78.0,54.3,74.6,41.6
nonelderly_childless_hh,highest_quintile,1996,68.5,79.3,54.9,75.8,42.9
nonelderly_childless_hh,highest_quintile,1997,69.2,80.0,54.9,77.0,43.1
nonelderly_childless_hh,highest_quintile,1998,68.7,80.0,53.6,77.1,42.7
nonelderly_childless_hh,highest_quintile,1999,69.4,80.9,54.1,77.2,42.8
nonelderly_childless_hh,highest_quintile,2000,69.3,80.8,53.3,77.3,41.4
nonelderly_childless_hh,highest_quintile,2001,68.8,81.5,54.5,76.3,40.7
nonelderly_childless_hh,highest_quintile,2002,68.0,81.2,54.5,75.7,39.4
nonelderly_childless_hh,highest_quintile,2003,68.2,81.6,55.3,76.8,40.6
nonelderly_childless_hh,highest_quintile,2004,68.5,82.1,54.0,77.8,41.1
nonelderly_childless_hh,highest_quintile,2005,69.7,82.9,53.4,79.5,41.1
nonelderly_childless_hh,highest_quintile,2006,68.9,82.3,52.5,78.2,39.1
nonelderly_childless_hh,highest_quintile,2007,68.0,81.8,52.1,76.2,39.1
nonelderly_childless_hh,highest_quintile,2008,69.5,87.9,52.7,76.2,39.6
nonelderly_childless_hh,highest_quintile,2009,69.2,88.0,54.0,75.2,37.6
nonelderly_childless_hh,highest_quintile,2010,68.6,86.6,52.9,75.9,35.6
nonelderly_childless_hh,highest_quintile,2011,68.7,83.3,53.3,75.4,36.1
nonelderly_childless_hh,highest_quintile,2012,69.9,83.6,53.6,78.0,37.4
nonelderly_childless_hh,highest_quintile,2013,68.4,83.5,53.1,75.6,37.0
nonelderly_childless_hh,highest_quintile,2014,69.4,84.8,53.3,76.0,38.3
nonelderly_childless_hh,highest_quintile,2015,68.3,83.9,52.3,75.2,38.5
nonelderly_childless_hh,percentiles_81_90,1979,19.1,18.8,22.3,13.2,17.5
nonelderly_childless_hh,percentiles_81_90,1980,19.5,19.1,22.5,13.5,17.3
nonelderly_childless_hh,percentiles_81_90,1981,19.9,19.5,22.3,13.5,17.3
nonelderly_childless_hh,percentiles_81_90,1982,20.1,19.5,22.2,13.9,18.2
nonelderly_childless_hh,percentiles_81_90,1983,19.7,18.9,22.3,12.9,17.5
nonelderly_childless_hh,percentiles_81_90,1984,19.9,19.1,22.8,12.9,17.3
nonelderly_childless_hh,percentiles_81_90,1985,19.5,18.4,22.5,12.7,17.0
nonelderly_childless_hh,percentiles_81_90,1986,19.3,17.9,22.7,12.8,16.7
nonelderly_childless_hh,percentiles_81_90,1987,19.5,18.0,23.0,13.5,17.2
nonelderly_childless_hh,percentiles_81_90,1988,18.5,16.7,22.4,12.1,16.9
nonelderly_childless_hh,percentiles_81_90,1989,19.3,17.9,22.5,13.3,17.6
nonelderly_childless_hh,percentiles_81_90,1990,18.8,17.2,22.3,12.3,17.4
nonelderly_childless_hh,percentiles_81_90,1991,18.5,17.1,21.5,12.4,17.1
nonelderly_childless_hh,percentiles_81_90,1992,18.1,16.4,21.7,11.7,17.0
nonelderly_childless_hh,percentiles_81_90,1993,18.0,16.2,21.8,11.9,16.7
nonelderly_childless_hh,percentiles_81_90,1994,18.0,16.5,21.7,11.6,16.4
nonelderly_childless_hh,percentiles_81_90,1995,17.3,15.8,20.7,11.8,15.8
nonelderly_childless_hh,percentiles_81_90,1996,17.8,15.9,21.8,12.2,17.2
nonelderly_childless_hh,percentiles_81_90,1997,17.9,15.7,22.5,11.9,17.6
nonelderly_childless_hh,percentiles_81_90,1998,17.4,15.3,21.8,11.2,17.3
nonelderly_childless_hh,percentiles_81_90,1999,17.0,14.8,21.4,11.2,16.8
nonelderly_childless_hh,percentiles_81_90,2000,16.5,14.4,21.0,11.1,16.2
nonelderly_childless_hh,percentiles_81_90,2001,17.4,15.3,21.0,11.2,16.2
nonelderly_childless_hh,percentiles_81_90,2002,17.7,15.9,20.8,11.6,15.6
nonelderly_childless_hh,percentiles_81_90,2003,18.2,16.3,21.6,11.0,16.3
nonelderly_childless_hh,percentiles_81_90,2004,17.4,15.6,21.2,10.5,16.4
nonelderly_childless_hh,percentiles_81_90,2005,16.5,14.3,21.4,10.0,15.4
nonelderly_childless_hh,percentiles_81_90,2006,16.6,14.6,21.1,10.7,15.4
nonelderly_childless_hh,percentiles_81_90,2007,17.0,14.8,21.1,11.0,15.9
nonelderly_childless_hh,percentiles_81_90,2008,17.2,15.1,20.6,10.5,14.3
nonelderly_childless_hh,percentiles_81_90,2009,18.0,16.1,20.9,10.7,14.2
nonelderly_childless_hh,percentiles_81_90,2010,17.7,16.3,20.6,10.9,13.4
nonelderly_childless_hh,percentiles_81_90,2011,17.5,16.4,20.5,10.7,13.6
nonelderly_childless_hh,percentiles_81_90,2012,17.1,15.6,20.9,10.3,14.2
nonelderly_childless_hh,percentiles_81_90,2013,17.8,16.2,21.1,11.4,13.9
nonelderly_childless_hh,percentiles_81_90,2014,17.4,15.7,21.0,11.4,15.0
nonelderly_childless_hh,percentiles_81_90,2015,18.0,16.5,21.1,11.7,15.4
nonelderly_childless_hh,percentiles_91_95,1979,15.5,16.6,15.8,11.6,12.2
nonelderly_childless_hh,percentiles_91_95,1980,15.4,16.3,15.3,12.0,11.8
nonelderly_childless_hh,percentiles_91_95,1981,15.8,16.8,15.7,11.6,11.8
nonelderly_childless_hh,percentiles_91_95,1982,16.2,16.7,16.5,11.0,12.5
nonelderly_childless_hh,percentiles_91_95,1983,15.7,16.4,16.1,11.2,11.5
nonelderly_childless_hh,percentiles_91_95,1984,14.9,15.5,15.5,10.5,11.2
nonelderly_childless_hh,percentiles_91_95,1985,14.8,15.2,15.6,10.5,11.4
nonelderly_childless_hh,percentiles_91_95,1986,15.2,15.4,16.2,10.8,11.7
nonelderly_childless_hh,percentiles_91_95,1987,15.1,15.7,15.6,11.3,11.4
nonelderly_childless_hh,percentiles_91_95,1988,14.6,14.7,15.8,10.2,11.3
nonelderly_childless_hh,percentiles_91_95,1989,14.6,14.9,15.4,10.7,11.1
nonelderly_childless_hh,percentiles_91_95,1990,14.3,14.4,15.3,10.3,11.0
nonelderly_childless_hh,percentiles_91_95,1991,14.3,14.5,15.3,10.3,10.7
nonelderly_childless_hh,percentiles_91_95,1992,14.3,14.2,15.6,10.5,10.8
nonelderly_childless_hh,percentiles_91_95,1993,14.4,14.4,15.7,10.7,11.4
nonelderly_childless_hh,percentiles_91_95,1994,14.1,14.2,15.4,9.6,10.6
nonelderly_childless_hh,percentiles_91_95,1995,14.1,14.2,15.4,10.3,10.7
nonelderly_childless_hh,percentiles_91_95,1996,13.7,13.6,15.1,10.4,10.5
nonelderly_childless_hh,percentiles_91_95,1997,13.4,13.3,14.8,9.9,10.7
nonelderly_childless_hh,percentiles_91_95,1998,13.4,13.3,14.8,9.6,10.6
nonelderly_childless_hh,percentiles_91_95,1999,13.5,13.4,14.8,9.9,10.7
nonelderly_childless_hh,percentiles_91_95,2000,13.0,12.7,14.4,9.6,10.2
nonelderly_childless_hh,percentiles_91_95,2001,13.9,13.9,15.0,9.3,10.2
nonelderly_childless_hh,percentiles_91_95,2002,14.0,14.2,14.7,9.3,9.8
nonelderly_childless_hh,percentiles_91_95,2003,13.9,14.2,15.0,8.7,9.7
nonelderly_childless_hh,percentiles_91_95,2004,13.5,13.6,14.8,8.7,9.7
nonelderly_childless_hh,percentiles_91_95,2005,12.9,12.8,14.8,8.7,9.4
nonelderly_childless_hh,percentiles_91_95,2006,12.9,12.9,14.5,8.8,9.3
nonelderly_childless_hh,percentiles_91_95,2007,13.3,13.4,14.5,9.5,9.7
nonelderly_childless_hh,percentiles_91_95,2008,13.9,14.4,14.6,8.9,9.3
nonelderly_childless_hh,percentiles_91_95,2009,14.3,15.1,14.7,9.1,9.0
nonelderly_childless_hh,percentiles_91_95,2010,13.9,14.9,14.3,8.8,8.3
nonelderly_childless_hh,percentiles_91_95,2011,14.0,14.8,14.7,8.5,8.7
nonelderly_childless_hh,percentiles_91_95,2012,13.8,14.2,14.9,8.4,9.0
nonelderly_childless_hh,percentiles_91_95,2013,13.6,14.0,14.4,9.3,8.6
nonelderly_childless_hh,percentiles_91_95,2014,13.9,14.4,14.8,9.7,9.7
nonelderly_childless_hh,percentiles_91_95,2015,14.0,14.7,14.5,9.8,9.7
nonelderly_childless_hh,percentiles_96_99,1979,17.3,20.7,11.5,19.6,11.5
nonelderly_childless_hh,percentiles_96_99,1980,18.0,21.3,12.3,19.7,12.0
nonelderly_childless_hh,percentiles_96_99,1981,18.1,21.5,12.8,19.7,11.7
nonelderly_childless_hh,percentiles_96_99,1982,17.6,20.7,13.5,17.2,11.6
nonelderly_childless_hh,percentiles_96_99,1983,17.3,20.4,13.5,18.1,11.2
nonelderly_childless_hh,percentiles_96_99,1984,16.8,20.0,13.1,17.3,11.1
nonelderly_childless_hh,percentiles_96_99,1985,17.0,20.2,13.4,17.3,11.6
nonelderly_childless_hh,percentiles_96_99,1986,16.9,20.1,13.1,17.4,11.6
nonelderly_childless_hh,percentiles_96_99,1987,17.3,20.9,13.1,17.9,10.3
nonelderly_childless_hh,percentiles_96_99,1988,16.5,19.6,13.0,17.1,10.4
nonelderly_childless_hh,percentiles_96_99,1989,16.8,20.4,12.8,17.0,10.4
nonelderly_childless_hh,percentiles_96_99,1990,16.6,19.7,13.3,16.7,10.1
nonelderly_childless_hh,percentiles_96_99,1991,17.5,20.7,14.6,17.0,10.8
nonelderly_childless_hh,percentiles_96_99,1992,17.0,19.9,14.2,16.8,10.5
nonelderly_childless_hh,percentiles_96_99,1993,17.4,20.1,14.6,17.5,11.0
nonelderly_childless_hh,percentiles_96_99,1994,17.2,20.4,14.2,16.2,10.5
nonelderly_childless_hh,percentiles_96_99,1995,17.5,20.8,14.2,17.8,10.5
nonelderly_childless_hh,percentiles_96_99,1996,17.3,20.4,13.9,17.0,10.6
nonelderly_childless_hh,percentiles_96_99,1997,16.8,19.7,13.4,16.7,10.1
nonelderly_childless_hh,percentiles_96_99,1998,16.7,20.0,13.0,16.1,10.1
nonelderly_childless_hh,percentiles_96_99,1999,17.4,20.8,13.5,17.2,10.4
nonelderly_childless_hh,percentiles_96_99,2000,17.1,20.2,13.4,16.2,9.8
nonelderly_childless_hh,percentiles_96_99,2001,17.8,21.6,14.1,16.0,10.2
nonelderly_childless_hh,percentiles_96_99,2002,18.4,22.6,14.8,15.8,9.8
nonelderly_childless_hh,percentiles_96_99,2003,17.8,22.1,14.6,15.8,9.5
nonelderly_childless_hh,percentiles_96_99,2004,17.4,21.7,13.9,15.7,9.8
nonelderly_childless_hh,percentiles_96_99,2005,16.7,20.6,13.0,15.6,9.5
nonelderly_childless_hh,percentiles_96_99,2006,17.4,21.9,13.2,16.2,9.4
nonelderly_childless_hh,percentiles_96_99,2007,17.2,21.9,12.7,16.4,9.2
nonelderly_childless_hh,percentiles_96_99,2008,18.2,24.3,13.5,15.1,9.8
nonelderly_childless_hh,percentiles_96_99,2009,18.9,25.2,14.5,14.7,9.5
nonelderly_childless_hh,percentiles_96_99,2010,18.7,25.2,14.1,14.6,8.8
nonelderly_childless_hh,percentiles_96_99,2011,18.4,23.7,14.0,14.3,8.9
nonelderly_childless_hh,percentiles_96_99,2012,18.2,23.1,13.7,14.1,9.0
nonelderly_childless_hh,percentiles_96_99,2013,17.9,23.0,13.6,16.1,8.8
nonelderly_childless_hh,percentiles_96_99,2014,18.0,23.0,13.5,16.6,9.5
nonelderly_childless_hh,percentiles_96_99,2015,17.8,23.2,12.9,16.4,9.2
nonelderly_childless_hh,top_1_percent,1979,13.5,17.4,1.7,30.0,4.2
nonelderly_childless_hh,top_1_percent,1980,12.7,16.4,1.8,28.4,4.3
nonelderly_childless_hh,top_1_percent,1981,11.4,15.0,1.9,28.6,4.2
nonelderly_childless_hh,top_1_percent,1982,12.0,16.9,2.5,31.3,4.2
nonelderly_childless_hh,top_1_percent,1983,12.2,17.5,2.5,29.9,4.8
nonelderly_childless_hh,top_1_percent,1984,12.4,18.1,2.2,29.9,4.8
nonelderly_childless_hh,top_1_percent,1985,13.4,19.8,2.3,32.9,5.1
nonelderly_childless_hh,top_1_percent,1986,14.2,21.4,2.2,32.5,5.9
nonelderly_childless_hh,top_1_percent,1987,14.3,21.6,2.5,29.3,4.3
nonelderly_childless_hh,top_1_percent,1988,17.2,26.1,2.7,34.6,5.4
nonelderly_childless_hh,top_1_percent,1989,15.1,22.9,2.6,32.1,5.0
nonelderly_childless_hh,top_1_percent,1990,16.3,24.9,2.7,35.4,4.7
nonelderly_childless_hh,top_1_percent,1991,15.6,23.8,3.5,33.3,4.6
nonelderly_childless_hh,top_1_percent,1992,17.7,27.3,3.6,35.9,4.3
nonelderly_childless_hh,top_1_percent,1993,18.0,27.5,3.6,35.4,4.8
nonelderly_childless_hh,top_1_percent,1994,18.2,27.1,4.2,37.7,4.3
nonelderly_childless_hh,top_1_percent,1995,18.0,27.2,3.9,34.7,4.6
nonelderly_childless_hh,top_1_percent,1996,19.7,29.4,4.1,36.1,4.6
nonelderly_childless_hh,top_1_percent,1997,21.1,31.3,4.2,38.5,4.7
nonelderly_childless_hh,top_1_percent,1998,21.2,31.4,4.0,40.2,4.7
nonelderly_childless_hh,top_1_percent,1999,21.5,31.9,4.3,38.9,4.9
nonelderly_childless_hh,top_1_percent,2000,22.8,33.5,4.5,40.5,5.1
nonelderly_childless_hh,top_1_percent,2001,19.7,30.8,4.4,39.8,4.1
nonelderly_childless_hh,top_1_percent,2002,17.9,28.5,4.2,39.0,4.1
nonelderly_childless_hh,top_1_percent,2003,18.3,28.9,4.1,41.4,5.1
nonelderly_childless_hh,top_1_percent,2004,20.2,31.2,4.1,42.9,5.2
nonelderly_childless_hh,top_1_percent,2005,23.6,35.2,4.2,45.3,6.8
nonelderly_childless_hh,top_1_percent,2006,22.0,32.8,3.8,42.5,5.1
nonelderly_childless_hh,top_1_percent,2007,20.6,31.7,3.8,39.3,4.4
nonelderly_childless_hh,top_1_percent,2008,20.1,34.0,4.0,41.7,6.1
nonelderly_childless_hh,top_1_percent,2009,18.0,31.6,4.0,40.8,4.9
nonelderly_childless_hh,top_1_percent,2010,18.3,30.3,3.9,41.7,5.1
nonelderly_childless_hh,top_1_percent,2011,18.7,28.3,4.1,41.8,4.9
nonelderly_childless_hh,top_1_percent,2012,20.8,30.6,4.1,45.2,5.2
nonelderly_childless_hh,top_1_percent,2013,19.1,30.2,4.1,38.7,5.7
nonelderly_childless_hh,top_1_percent,2014,20.0,31.7,4.0,38.3,4.1
nonelderly_childless_hh,top_1_percent,2015,18.5,29.5,3.8,37.3,4.2
