household_type,income_group,year,means_tested_transfers,medicaid_and_chip,snap,ssi,other_transfers
all_households,all_quintiles,1979,1400.0,400.0,200.0,200.0,500.0
all_households,all_quintiles,1980,1400.0,400.0,300.0,200.0,500.0
all_households,all_quintiles,1981,1500.0,400.0,300.0,200.0,500.0
all_households,all_quintiles,1982,1400.0,400.0,300.0,200.0,500.0
all_households,all_quintiles,1983,1400.0,400.0,300.0,200.0,500.0
all_households,all_quintiles,1984,1400.0,400.0,200.0,200.0,500.0
all_households,all_quintiles,1985,1500.0,500.0,200.0,200.0,500.0
all_households,all_quintiles,1986,1500.0,500.0,200.0,200.0,500.0
all_households,all_quintiles,1987,1500.0,500.0,200.0,200.0,500.0
all_households,all_quintiles,1988,1500.0,600.0,200.0,200.0,500.0
all_households,all_quintiles,1989,1600.0,600.0,200.0,300.0,500.0
all_households,all_quintiles,1990,1800.0,700.0,300.0,300.0,500.0
all_households,all_quintiles,1991,2000.0,800.0,300.0,300.0,500.0
all_households,all_quintiles,1992,2200.0,1000.0,300.0,300.0,500.0
all_households,all_quintiles,1993,2300.0,1100.0,300.0,400.0,600.0
all_households,all_quintiles,1994,2400.0,1100.0,300.0,400.0,500.0
all_households,all_quintiles,1995,2400.0,1200.0,300.0,400.0,500.0
all_households,all_quintiles,1996,2300.0,1200.0,300.0,400.0,500.0
all_households,all_quintiles,1997,2200.0,1200.0,300.0,400.0,400.0
all_households,all_quintiles,1998,2300.0,1400.0,200.0,400.0,400.0
all_households,all_quintiles,1999,2400.0,1500.0,200.0,400.0,300.0
all_households,all_quintiles,2000,2500.0,1600.0,200.0,400.0,300.0
all_households,all_quintiles,2001,2700.0,1800.0,200.0,400.0,300.0
all_households,all_quintiles,2002,2900.0,2000.0,200.0,400.0,300.0
all_households,all_quintiles,2003,3100.0,2200.0,200.0,400.0,300.0
all_households,all_quintiles,2004,3300.0,2300.0,300.0,400.0,300.0
all_households,all_quintiles,2005,3300.0,2300.0,300.0,400.0,300.0
all_households,all_quintiles,2006,3200.0,2200.0,300.0,400.0,400.0
all_households,all_quintiles,2007,3300.0,2200.0,300.0,400.0,400.0
all_households,all_quintiles,2008,3500.0,2400.0,300.0,400.0,400.0
all_households,all_quintiles,2009,4000.0,2600.0,500.0,400.0,400.0
all_households,all_quintiles,2010,4100.0,2600.0,600.0,400.0,400.0
all_households,all_quintiles,2011,4100.0,2600.0,600.0,400.0,400.0
all_households,all_quintiles,2012,4100.0,2600.0,600.0,400.0,400.0
all_households,all_quintiles,2013,4200.0,2700.0,600.0,400.0,400.0
all_households,all_quintiles,2014,4900.0,3400.0,600.0,400.0,500.0
all_households,all_quintiles,2015,5200.0,3700.0,500.0,400.0,500.0
all_households,lowest_quintile,1979,4200.0,1200.0,800.0,700.0,1500.0
all_households,lowest_quintile,1980,4400.0,1300.0,800.0,700.0,1500.0
all_households,lowest_quintile,1981,4500.0,1300.0,900.0,700.0,1500.0
all_households,lowest_quintile,1982,4600.0,1400.0,900.0,700.0,1600.0
all_households,lowest_quintile,1983,4900.0,1500.0,900.0,700.0,1700.0
all_households,lowest_quintile,1984,4500.0,1400.0,800.0,700.0,1600.0
all_households,lowest_quintile,1985,4800.0,1600.0,800.0,700.0,1700.0
all_households,lowest_quintile,1986,5000.0,1700.0,800.0,800.0,1700.0
all_households,lowest_quintile,1987,5200.0,1800.0,800.0,800.0,1800.0
all_households,lowest_quintile,1988,5300.0,1900.0,800.0,800.0,1800.0
all_households,lowest_quintile,1989,5400.0,2100.0,800.0,800.0,1700.0
all_households,lowest_quintile,1990,5900.0,2300.0,900.0,800.0,1800.0
all_households,lowest_quintile,1991,6300.0,2600.0,1000.0,900.0,1800.0
all_households,lowest_quintile,1992,6800.0,2900.0,1100.0,1000.0,1700.0
all_households,lowest_quintile,1993,7100.0,3100.0,1100.0,1100.0,1800.0
all_households,lowest_quintile,1994,7100.0,3200.0,1100.0,1200.0,1700.0
all_households,lowest_quintile,1995,7000.0,3300.0,1000.0,1200.0,1500.0
all_households,lowest_quintile,1996,6900.0,3300.0,1000.0,1300.0,1400.0
all_households,lowest_quintile,1997,6600.0,3400.0,800.0,1200.0,1200.0
all_households,lowest_quintile,1998,6800.0,3700.0,700.0,1200.0,1100.0
all_households,lowest_quintile,1999,6700.0,3900.0,600.0,1200.0,1000.0
all_households,lowest_quintile,2000,6900.0,4200.0,600.0,1200.0,900.0
all_households,lowest_quintile,2001,7300.0,4600.0,600.0,1200.0,900.0
all_households,lowest_quintile,2002,7600.0,4900.0,700.0,1100.0,900.0
all_households,lowest_quintile,2003,8000.0,5200.0,700.0,1200.0,900.0
all_households,lowest_quintile,2004,8100.0,5500.0,800.0,1100.0,800.0
all_households,lowest_quintile,2005,8200.0,5400.0,900.0,1100.0,800.0
all_households,lowest_quintile,2006,8200.0,5100.0,900.0,1100.0,1100.0
all_households,lowest_quintile,2007,8200.0,5100.0,900.0,1100.0,1100.0
all_households,lowest_quintile,2008,8500.0,5300.0,1000.0,1100.0,1100.0
all_households,lowest_quintile,2009,9600.0,5700.0,1400.0,1200.0,1200.0
all_households,lowest_quintile,2010,9700.0,5800.0,1500.0,1200.0,1200.0
all_households,lowest_quintile,2011,9400.0,5500.0,1600.0,1200.0,1200.0
all_households,lowest_quintile,2012,9700.0,5700.0,1600.0,1200.0,1200.0
all_households,lowest_quintile,2013,9900.0,5900.0,1600.0,1200.0,1200.0
all_households,lowest_quintile,2014,10800.0,6900.0,1400.0,1200.0,1300.0
all_households,lowest_quintile,2015,10900.0,7000.0,1400.0,1200.0,1300.0
all_households,second_quintile,1979,1100.0,300.0,200.0,100.0,400.0
all_households,second_quintile,1980,1300.0,400.0,300.0,100.0,500.0
all_households,second_quintile,1981,1300.0,400.0,300.0,100.0,400.0
all_households,second_quintile,1982,1200.0,400.0,300.0,200.0,400.0
all_households,second_quintile,1983,1000.0,300.0,200.0,100.0,300.0
all_households,second_quintile,1984,1100.0,300.0,200.0,100.0,400.0
all_households,second_quintile,1985,1000.0,300.0,200.0,100.0,400.0
all_households,second_quintile,1986,1100.0,400.0,200.0,200.0,400.0
all_households,second_quintile,1987,1000.0,400.0,100.0,200.0,300.0
all_households,second_quintile,1988,1000.0,400.0,100.0,200.0,300.0
all_households,second_quintile,1989,1100.0,500.0,100.0,200.0,300.0
all_households,second_quintile,1990,1300.0,600.0,200.0,200.0,400.0
all_households,second_quintile,1991,1700.0,700.0,300.0,200.0,400.0
all_households,second_quintile,1992,2100.0,1000.0,400.0,300.0,500.0
all_households,second_quintile,1993,2300.0,1100.0,400.0,300.0,500.0
all_households,second_quintile,1994,2300.0,1100.0,400.0,300.0,500.0
all_households,second_quintile,1995,2300.0,1200.0,300.0,300.0,400.0
all_households,second_quintile,1996,2300.0,1200.0,300.0,300.0,400.0
all_households,second_quintile,1997,2200.0,1200.0,300.0,300.0,400.0
all_households,second_quintile,1998,2500.0,1600.0,200.0,300.0,400.0
all_households,second_quintile,1999,2500.0,1700.0,200.0,300.0,300.0
all_households,second_quintile,2000,2600.0,1800.0,200.0,300.0,300.0
all_households,second_quintile,2001,3000.0,2100.0,200.0,300.0,300.0
all_households,second_quintile,2002,3300.0,2400.0,300.0,300.0,300.0
all_households,second_quintile,2003,3700.0,2700.0,300.0,300.0,300.0
all_households,second_quintile,2004,4000.0,3000.0,400.0,400.0,300.0
all_households,second_quintile,2005,4100.0,3000.0,400.0,300.0,300.0
all_households,second_quintile,2006,3900.0,2800.0,400.0,400.0,400.0
all_households,second_quintile,2007,4000.0,2900.0,400.0,400.0,400.0
all_households,second_quintile,2008,4400.0,3100.0,500.0,400.0,400.0
all_households,second_quintile,2009,5100.0,3500.0,700.0,400.0,500.0
all_households,second_quintile,2010,5400.0,3600.0,900.0,400.0,500.0
all_households,second_quintile,2011,5500.0,3500.0,1000.0,400.0,500.0
all_households,second_quintile,2012,5600.0,3700.0,1000.0,400.0,500.0
all_households,second_quintile,2013,5700.0,3800.0,900.0,500.0,500.0
all_households,second_quintile,2014,6700.0,4900.0,800.0,500.0,600.0
all_households,second_quintile,2015,7400.0,5600.0,800.0,400.0,600.0
all_households,middle_quintile,1979,500.0,100.0,,100.0,200.0
all_households,middle_quintile,1980,500.0,100.0,100.0,100.0,200.0
all_households,middle_quintile,1981,400.0,100.0,100.0,100.0,200.0
all_households,middle_quintile,1982,400.0,100.0,,100.0,100.0
all_households,middle_quintile,1983,400.0,100.0,,100.0,100.0
all_households,middle_quintile,1984,400.0,100.0,100.0,100.0,100.0
all_households,middle_quintile,1985,400.0,100.0,,100.0,100.0
all_households,middle_quintile,1986,400.0,200.0,,100.0,100.0
all_households,middle_quintile,1987,400.0,100.0,,100.0,100.0
all_households,middle_quintile,1988,500.0,200.0,,100.0,100.0
all_households,middle_quintile,1989,400.0,200.0,,100.0,100.0
all_households,middle_quintile,1990,500.0,300.0,,100.0,100.0
all_households,middle_quintile,1991,600.0,300.0,100.0,100.0,100.0
all_households,middle_quintile,1992,800.0,400.0,100.0,100.0,200.0
all_households,middle_quintile,1993,900.0,400.0,100.0,200.0,200.0
all_households,middle_quintile,1994,900.0,500.0,100.0,100.0,200.0
all_households,middle_quintile,1995,1000.0,600.0,100.0,100.0,200.0
all_households,middle_quintile,1996,900.0,500.0,100.0,100.0,200.0
all_households,middle_quintile,1997,900.0,500.0,100.0,100.0,100.0
all_households,middle_quintile,1998,1000.0,600.0,100.0,200.0,100.0
all_households,middle_quintile,1999,1100.0,800.0,100.0,200.0,100.0
all_households,middle_quintile,2000,1200.0,900.0,,100.0,100.0
all_households,middle_quintile,2001,1300.0,1000.0,,100.0,100.0
all_households,middle_quintile,2002,1600.0,1200.0,100.0,200.0,100.0
all_households,middle_quintile,2003,1700.0,1300.0,100.0,200.0,100.0
all_households,middle_quintile,2004,1800.0,1400.0,100.0,200.0,100.0
all_households,middle_quintile,2005,1800.0,1400.0,100.0,200.0,100.0
all_households,middle_quintile,2006,1700.0,1300.0,100.0,200.0,100.0
all_households,middle_quintile,2007,1900.0,1500.0,100.0,200.0,100.0
all_households,middle_quintile,2008,2000.0,1500.0,100.0,200.0,200.0
all_households,middle_quintile,2009,2400.0,1800.0,200.0,200.0,200.0
all_households,middle_quintile,2010,2500.0,1800.0,300.0,200.0,200.0
all_households,middle_quintile,2011,2600.0,1900.0,300.0,200.0,200.0
all_households,middle_quintile,2012,2500.0,1800.0,300.0,200.0,200.0
all_households,middle_quintile,2013,2700.0,2000.0,300.0,200.0,200.0
all_households,middle_quintile,2014,3400.0,2700.0,200.0,200.0,200.0
all_households,middle_quintile,2015,3800.0,3100.0,200.0,200.0,300.0
all_households,fourth_quintile,1979,300.0,100.0,,,100.0
all_households,fourth_quintile,1980,200.0,100.0,,,100.0
all_households,fourth_quintile,1981,200.0,100.0,,100.0,100.0
all_households,fourth_quintile,1982,200.0,100.0,,,100.0
all_households,fourth_quintile,1983,200.0,100.0,,,100.0
all_households,fourth_quintile,1984,200.0,100.0,,100.0,100.0
all_households,fourth_quintile,1985,200.0,100.0,,100.0,100.0
all_households,fourth_quintile,1986,200.0,100.0,,100.0,100.0
all_households,fourth_quintile,1987,200.0,100.0,,100.0,100.0
all_households,fourth_quintile,1988,200.0,100.0,,,100.0
all_households,fourth_quintile,1989,300.0,100.0,,100.0,100.0
all_households,fourth_quintile,1990,300.0,100.0,,100.0,100.0
all_households,fourth_quintile,1991,300.0,200.0,,100.0,100.0
all_households,fourth_quintile,1992,400.0,200.0,,100.0,100.0
all_households,fourth_quintile,1993,400.0,200.0,,100.0,100.0
all_households,fourth_quintile,1994,500.0,300.0,,100.0,100.0
all_households,fourth_quintile,1995,500.0,300.0,,100.0,100.0
all_households,fourth_quintile,1996,400.0,300.0,,100.0,100.0
all_households,fourth_quintile,1997,500.0,300.0,,100.0,
all_households,fourth_quintile,1998,500.0,300.0,,100.0,100.0
all_households,fourth_quintile,1999,500.0,400.0,,100.0,
all_households,fourth_quintile,2000,600.0,500.0,,100.0,100.0
all_households,fourth_quintile,2001,600.0,500.0,,100.0,
all_households,fourth_quintile,2002,700.0,600.0,,100.0,100.0
all_households,fourth_quintile,2003,800.0,600.0,,100.0,100.0
all_households,fourth_quintile,2004,900.0,700.0,,100.0,100.0
all_households,fourth_quintile,2005,900.0,700.0,,100.0,
all_households,fourth_quintile,2006,900.0,700.0,,100.0,100.0
all_households,fourth_quintile,2007,900.0,700.0,,100.0,100.0
all_households,fourth_quintile,2008,1000.0,800.0,,100.0,100.0
all_households,fourth_quintile,2009,1100.0,900.0,,100.0,100.0
all_households,fourth_quintile,2010,1200.0,900.0,100.0,100.0,100.0
all_households,fourth_quintile,2011,1100.0,800.0,100.0,100.0,100.0
all_households,fourth_quintile,2012,1100.0,800.0,100.0,100.0,100.0
all_households,fourth_quintile,2013,1100.0,800.0,100.0,100.0,100.0
all_households,fourth_quintile,2014,1600.0,1300.0,100.0,100.0,100.0
all_households,fourth_quintile,2015,1900.0,1500.0,100.0,100.0,100.0
all_households,highest_quintile,1979,100.0,,,,100.0
all_households,highest_quintile,1980,100.0,,,,
all_households,highest_quintile,1981,100.0,,,,
all_households,highest_quintile,1982,100.0,100.0,,,
all_households,highest_quintile,1983,100.0,,,,
all_households,highest_quintile,1984,100.0,,,,
all_households,highest_quintile,1985,100.0,,,,
all_households,highest_quintile,1986,100.0,,,,
all_households,highest_quintile,1987,100.0,,,,
all_households,highest_quintile,1988,100.0,100.0,,,
all_households,highest_quintile,1989,200.0,100.0,,,
all_households,highest_quintile,1990,200.0,100.0,,100.0,
all_households,highest_quintile,1991,200.0,100.0,,,100.0
all_households,highest_quintile,1992,200.0,100.0,,,
all_households,highest_quintile,1993,200.0,100.0,,100.0,
all_households,highest_quintile,1994,300.0,200.0,,100.0,
all_households,highest_quintile,1995,300.0,200.0,,100.0,
all_households,highest_quintile,1996,200.0,200.0,,,
all_households,highest_quintile,1997,200.0,200.0,,,
all_households,highest_quintile,1998,300.0,200.0,,100.0,
all_households,highest_quintile,1999,300.0,200.0,,100.0,
all_households,highest_quintile,2000,300.0,300.0,,100.0,
all_households,highest_quintile,2001,400.0,300.0,,100.0,
all_households,highest_quintile,2002,400.0,300.0,,,
all_households,highest_quintile,2003,400.0,300.0,,,
all_households,highest_quintile,2004,500.0,400.0,,100.0,
all_households,highest_quintile,2005,500.0,400.0,,100.0,
all_households,highest_quintile,2006,500.0,400.0,,100.0,
all_households,highest_quintile,2007,500.0,400.0,,100.0,100.0
all_households,highest_quintile,2008,600.0,400.0,,100.0,
all_households,highest_quintile,2009,600.0,500.0,,100.0,100.0
all_households,highest_quintile,2010,600.0,500.0,,100.0,100.0
all_households,highest_quintile,2011,600.0,400.0,,100.0,
all_households,highest_quintile,2012,600.0,400.0,,100.0,
all_households,highest_quintile,2013,500.0,400.0,,,
all_households,highest_quintile,2014,800.0,600.0,,100.0,100.0
all_households,highest_quintile,2015,900.0,800.0,,100.0,100.0
all_households,percentiles_81_90,1979,100.0,,,,100.0
all_households,percentiles_81_90,1980,100.0,,,,100.0
all_households,percentiles_81_90,1981,100.0,,,,
all_households,percentiles_81_90,1982,100.0,100.0,,,
all_households,percentiles_81_90,1983,100.0,,,,
all_households,percentiles_81_90,1984,100.0,,,,
all_households,percentiles_81_90,1985,100.0,,,,
all_households,percentiles_81_90,1986,100.0,,,,
all_households,percentiles_81_90,1987,100.0,,,,
all_households,percentiles_81_90,1988,100.0,100.0,,,
all_households,percentiles_81_90,1989,200.0,100.0,,,
all_households,percentiles_81_90,1990,200.0,100.0,,100.0,
all_households,percentiles_81_90,1991,200.0,100.0,,,100.0
all_households,percentiles_81_90,1992,300.0,100.0,,,
all_households,percentiles_81_90,1993,200.0,100.0,,100.0,
all_households,percentiles_81_90,1994,300.0,200.0,,100.0,100.0
all_households,percentiles_81_90,1995,300.0,200.0,,100.0,100.0
all_households,percentiles_81_90,1996,300.0,200.0,,100.0,
all_households,percentiles_81_90,1997,300.0,200.0,,,
all_households,percentiles_81_90,1998,300.0,200.0,,100.0,
all_households,percentiles_81_90,1999,300.0,200.0,,100.0,
all_households,percentiles_81_90,2000,400.0,300.0,,100.0,
all_households,percentiles_81_90,2001,400.0,300.0,,100.0,
all_households,percentiles_81_90,2002,400.0,300.0,,100.0,
all_households,percentiles_81_90,2003,400.0,400.0,,100.0,
all_households,percentiles_81_90,2004,600.0,500.0,,100.0,
all_households,percentiles_81_90,2005,500.0,400.0,,100.0,
all_households,percentiles_81_90,2006,600.0,400.0,,100.0,
all_households,percentiles_81_90,2007,600.0,500.0,,100.0,100.0
all_households,percentiles_81_90,2008,600.0,500.0,,100.0,
all_households,percentiles_81_90,2009,600.0,500.0,,100.0,
all_households,percentiles_81_90,2010,700.0,500.0,,100.0,100.0
all_households,percentiles_81_90,2011,700.0,500.0,,100.0,100.0
all_households,percentiles_81_90,2012,600.0,500.0,,100.0,
all_households,percentiles_81_90,2013,500.0,400.0,,,
all_households,percentiles_81_90,2014,800.0,700.0,,100.0,100.0
all_households,percentiles_81_90,2015,1000.0,800.0,,100.0,100.0
all_households,percentiles_91_95,1979,100.0,,,,
all_households,percentiles_91_95,1980,100.0,,,,
all_households,percentiles_91_95,1981,100.0,,,,
all_households,percentiles_91_95,1982,100.0,,,,
all_households,percentiles_91_95,1983,100.0,,,,
all_households,percentiles_91_95,1984,100.0,,,,
all_households,percentiles_91_95,1985,100.0,,,,
all_households,percentiles_91_95,1986,100.0,,,,
all_households,percentiles_91_95,1987,100.0,,,,
all_households,percentiles_91_95,1988,100.0,,,,
all_households,percentiles_91_95,1989,200.0,100.0,,,100.0
all_households,percentiles_91_95,1990,100.0,100.0,,,
all_households,percentiles_91_95,1991,100.0,100.0,,,
all_households,percentiles_91_95,1992,200.0,100.0,,100.0,
all_households,percentiles_91_95,1993,200.0,100.0,,100.0,
all_households,percentiles_91_95,1994,300.0,200.0,,,
all_households,percentiles_91_95,1995,300.0,200.0,,,
all_households,percentiles_91_95,1996,200.0,100.0,,,
all_households,percentiles_91_95,1997,200.0,200.0,,,
all_households,percentiles_91_95,1998,300.0,200.0,,,
all_households,percentiles_91_95,1999,300.0,200.0,,100.0,
all_households,percentiles_91_95,2000,300.0,200.0,,,
all_households,percentiles_91_95,2001,300.0,200.0,,100.0,
all_households,percentiles_91_95,2002,300.0,300.0,,,
all_households,percentiles_91_95,2003,400.0,300.0,,,
all_households,percentiles_91_95,2004,400.0,300.0,,,
all_households,percentiles_91_95,2005,500.0,400.0,,100.0,
all_households,percentiles_91_95,2006,400.0,300.0,,,
all_households,percentiles_91_95,2007,500.0,400.0,,100.0,
all_households,percentiles_91_95,2008,600.0,500.0,,100.0,
all_households,percentiles_91_95,2009,600.0,400.0,,100.0,
all_households,percentiles_91_95,2010,600.0,400.0,,100.0,100.0
all_households,percentiles_91_95,2011,400.0,300.0,,,
all_households,percentiles_91_95,2012,500.0,400.0,,100.0,
all_households,percentiles_91_95,2013,500.0,400.0,,,
all_households,percentiles_91_95,2014,700.0,500.0,,100.0,100.0
all_households,percentiles_91_95,2015,900.0,700.0,,100.0,100.0
all_households,percentiles_96_99,1979,100.0,,,,100.0
all_households,percentiles_96_99,1980,100.0,,,,
all_households,percentiles_96_99,1981,100.0,,,,
all_households,percentiles_96_99,1982,100.0,,,,
all_households,percentiles_96_99,1983,100.0,,,,
all_households,percentiles_96_99,1984,100.0,,,,
all_households,percentiles_96_99,1985,100.0,,,,
all_households,percentiles_96_99,1986,100.0,,,,
all_households,percentiles_96_99,1987,200.0,,,,
all_households,percentiles_96_99,1988,100.0,,,,
all_households,percentiles_96_99,1989,100.0,,,,
all_households,percentiles_96_99,1990,200.0,100.0,,,100.0
all_households,percentiles_96_99,1991,200.0,100.0,,,100.0
all_households,percentiles_96_99,1992,100.0,100.0,,,
all_households,percentiles_96_99,1993,200.0,100.0,,,
all_households,percentiles_96_99,1994,300.0,200.0,,,
all_households,percentiles_96_99,1995,300.0,200.0,,,
all_households,percentiles_96_99,1996,200.0,100.0,,,
all_households,percentiles_96_99,1997,200.0,200.0,,,
all_households,percentiles_96_99,1998,200.0,200.0,,,
all_households,percentiles_96_99,1999,300.0,200.0,,,
all_households,percentiles_96_99,2000,300.0,200.0,,,
all_households,percentiles_96_99,2001,300.0,300.0,,,
all_households,percentiles_96_99,2002,300.0,200.0,,,
all_households,percentiles_96_99,2003,300.0,300.0,,,
all_households,percentiles_96_99,2004,300.0,300.0,,,
all_households,percentiles_96_99,2005,500.0,400.0,,100.0,
all_households,percentiles_96_99,2006,400.0,300.0,,,
all_households,percentiles_96_99,2007,500.0,400.0,,100.0,100.0
all_households,percentiles_96_99,2008,500.0,400.0,,100.0,
all_households,percentiles_96_99,2009,500.0,400.0,,,
all_households,percentiles_96_99,2010,400.0,300.0,,100.0,
all_households,percentiles_96_99,2011,500.0,400.0,,,
all_households,percentiles_96_99,2012,400.0,300.0,,,
all_households,percentiles_96_99,2013,400.0,300.0,,,
all_households,percentiles_96_99,2014,600.0,500.0,,,100.0
all_households,percentiles_96_99,2015,900.0,700.0,,100.0,100.0
all_households,top_1_percent,1979,200.0,100.0,,100.0,100.0
all_households,top_1_percent,1980,100.0,,,,100.0
all_households,top_1_percent,1981,200.0,100.0,,,100.0
all_households,top_1_percent,1982,200.0,100.0,,,
all_households,top_1_percent,1983,200.0,100.0,,,100.0
all_households,top_1_percent,1984,200.0,100.0,,,100.0
all_households,top_1_percent,1985,200.0,100.0,,,100.0
all_households,top_1_percent,1986,200.0,100.0,,,100.0
all_households,top_1_percent,1987,200.0,100.0,,100.0,100.0
all_households,top_1_percent,1988,200.0,100.0,,,100.0
all_households,top_1_percent,1989,200.0,100.0,,100.0,100.0
all_households,top_1_percent,1990,200.0,100.0,,100.0,100.0
all_households,top_1_percent,1991,300.0,100.0,,100.0,100.0
all_households,top_1_percent,1992,200.0,100.0,,100.0,
all_households,top_1_percent,1993,300.0,200.0,,100.0,100.0
all_households,top_1_percent,1994,300.0,200.0,,,
all_households,top_1_percent,1995,400.0,200.0,,100.0,100.0
all_households,top_1_percent,1996,300.0,200.0,,,
all_households,top_1_percent,1997,200.0,200.0,,,
all_households,top_1_percent,1998,400.0,300.0,,,100.0
all_households,top_1_percent,1999,300.0,200.0,,100.0,
all_households,top_1_percent,2000,400.0,300.0,,100.0,
all_households,top_1_percent,2001,400.0,300.0,,100.0,
all_households,top_1_percent,2002,500.0,400.0,,100.0,100.0
all_households,top_1_percent,2003,500.0,400.0,,100.0,
all_households,top_1_percent,2004,400.0,300.0,,,
all_households,top_1_percent,2005,400.0,300.0,,,
all_households,top_1_percent,2006,500.0,400.0,,100.0,100.0
all_households,top_1_percent,2007,400.0,300.0,,100.0,
all_households,top_1_percent,2008,700.0,500.0,,100.0,100.0
all_households,top_1_percent,2009,700.0,500.0,,100.0,100.0
all_households,top_1_percent,2010,800.0,600.0,,100.0,100.0
all_households,top_1_percent,2011,800.0,600.0,,100.0,100.0
all_households,top_1_percent,2012,700.0,500.0,,100.0,100.0
all_households,top_1_percent,2013,600.0,500.0,,,100.0
all_households,top_1_percent,2014,1000.0,800.0,100.0,100.0,100.0
all_households,top_1_percent,2015,1000.0,800.0,,100.0,100.0
hh_with_children,all_quintiles,1979,2400.0,600.0,500.0,200.0,1100.0
hh_with_children,all_quintiles,1980,2500.0,600.0,500.0,200.0,1100.0
hh_with_children,all_quintiles,1981,2500.0,600.0,600.0,200.0,1100.0
hh_with_children,all_quintiles,1982,2400.0,600.0,500.0,200.0,1100.0
hh_with_children,all_quintiles,1983,2400.0,700.0,500.0,200.0,1100.0
hh_with_children,all_quintiles,1984,2400.0,700.0,500.0,200.0,1100.0
hh_with_children,all_quintiles,1985,2400.0,700.0,500.0,200.0,1100.0
hh_with_children,all_quintiles,1986,2500.0,700.0,500.0,200.0,1100.0
hh_with_children,all_quintiles,1987,2600.0,800.0,500.0,200.0,1100.0
hh_with_children,all_quintiles,1988,2500.0,800.0,500.0,200.0,1000.0
hh_with_children,all_quintiles,1989,2700.0,900.0,500.0,200.0,1000.0
hh_with_children,all_quintiles,1990,3100.0,1200.0,500.0,300.0,1100.0
hh_with_children,all_quintiles,1991,3400.0,1400.0,600.0,300.0,1200.0
hh_with_children,all_quintiles,1992,3700.0,1600.0,700.0,300.0,1100.0
hh_with_children,all_quintiles,1993,4000.0,1700.0,700.0,400.0,1200.0
hh_with_children,all_quintiles,1994,4000.0,1700.0,700.0,400.0,1100.0
hh_with_children,all_quintiles,1995,3900.0,1800.0,700.0,500.0,1100.0
hh_with_children,all_quintiles,1996,3700.0,1700.0,600.0,400.0,1000.0
hh_with_children,all_quintiles,1997,3400.0,1700.0,500.0,400.0,800.0
hh_with_children,all_quintiles,1998,3600.0,2000.0,500.0,400.0,800.0
hh_with_children,all_quintiles,1999,3600.0,2100.0,400.0,400.0,700.0
hh_with_children,all_quintiles,2000,3600.0,2300.0,400.0,400.0,600.0
hh_with_children,all_quintiles,2001,4000.0,2600.0,400.0,400.0,600.0
hh_with_children,all_quintiles,2002,4400.0,3000.0,500.0,400.0,600.0
hh_with_children,all_quintiles,2003,4700.0,3200.0,500.0,400.0,600.0
hh_with_children,all_quintiles,2004,4900.0,3400.0,600.0,400.0,500.0
hh_with_children,all_quintiles,2005,5000.0,3400.0,600.0,400.0,600.0
hh_with_children,all_quintiles,2006,5000.0,3400.0,600.0,400.0,600.0
hh_with_children,all_quintiles,2007,5300.0,3600.0,600.0,400.0,600.0
hh_with_children,all_quintiles,2008,5600.0,3800.0,700.0,400.0,600.0
hh_with_children,all_quintiles,2009,6500.0,4200.0,1100.0,500.0,700.0
hh_with_children,all_quintiles,2010,6800.0,4400.0,1200.0,500.0,700.0
hh_with_children,all_quintiles,2011,6700.0,4200.0,1300.0,400.0,700.0
hh_with_children,all_quintiles,2012,6800.0,4300.0,1300.0,500.0,700.0
hh_with_children,all_quintiles,2013,7100.0,4600.0,1300.0,500.0,700.0
hh_with_children,all_quintiles,2014,8400.0,6000.0,1100.0,500.0,800.0
hh_with_children,all_quintiles,2015,9200.0,6800.0,1100.0,500.0,800.0
hh_with_children,lowest_quintile,1979,9800.0,2600.0,2100.0,700.0,4500.0
hh_with_children,lowest_quintile,1980,9700.0,2500.0,2200.0,800.0,4300.0
hh_with_children,lowest_quintile,1981,9600.0,2400.0,2300.0,600.0,4200.0
hh_with_children,lowest_quintile,1982,9500.0,2400.0,2200.0,700.0,4200.0
hh_with_children,lowest_quintile,1983,9600.0,2500.0,2200.0,600.0,4300.0
hh_with_children,lowest_quintile,1984,9100.0,2400.0,2000.0,600.0,4100.0
hh_with_children,lowest_quintile,1985,9300.0,2500.0,1900.0,700.0,4200.0
hh_with_children,lowest_quintile,1986,9500.0,2800.0,1800.0,700.0,4200.0
hh_with_children,lowest_quintile,1987,10100.0,3200.0,1900.0,800.0,4300.0
hh_with_children,lowest_quintile,1988,9900.0,3100.0,1900.0,800.0,4100.0
hh_with_children,lowest_quintile,1989,10300.0,3500.0,2000.0,800.0,4000.0
hh_with_children,lowest_quintile,1990,11800.0,4200.0,2200.0,900.0,4400.0
hh_with_children,lowest_quintile,1991,12500.0,4700.0,2500.0,900.0,4400.0
hh_with_children,lowest_quintile,1992,12900.0,5200.0,2500.0,1100.0,4100.0
hh_with_children,lowest_quintile,1993,14000.0,5600.0,2600.0,1300.0,4500.0
hh_with_children,lowest_quintile,1994,13900.0,5500.0,2600.0,1500.0,4300.0
hh_with_children,lowest_quintile,1995,13800.0,5700.0,2500.0,1600.0,4000.0
hh_with_children,lowest_quintile,1996,12500.0,5300.0,2300.0,1600.0,3400.0
hh_with_children,lowest_quintile,1997,11400.0,5300.0,1900.0,1500.0,2800.0
hh_with_children,lowest_quintile,1998,11600.0,5800.0,1700.0,1400.0,2600.0
hh_with_children,lowest_quintile,1999,11400.0,6100.0,1600.0,1300.0,2400.0
hh_with_children,lowest_quintile,2000,10800.0,6300.0,1400.0,1300.0,1900.0
hh_with_children,lowest_quintile,2001,11500.0,6800.0,1500.0,1300.0,1900.0
hh_with_children,lowest_quintile,2002,12800.0,7900.0,1700.0,1300.0,2000.0
hh_with_children,lowest_quintile,2003,13500.0,8400.0,1900.0,1300.0,2000.0
hh_with_children,lowest_quintile,2004,13800.0,8700.0,2100.0,1300.0,1800.0
hh_with_children,lowest_quintile,2005,14000.0,8600.0,2200.0,1400.0,1900.0
hh_with_children,lowest_quintile,2006,13600.0,8400.0,2200.0,1200.0,1900.0
hh_with_children,lowest_quintile,2007,14300.0,8800.0,2300.0,1400.0,1900.0
hh_with_children,lowest_quintile,2008,15100.0,9300.0,2500.0,1300.0,2000.0
hh_with_children,lowest_quintile,2009,16800.0,9800.0,3400.0,1500.0,2100.0
hh_with_children,lowest_quintile,2010,17100.0,9800.0,3700.0,1400.0,2200.0
hh_with_children,lowest_quintile,2011,17100.0,9600.0,3800.0,1500.0,2300.0
hh_with_children,lowest_quintile,2012,17300.0,9800.0,3900.0,1500.0,2100.0
hh_with_children,lowest_quintile,2013,17800.0,10400.0,3700.0,1500.0,2100.0
hh_with_children,lowest_quintile,2014,19900.0,12900.0,3400.0,1500.0,2200.0
hh_with_children,lowest_quintile,2015,20700.0,13800.0,3300.0,1500.0,2100.0
hh_with_children,second_quintile,1979,1800.0,500.0,400.0,100.0,800.0
hh_with_children,second_quintile,1980,2100.0,600.0,500.0,100.0,900.0
hh_with_children,second_quintile,1981,2100.0,600.0,600.0,100.0,900.0
hh_with_children,second_quintile,1982,2100.0,600.0,500.0,100.0,800.0
hh_with_children,second_quintile,1983,1700.0,500.0,400.0,100.0,700.0
hh_with_children,second_quintile,1984,2000.0,600.0,400.0,100.0,800.0
hh_with_children,second_quintile,1985,1800.0,500.0,400.0,100.0,700.0
hh_with_children,second_quintile,1986,1900.0,600.0,400.0,100.0,800.0
hh_with_children,second_quintile,1987,1700.0,600.0,300.0,200.0,700.0
hh_with_children,second_quintile,1988,1600.0,600.0,300.0,100.0,700.0
hh_with_children,second_quintile,1989,1900.0,700.0,300.0,200.0,700.0
hh_with_children,second_quintile,1990,2200.0,900.0,400.0,200.0,700.0
hh_with_children,second_quintile,1991,2900.0,1200.0,600.0,200.0,800.0
hh_with_children,second_quintile,1992,3600.0,1600.0,700.0,400.0,900.0
hh_with_children,second_quintile,1993,4000.0,1900.0,700.0,400.0,1000.0
hh_with_children,second_quintile,1994,3900.0,1800.0,700.0,400.0,1000.0
hh_with_children,second_quintile,1995,3800.0,1900.0,700.0,400.0,800.0
hh_with_children,second_quintile,1996,3800.0,1900.0,700.0,400.0,800.0
hh_with_children,second_quintile,1997,3700.0,1900.0,600.0,400.0,800.0
hh_with_children,second_quintile,1998,4100.0,2400.0,500.0,400.0,800.0
hh_with_children,second_quintile,1999,4000.0,2600.0,400.0,400.0,700.0
hh_with_children,second_quintile,2000,4300.0,2900.0,400.0,300.0,700.0
hh_with_children,second_quintile,2001,4800.0,3400.0,400.0,400.0,700.0
hh_with_children,second_quintile,2002,5700.0,4000.0,500.0,400.0,700.0
hh_with_children,second_quintile,2003,6200.0,4500.0,600.0,400.0,700.0
hh_with_children,second_quintile,2004,6600.0,4800.0,700.0,400.0,600.0
hh_with_children,second_quintile,2005,6700.0,4800.0,800.0,400.0,700.0
hh_with_children,second_quintile,2006,6600.0,4700.0,800.0,400.0,700.0
hh_with_children,second_quintile,2007,6600.0,4800.0,800.0,400.0,700.0
hh_with_children,second_quintile,2008,7700.0,5500.0,1000.0,500.0,800.0
hh_with_children,second_quintile,2009,9100.0,6100.0,1600.0,500.0,800.0
hh_with_children,second_quintile,2010,9600.0,6400.0,1800.0,500.0,900.0
hh_with_children,second_quintile,2011,9700.0,6200.0,2100.0,500.0,900.0
hh_with_children,second_quintile,2012,9700.0,6300.0,2000.0,500.0,900.0
hh_with_children,second_quintile,2013,10300.0,6900.0,1900.0,500.0,900.0
hh_with_children,second_quintile,2014,11900.0,8700.0,1600.0,500.0,1000.0
hh_with_children,second_quintile,2015,13400.0,10200.0,1700.0,500.0,1100.0
hh_with_children,middle_quintile,1979,600.0,200.0,100.0,100.0,300.0
hh_with_children,middle_quintile,1980,700.0,200.0,100.0,,300.0
hh_with_children,middle_quintile,1981,700.0,200.0,100.0,100.0,300.0
hh_with_children,middle_quintile,1982,500.0,200.0,100.0,,200.0
hh_with_children,middle_quintile,1983,500.0,100.0,100.0,,200.0
hh_with_children,middle_quintile,1984,600.0,200.0,100.0,100.0,300.0
hh_with_children,middle_quintile,1985,500.0,200.0,100.0,100.0,200.0
hh_with_children,middle_quintile,1986,500.0,200.0,100.0,100.0,200.0
hh_with_children,middle_quintile,1987,500.0,200.0,,100.0,200.0
hh_with_children,middle_quintile,1988,600.0,300.0,100.0,100.0,200.0
hh_with_children,middle_quintile,1989,600.0,300.0,100.0,100.0,200.0
hh_with_children,middle_quintile,1990,700.0,400.0,100.0,100.0,200.0
hh_with_children,middle_quintile,1991,900.0,400.0,100.0,100.0,300.0
hh_with_children,middle_quintile,1992,1200.0,600.0,200.0,100.0,300.0
hh_with_children,middle_quintile,1993,1400.0,600.0,200.0,200.0,400.0
hh_with_children,middle_quintile,1994,1400.0,700.0,200.0,100.0,300.0
hh_with_children,middle_quintile,1995,1500.0,800.0,200.0,200.0,400.0
hh_with_children,middle_quintile,1996,1300.0,700.0,200.0,200.0,300.0
hh_with_children,middle_quintile,1997,1200.0,700.0,100.0,200.0,200.0
hh_with_children,middle_quintile,1998,1300.0,900.0,100.0,200.0,200.0
hh_with_children,middle_quintile,1999,1600.0,1100.0,100.0,200.0,200.0
hh_with_children,middle_quintile,2000,1700.0,1200.0,100.0,200.0,200.0
hh_with_children,middle_quintile,2001,2000.0,1500.0,100.0,200.0,200.0
hh_with_children,middle_quintile,2002,2400.0,1800.0,100.0,200.0,200.0
hh_with_children,middle_quintile,2003,2600.0,2100.0,100.0,200.0,300.0
hh_with_children,middle_quintile,2004,2800.0,2200.0,200.0,200.0,200.0
hh_with_children,middle_quintile,2005,2800.0,2200.0,200.0,200.0,200.0
hh_with_children,middle_quintile,2006,2700.0,2100.0,200.0,200.0,200.0
hh_with_children,middle_quintile,2007,2900.0,2300.0,200.0,200.0,200.0
hh_with_children,middle_quintile,2008,3200.0,2500.0,200.0,200.0,300.0
hh_with_children,middle_quintile,2009,4100.0,3100.0,400.0,300.0,300.0
hh_with_children,middle_quintile,2010,4400.0,3300.0,500.0,200.0,300.0
hh_with_children,middle_quintile,2011,4500.0,3300.0,600.0,200.0,400.0
hh_with_children,middle_quintile,2012,4500.0,3300.0,600.0,200.0,400.0
hh_with_children,middle_quintile,2013,4900.0,3700.0,600.0,300.0,400.0
hh_with_children,middle_quintile,2014,6100.0,5000.0,400.0,200.0,400.0
hh_with_children,middle_quintile,2015,7200.0,6000.0,500.0,300.0,400.0
hh_with_children,fourth_quintile,1979,400.0,100.0,,,200.0
hh_with_children,fourth_quintile,1980,300.0,100.0,,,200.0
hh_with_children,fourth_quintile,1981,300.0,100.0,,,200.0
hh_with_children,fourth_quintile,1982,300.0,100.0,,,100.0
hh_with_children,fourth_quintile,1983,200.0,100.0,,,100.0
hh_with_children,fourth_quintile,1984,300.0,100.0,,,100.0
hh_with_children,fourth_quintile,1985,300.0,100.0,,,100.0
hh_with_children,fourth_quintile,1986,300.0,100.0,,,200.0
hh_with_children,fourth_quintile,1987,300.0,100.0,,,100.0
hh_with_children,fourth_quintile,1988,300.0,100.0,,,100.0
hh_with_children,fourth_quintile,1989,300.0,100.0,,,100.0
hh_with_children,fourth_quintile,1990,400.0,200.0,,100.0,100.0
hh_with_children,fourth_quintile,1991,400.0,200.0,,100.0,100.0
hh_with_children,fourth_quintile,1992,600.0,300.0,100.0,100.0,200.0
hh_with_children,fourth_quintile,1993,500.0,300.0,100.0,100.0,200.0
hh_with_children,fourth_quintile,1994,700.0,400.0,100.0,100.0,200.0
hh_with_children,fourth_quintile,1995,700.0,400.0,100.0,100.0,200.0
hh_with_children,fourth_quintile,1996,600.0,300.0,,100.0,100.0
hh_with_children,fourth_quintile,1997,600.0,400.0,,100.0,100.0
hh_with_children,fourth_quintile,1998,600.0,400.0,,100.0,100.0
hh_with_children,fourth_quintile,1999,700.0,500.0,,100.0,100.0
hh_with_children,fourth_quintile,2000,800.0,600.0,,100.0,100.0
hh_with_children,fourth_quintile,2001,800.0,700.0,,100.0,100.0
hh_with_children,fourth_quintile,2002,1000.0,800.0,,100.0,100.0
hh_with_children,fourth_quintile,2003,1100.0,900.0,,100.0,100.0
hh_with_children,fourth_quintile,2004,1300.0,1000.0,,100.0,100.0
hh_with_children,fourth_quintile,2005,1200.0,1000.0,,100.0,100.0
hh_with_children,fourth_quintile,2006,1300.0,1000.0,,100.0,100.0
hh_with_children,fourth_quintile,2007,1400.0,1100.0,,100.0,100.0
hh_with_children,fourth_quintile,2008,1500.0,1200.0,,100.0,100.0
hh_with_children,fourth_quintile,2009,1800.0,1500.0,100.0,100.0,100.0
hh_with_children,fourth_quintile,2010,1900.0,1500.0,200.0,100.0,100.0
hh_with_children,fourth_quintile,2011,1800.0,1400.0,100.0,100.0,200.0
hh_with_children,fourth_quintile,2012,1800.0,1400.0,100.0,100.0,200.0
hh_with_children,fourth_quintile,2013,1900.0,1500.0,200.0,100.0,200.0
hh_with_children,fourth_quintile,2014,2800.0,2300.0,200.0,100.0,200.0
hh_with_children,fourth_quintile,2015,3100.0,2600.0,100.0,100.0,200.0
hh_with_children,highest_quintile,1979,300.0,100.0,,,200.0
hh_with_children,highest_quintile,1980,300.0,100.0,,,200.0
hh_with_children,highest_quintile,1981,200.0,100.0,,,100.0
hh_with_children,highest_quintile,1982,200.0,100.0,,,100.0
hh_with_children,highest_quintile,1983,200.0,,,,100.0
hh_with_children,highest_quintile,1984,200.0,100.0,,,100.0
hh_with_children,highest_quintile,1985,200.0,100.0,,,100.0
hh_with_children,highest_quintile,1986,200.0,100.0,,,100.0
hh_with_children,highest_quintile,1987,200.0,100.0,,,100.0
hh_with_children,highest_quintile,1988,200.0,100.0,,,100.0
hh_with_children,highest_quintile,1989,300.0,100.0,,,100.0
hh_with_children,highest_quintile,1990,300.0,100.0,,,100.0
hh_with_children,highest_quintile,1991,400.0,200.0,,,200.0
hh_with_children,highest_quintile,1992,400.0,200.0,,100.0,100.0
hh_with_children,highest_quintile,1993,400.0,200.0,,100.0,100.0
hh_with_children,highest_quintile,1994,500.0,300.0,,100.0,100.0
hh_with_children,highest_quintile,1995,500.0,300.0,,100.0,100.0
hh_with_children,highest_quintile,1996,300.0,200.0,,,100.0
hh_with_children,highest_quintile,1997,300.0,200.0,,100.0,100.0
hh_with_children,highest_quintile,1998,400.0,200.0,,,100.0
hh_with_children,highest_quintile,1999,400.0,300.0,,100.0,100.0
hh_with_children,highest_quintile,2000,500.0,300.0,,,100.0
hh_with_children,highest_quintile,2001,600.0,400.0,,100.0,100.0
hh_with_children,highest_quintile,2002,600.0,500.0,,100.0,100.0
hh_with_children,highest_quintile,2003,600.0,500.0,,,100.0
hh_with_children,highest_quintile,2004,700.0,600.0,,100.0,100.0
hh_with_children,highest_quintile,2005,700.0,500.0,,100.0,100.0
hh_with_children,highest_quintile,2006,700.0,600.0,,100.0,100.0
hh_with_children,highest_quintile,2007,800.0,600.0,,100.0,100.0
hh_with_children,highest_quintile,2008,900.0,700.0,,100.0,100.0
hh_with_children,highest_quintile,2009,1000.0,700.0,,100.0,100.0
hh_with_children,highest_quintile,2010,1000.0,700.0,100.0,100.0,100.0
hh_with_children,highest_quintile,2011,900.0,700.0,,100.0,100.0
hh_with_children,highest_quintile,2012,900.0,700.0,,,100.0
hh_with_children,highest_quintile,2013,800.0,600.0,,,100.0
hh_with_children,highest_quintile,2014,1300.0,1000.0,100.0,,100.0
hh_with_children,highest_quintile,2015,1600.0,1300.0,100.0,100.0,100.0
hh_with_children,percentiles_81_90,1979,300.0,100.0,,,200.0
hh_with_children,percentiles_81_90,1980,300.0,100.0,,,200.0
hh_with_children,percentiles_81_90,1981,200.0,100.0,,,100.0
hh_with_children,percentiles_81_90,1982,200.0,100.0,,,100.0
hh_with_children,percentiles_81_90,1983,200.0,,,,100.0
hh_with_children,percentiles_81_90,1984,200.0,100.0,,,100.0
hh_with_children,percentiles_81_90,1985,200.0,100.0,,,100.0
hh_with_children,percentiles_81_90,1986,200.0,,,,100.0
hh_with_children,percentiles_81_90,1987,200.0,,,,100.0
hh_with_children,percentiles_81_90,1988,200.0,100.0,,,100.0
hh_with_children,percentiles_81_90,1989,300.0,100.0,,,100.0
hh_with_children,percentiles_81_90,1990,300.0,100.0,,,100.0
hh_with_children,percentiles_81_90,1991,400.0,200.0,,,100.0
hh_with_children,percentiles_81_90,1992,400.0,200.0,,100.0,100.0
hh_with_children,percentiles_81_90,1993,400.0,200.0,,100.0,100.0
hh_with_children,percentiles_81_90,1994,500.0,200.0,,100.0,100.0
hh_with_children,percentiles_81_90,1995,500.0,300.0,,100.0,100.0
hh_with_children,percentiles_81_90,1996,400.0,200.0,,100.0,100.0
hh_with_children,percentiles_81_90,1997,400.0,200.0,,100.0,100.0
hh_with_children,percentiles_81_90,1998,400.0,200.0,,,100.0
hh_with_children,percentiles_81_90,1999,500.0,300.0,,100.0,100.0
hh_with_children,percentiles_81_90,2000,600.0,400.0,,100.0,100.0
hh_with_children,percentiles_81_90,2001,600.0,400.0,,100.0,100.0
hh_with_children,percentiles_81_90,2002,600.0,500.0,,100.0,100.0
hh_with_children,percentiles_81_90,2003,700.0,600.0,,,100.0
hh_with_children,percentiles_81_90,2004,900.0,700.0,,100.0,100.0
hh_with_children,percentiles_81_90,2005,700.0,600.0,,100.0,100.0
hh_with_children,percentiles_81_90,2006,800.0,600.0,,100.0,100.0
hh_with_children,percentiles_81_90,2007,900.0,700.0,,100.0,100.0
hh_with_children,percentiles_81_90,2008,900.0,700.0,,100.0,100.0
hh_with_children,percentiles_81_90,2009,1000.0,800.0,,100.0,100.0
hh_with_children,percentiles_81_90,2010,1200.0,900.0,100.0,100.0,100.0
hh_with_children,percentiles_81_90,2011,1000.0,800.0,,100.0,100.0
hh_with_children,percentiles_81_90,2012,900.0,700.0,,,100.0
hh_with_children,percentiles_81_90,2013,900.0,700.0,,100.0,100.0
hh_with_children,percentiles_81_90,2014,1400.0,1100.0,100.0,100.0,100.0
hh_with_children,percentiles_81_90,2015,1600.0,1400.0,100.0,100.0,100.0
hh_with_children,percentiles_91_95,1979,200.0,100.0,,,100.0
hh_with_children,percentiles_91_95,1980,300.0,100.0,,,100.0
hh_with_children,percentiles_91_95,1981,200.0,,,,100.0
hh_with_children,percentiles_91_95,1982,200.0,100.0,,,100.0
hh_with_children,percentiles_91_95,1983,200.0,100.0,,,100.0
hh_with_children,percentiles_91_95,1984,200.0,,,,100.0
hh_with_children,percentiles_91_95,1985,200.0,,,,100.0
hh_with_children,percentiles_91_95,1986,200.0,,,,100.0
hh_with_children,percentiles_91_95,1987,100.0,,,,100.0
hh_with_children,percentiles_91_95,1988,200.0,100.0,,,100.0
hh_with_children,percentiles_91_95,1989,300.0,100.0,,100.0,100.0
hh_with_children,percentiles_91_95,1990,200.0,100.0,,100.0,100.0
hh_with_children,percentiles_91_95,1991,300.0,100.0,,,200.0
hh_with_children,percentiles_91_95,1992,400.0,200.0,,100.0,100.0
hh_with_children,percentiles_91_95,1993,300.0,100.0,,100.0,100.0
hh_with_children,percentiles_91_95,1994,500.0,300.0,,100.0,100.0
hh_with_children,percentiles_91_95,1995,400.0,300.0,,100.0,100.0
hh_with_children,percentiles_91_95,1996,300.0,200.0,,,100.0
hh_with_children,percentiles_91_95,1997,300.0,200.0,,100.0,100.0
hh_with_children,percentiles_91_95,1998,300.0,200.0,,,100.0
hh_with_children,percentiles_91_95,1999,400.0,300.0,,100.0,100.0
hh_with_children,percentiles_91_95,2000,400.0,300.0,,,100.0
hh_with_children,percentiles_91_95,2001,500.0,300.0,,100.0,100.0
hh_with_children,percentiles_91_95,2002,500.0,400.0,,,100.0
hh_with_children,percentiles_91_95,2003,500.0,400.0,,100.0,100.0
hh_with_children,percentiles_91_95,2004,700.0,500.0,,100.0,100.0
hh_with_children,percentiles_91_95,2005,700.0,600.0,,100.0,100.0
hh_with_children,percentiles_91_95,2006,600.0,500.0,,,100.0
hh_with_children,percentiles_91_95,2007,800.0,700.0,,100.0,100.0
hh_with_children,percentiles_91_95,2008,1000.0,800.0,,100.0,100.0
hh_with_children,percentiles_91_95,2009,900.0,700.0,,100.0,100.0
hh_with_children,percentiles_91_95,2010,900.0,600.0,100.0,100.0,100.0
hh_with_children,percentiles_91_95,2011,700.0,600.0,,,100.0
hh_with_children,percentiles_91_95,2012,800.0,700.0,,,100.0
hh_with_children,percentiles_91_95,2013,700.0,600.0,,,100.0
hh_with_children,percentiles_91_95,2014,1100.0,900.0,,100.0,100.0
hh_with_children,percentiles_91_95,2015,1600.0,1300.0,100.0,100.0,100.0
hh_with_children,percentiles_96_99,1979,300.0,100.0,,,200.0
hh_with_children,percentiles_96_99,1980,200.0,100.0,,,100.0
hh_with_children,percentiles_96_99,1981,300.0,100.0,,,200.0
hh_with_children,percentiles_96_99,1982,200.0,,,,100.0
hh_with_children,percentiles_96_99,1983,200.0,100.0,,,100.0
hh_with_children,percentiles_96_99,1984,200.0,,,,100.0
hh_with_children,percentiles_96_99,1985,300.0,100.0,,,100.0
hh_with_children,percentiles_96_99,1986,300.0,100.0,,,200.0
hh_with_children,percentiles_96_99,1987,300.0,100.0,,,100.0
hh_with_children,percentiles_96_99,1988,300.0,100.0,,,100.0
hh_with_children,percentiles_96_99,1989,200.0,100.0,,,100.0
hh_with_children,percentiles_96_99,1990,300.0,100.0,,,100.0
hh_with_children,percentiles_96_99,1991,500.0,200.0,,100.0,200.0
hh_with_children,percentiles_96_99,1992,300.0,200.0,,,100.0
hh_with_children,percentiles_96_99,1993,400.0,200.0,,100.0,100.0
hh_with_children,percentiles_96_99,1994,500.0,300.0,,100.0,100.0
hh_with_children,percentiles_96_99,1995,500.0,300.0,,100.0,100.0
hh_with_children,percentiles_96_99,1996,300.0,200.0,,,100.0
hh_with_children,percentiles_96_99,1997,300.0,200.0,,,100.0
hh_with_children,percentiles_96_99,1998,400.0,200.0,,100.0,100.0
hh_with_children,percentiles_96_99,1999,400.0,200.0,,,100.0
hh_with_children,percentiles_96_99,2000,300.0,200.0,,,100.0
hh_with_children,percentiles_96_99,2001,500.0,400.0,,,100.0
hh_with_children,percentiles_96_99,2002,500.0,400.0,,100.0,100.0
hh_with_children,percentiles_96_99,2003,600.0,500.0,,,100.0
hh_with_children,percentiles_96_99,2004,500.0,400.0,,,100.0
hh_with_children,percentiles_96_99,2005,700.0,500.0,,100.0,100.0
hh_with_children,percentiles_96_99,2006,700.0,600.0,,,100.0
hh_with_children,percentiles_96_99,2007,800.0,600.0,,100.0,100.0
hh_with_children,percentiles_96_99,2008,800.0,600.0,,100.0,100.0
hh_with_children,percentiles_96_99,2009,800.0,700.0,,,100.0
hh_with_children,percentiles_96_99,2010,800.0,500.0,100.0,100.0,100.0
hh_with_children,percentiles_96_99,2011,900.0,800.0,,100.0,100.0
hh_with_children,percentiles_96_99,2012,800.0,600.0,,,100.0
hh_with_children,percentiles_96_99,2013,700.0,500.0,,,100.0
hh_with_children,percentiles_96_99,2014,1100.0,900.0,,,100.0
hh_with_children,percentiles_96_99,2015,1500.0,1200.0,100.0,100.0,100.0
hh_with_children,top_1_percent,1979,400.0,100.0,,,300.0
hh_with_children,top_1_percent,1980,500.0,100.0,100.0,,200.0
hh_with_children,top_1_percent,1981,500.0,200.0,100.0,,300.0
hh_with_children,top_1_percent,1982,400.0,200.0,,,200.0
hh_with_children,top_1_percent,1983,600.0,200.0,100.0,,300.0
hh_with_children,top_1_percent,1984,400.0,100.0,100.0,,200.0
hh_with_children,top_1_percent,1985,700.0,200.0,100.0,,300.0
hh_with_children,top_1_percent,1986,700.0,200.0,100.0,200.0,300.0
hh_with_children,top_1_percent,1987,400.0,200.0,,,200.0
hh_with_children,top_1_percent,1988,300.0,100.0,100.0,,100.0
hh_with_children,top_1_percent,1989,600.0,200.0,,200.0,100.0
hh_with_children,top_1_percent,1990,400.0,200.0,,,200.0
hh_with_children,top_1_percent,1991,700.0,300.0,100.0,100.0,200.0
hh_with_children,top_1_percent,1992,400.0,200.0,,,100.0
hh_with_children,top_1_percent,1993,700.0,300.0,100.0,100.0,200.0
hh_with_children,top_1_percent,1994,500.0,300.0,,100.0,100.0
hh_with_children,top_1_percent,1995,1000.0,600.0,100.0,100.0,200.0
hh_with_children,top_1_percent,1996,400.0,300.0,100.0,,100.0
hh_with_children,top_1_percent,1997,200.0,100.0,,,100.0
hh_with_children,top_1_percent,1998,600.0,400.0,,100.0,100.0
hh_with_children,top_1_percent,1999,600.0,400.0,,100.0,100.0
hh_with_children,top_1_percent,2000,200.0,100.0,,,100.0
hh_with_children,top_1_percent,2001,800.0,600.0,,100.0,100.0
hh_with_children,top_1_percent,2002,900.0,600.0,,100.0,200.0
hh_with_children,top_1_percent,2003,800.0,600.0,,100.0,100.0
hh_with_children,top_1_percent,2004,700.0,500.0,,,100.0
hh_with_children,top_1_percent,2005,600.0,500.0,,,100.0
hh_with_children,top_1_percent,2006,600.0,400.0,,100.0,100.0
hh_with_children,top_1_percent,2007,700.0,500.0,,,100.0
hh_with_children,top_1_percent,2008,1300.0,900.0,100.0,100.0,200.0
hh_with_children,top_1_percent,2009,1100.0,800.0,100.0,100.0,200.0
hh_with_children,top_1_percent,2010,1200.0,800.0,100.0,200.0,100.0
hh_with_children,top_1_percent,2011,1200.0,1000.0,,100.0,100.0
hh_with_children,top_1_percent,2012,1000.0,700.0,100.0,100.0,100.0
hh_with_children,top_1_percent,2013,1000.0,800.0,,,100.0
hh_with_children,top_1_percent,2014,1700.0,1400.0,100.0,100.0,100.0
hh_with_children,top_1_percent,2015,1800.0,1400.0,100.0,100.0,100.0
elderly_headed_hh,all_quintiles,1979,900.0,400.0,100.0,300.0,200.0
elderly_headed_hh,all_quintiles,1980,1000.0,400.0,100.0,200.0,200.0
elderly_headed_hh,all_quintiles,1981,1000.0,400.0,100.0,200.0,200.0
elderly_headed_hh,all_quintiles,1982,900.0,400.0,100.0,200.0,200.0
elderly_headed_hh,all_quintiles,1983,1000.0,500.0,100.0,200.0,200.0
elderly_headed_hh,all_quintiles,1984,1000.0,500.0,100.0,200.0,200.0
elderly_headed_hh,all_quintiles,1985,1100.0,500.0,100.0,200.0,200.0
elderly_headed_hh,all_quintiles,1986,1100.0,500.0,100.0,200.0,200.0
elderly_headed_hh,all_quintiles,1987,1100.0,500.0,100.0,200.0,200.0
elderly_headed_hh,all_quintiles,1988,1100.0,500.0,100.0,200.0,300.0
elderly_headed_hh,all_quintiles,1989,1100.0,500.0,100.0,200.0,200.0
elderly_headed_hh,all_quintiles,1990,1200.0,600.0,100.0,200.0,200.0
elderly_headed_hh,all_quintiles,1991,1300.0,700.0,100.0,300.0,200.0
elderly_headed_hh,all_quintiles,1992,1400.0,700.0,100.0,300.0,200.0
elderly_headed_hh,all_quintiles,1993,1400.0,800.0,100.0,300.0,200.0
elderly_headed_hh,all_quintiles,1994,1500.0,800.0,100.0,300.0,200.0
elderly_headed_hh,all_quintiles,1995,1500.0,900.0,100.0,300.0,200.0
elderly_headed_hh,all_quintiles,1996,1500.0,900.0,100.0,300.0,200.0
elderly_headed_hh,all_quintiles,1997,1500.0,1000.0,100.0,300.0,200.0
elderly_headed_hh,all_quintiles,1998,1700.0,1100.0,100.0,300.0,200.0
elderly_headed_hh,all_quintiles,1999,1700.0,1100.0,100.0,300.0,200.0
elderly_headed_hh,all_quintiles,2000,1800.0,1200.0,100.0,300.0,200.0
elderly_headed_hh,all_quintiles,2001,1900.0,1300.0,100.0,300.0,200.0
elderly_headed_hh,all_quintiles,2002,2100.0,1500.0,100.0,300.0,200.0
elderly_headed_hh,all_quintiles,2003,2200.0,1600.0,100.0,300.0,200.0
elderly_headed_hh,all_quintiles,2004,2300.0,1700.0,100.0,300.0,100.0
elderly_headed_hh,all_quintiles,2005,2200.0,1600.0,100.0,300.0,200.0
elderly_headed_hh,all_quintiles,2006,2100.0,1300.0,100.0,300.0,400.0
elderly_headed_hh,all_quintiles,2007,2200.0,1300.0,100.0,300.0,400.0
elderly_headed_hh,all_quintiles,2008,2300.0,1400.0,100.0,300.0,400.0
elderly_headed_hh,all_quintiles,2009,2500.0,1500.0,200.0,300.0,500.0
elderly_headed_hh,all_quintiles,2010,2500.0,1500.0,200.0,300.0,400.0
elderly_headed_hh,all_quintiles,2011,2300.0,1400.0,300.0,300.0,400.0
elderly_headed_hh,all_quintiles,2012,2300.0,1400.0,300.0,300.0,400.0
elderly_headed_hh,all_quintiles,2013,2300.0,1300.0,300.0,300.0,400.0
elderly_headed_hh,all_quintiles,2014,2600.0,1500.0,300.0,300.0,500.0
elderly_headed_hh,all_quintiles,2015,2700.0,1600.0,300.0,300.0,600.0
elderly_headed_hh,lowest_quintile,1979,1400.0,600.0,200.0,400.0,300.0
elderly_headed_hh,lowest_quintile,1980,1500.0,600.0,200.0,400.0,300.0
elderly_headed_hh,lowest_quintile,1981,1700.0,700.0,300.0,400.0,300.0
elderly_headed_hh,lowest_quintile,1982,1700.0,800.0,200.0,400.0,300.0
elderly_headed_hh,lowest_quintile,1983,1900.0,900.0,200.0,500.0,400.0
elderly_headed_hh,lowest_quintile,1984,1900.0,900.0,200.0,400.0,400.0
elderly_headed_hh,lowest_quintile,1985,2100.0,1000.0,200.0,400.0,400.0
elderly_headed_hh,lowest_quintile,1986,2000.0,1000.0,200.0,400.0,500.0
elderly_headed_hh,lowest_quintile,1987,2000.0,1000.0,100.0,400.0,500.0
elderly_headed_hh,lowest_quintile,1988,2100.0,1000.0,200.0,500.0,500.0
elderly_headed_hh,lowest_quintile,1989,2100.0,1100.0,200.0,500.0,400.0
elderly_headed_hh,lowest_quintile,1990,2300.0,1100.0,200.0,500.0,500.0
elderly_headed_hh,lowest_quintile,1991,2400.0,1300.0,200.0,500.0,500.0
elderly_headed_hh,lowest_quintile,1992,2700.0,1400.0,300.0,600.0,400.0
elderly_headed_hh,lowest_quintile,1993,2700.0,1400.0,200.0,600.0,400.0
elderly_headed_hh,lowest_quintile,1994,2600.0,1400.0,200.0,600.0,400.0
elderly_headed_hh,lowest_quintile,1995,2600.0,1500.0,200.0,600.0,300.0
elderly_headed_hh,lowest_quintile,1996,2700.0,1500.0,200.0,600.0,400.0
elderly_headed_hh,lowest_quintile,1997,2700.0,1600.0,200.0,600.0,400.0
elderly_headed_hh,lowest_quintile,1998,3000.0,1900.0,100.0,600.0,400.0
elderly_headed_hh,lowest_quintile,1999,3100.0,2000.0,100.0,600.0,300.0
elderly_headed_hh,lowest_quintile,2000,3200.0,2000.0,200.0,600.0,300.0
elderly_headed_hh,lowest_quintile,2001,3400.0,2200.0,200.0,600.0,400.0
elderly_headed_hh,lowest_quintile,2002,3500.0,2400.0,200.0,600.0,400.0
elderly_headed_hh,lowest_quintile,2003,3700.0,2600.0,200.0,600.0,300.0
elderly_headed_hh,lowest_quintile,2004,3800.0,2800.0,200.0,600.0,300.0
elderly_headed_hh,lowest_quintile,2005,3600.0,2600.0,200.0,500.0,300.0
elderly_headed_hh,lowest_quintile,2006,3500.0,2000.0,200.0,500.0,700.0
elderly_headed_hh,lowest_quintile,2007,3400.0,1900.0,200.0,500.0,800.0
elderly_headed_hh,lowest_quintile,2008,3800.0,2300.0,300.0,500.0,700.0
elderly_headed_hh,lowest_quintile,2009,4200.0,2400.0,400.0,500.0,900.0
elderly_headed_hh,lowest_quintile,2010,4200.0,2400.0,500.0,500.0,800.0
elderly_headed_hh,lowest_quintile,2011,4100.0,2200.0,500.0,500.0,800.0
elderly_headed_hh,lowest_quintile,2012,4200.0,2300.0,500.0,500.0,800.0
elderly_headed_hh,lowest_quintile,2013,4000.0,2100.0,500.0,500.0,900.0
elderly_headed_hh,lowest_quintile,2014,4400.0,2500.0,500.0,500.0,1000.0
elderly_headed_hh,lowest_quintile,2015,4500.0,2400.0,500.0,500.0,1100.0
elderly_headed_hh,second_quintile,1979,300.0,100.0,,100.0,
elderly_headed_hh,second_quintile,1980,300.0,200.0,,100.0,
elderly_headed_hh,second_quintile,1981,300.0,100.0,,100.0,100.0
elderly_headed_hh,second_quintile,1982,300.0,200.0,,100.0,100.0
elderly_headed_hh,second_quintile,1983,400.0,200.0,,100.0,100.0
elderly_headed_hh,second_quintile,1984,300.0,100.0,,100.0,100.0
elderly_headed_hh,second_quintile,1985,300.0,200.0,,100.0,100.0
elderly_headed_hh,second_quintile,1986,400.0,200.0,,100.0,100.0
elderly_headed_hh,second_quintile,1987,400.0,200.0,,100.0,100.0
elderly_headed_hh,second_quintile,1988,400.0,200.0,,100.0,100.0
elderly_headed_hh,second_quintile,1989,300.0,200.0,,100.0,100.0
elderly_headed_hh,second_quintile,1990,400.0,200.0,,100.0,100.0
elderly_headed_hh,second_quintile,1991,500.0,300.0,,100.0,100.0
elderly_headed_hh,second_quintile,1992,500.0,300.0,,100.0,100.0
elderly_headed_hh,second_quintile,1993,600.0,400.0,,100.0,100.0
elderly_headed_hh,second_quintile,1994,700.0,400.0,,100.0,100.0
elderly_headed_hh,second_quintile,1995,800.0,500.0,,100.0,100.0
elderly_headed_hh,second_quintile,1996,800.0,600.0,,200.0,
elderly_headed_hh,second_quintile,1997,800.0,600.0,,100.0,
elderly_headed_hh,second_quintile,1998,800.0,600.0,,100.0,
elderly_headed_hh,second_quintile,1999,900.0,700.0,,200.0,100.0
elderly_headed_hh,second_quintile,2000,1100.0,800.0,,200.0,100.0
elderly_headed_hh,second_quintile,2001,1100.0,900.0,,100.0,100.0
elderly_headed_hh,second_quintile,2002,1100.0,800.0,,200.0,100.0
elderly_headed_hh,second_quintile,2003,1200.0,1000.0,,100.0,100.0
elderly_headed_hh,second_quintile,2004,1400.0,1100.0,,100.0,
elderly_headed_hh,second_quintile,2005,1500.0,1200.0,,200.0,100.0
elderly_headed_hh,second_quintile,2006,1400.0,1000.0,,200.0,200.0
elderly_headed_hh,second_quintile,2007,1700.0,1200.0,100.0,200.0,300.0
elderly_headed_hh,second_quintile,2008,1600.0,1100.0,100.0,200.0,200.0
elderly_headed_hh,second_quintile,2009,1700.0,1200.0,100.0,200.0,200.0
elderly_headed_hh,second_quintile,2010,1800.0,1200.0,100.0,200.0,300.0
elderly_headed_hh,second_quintile,2011,1800.0,1200.0,200.0,200.0,300.0
elderly_headed_hh,second_quintile,2012,1700.0,1100.0,100.0,200.0,300.0
elderly_headed_hh,second_quintile,2013,1900.0,1200.0,200.0,200.0,300.0
elderly_headed_hh,second_quintile,2014,2000.0,1300.0,100.0,200.0,300.0
elderly_headed_hh,second_quintile,2015,2000.0,1300.0,200.0,200.0,400.0
elderly_headed_hh,middle_quintile,1979,300.0,100.0,,100.0,
elderly_headed_hh,middle_quintile,1980,200.0,100.0,,100.0,
elderly_headed_hh,middle_quintile,1981,200.0,100.0,,100.0,
elderly_headed_hh,middle_quintile,1982,200.0,100.0,,,
elderly_headed_hh,middle_quintile,1983,200.0,100.0,,100.0,
elderly_headed_hh,middle_quintile,1984,200.0,100.0,,,
elderly_headed_hh,middle_quintile,1985,200.0,100.0,,100.0,
elderly_headed_hh,middle_quintile,1986,300.0,200.0,,100.0,
elderly_headed_hh,middle_quintile,1987,200.0,100.0,,,
elderly_headed_hh,middle_quintile,1988,300.0,100.0,,100.0,100.0
elderly_headed_hh,middle_quintile,1989,200.0,100.0,,100.0,
elderly_headed_hh,middle_quintile,1990,200.0,100.0,,100.0,
elderly_headed_hh,middle_quintile,1991,200.0,100.0,,100.0,
elderly_headed_hh,middle_quintile,1992,400.0,200.0,,100.0,
elderly_headed_hh,middle_quintile,1993,400.0,200.0,,100.0,
elderly_headed_hh,middle_quintile,1994,500.0,300.0,,100.0,
elderly_headed_hh,middle_quintile,1995,500.0,400.0,,100.0,
elderly_headed_hh,middle_quintile,1996,600.0,400.0,,100.0,
elderly_headed_hh,middle_quintile,1997,700.0,500.0,,100.0,
elderly_headed_hh,middle_quintile,1998,700.0,500.0,,100.0,
elderly_headed_hh,middle_quintile,1999,600.0,500.0,,100.0,
elderly_headed_hh,middle_quintile,2000,700.0,500.0,,100.0,
elderly_headed_hh,middle_quintile,2001,700.0,600.0,,100.0,
elderly_headed_hh,middle_quintile,2002,1000.0,800.0,,100.0,
elderly_headed_hh,middle_quintile,2003,1000.0,900.0,,100.0,
elderly_headed_hh,middle_quintile,2004,1100.0,900.0,,100.0,
elderly_headed_hh,middle_quintile,2005,1100.0,1000.0,,100.0,
elderly_headed_hh,middle_quintile,2006,1100.0,900.0,,100.0,100.0
elderly_headed_hh,middle_quintile,2007,1400.0,1000.0,,200.0,200.0
elderly_headed_hh,middle_quintile,2008,1100.0,800.0,,200.0,100.0
elderly_headed_hh,middle_quintile,2009,1300.0,900.0,,100.0,200.0
elderly_headed_hh,middle_quintile,2010,1200.0,900.0,100.0,100.0,100.0
elderly_headed_hh,middle_quintile,2011,1100.0,800.0,100.0,100.0,100.0
elderly_headed_hh,middle_quintile,2012,1000.0,700.0,100.0,100.0,100.0
elderly_headed_hh,middle_quintile,2013,1000.0,700.0,100.0,100.0,200.0
elderly_headed_hh,middle_quintile,2014,1400.0,1000.0,100.0,100.0,200.0
elderly_headed_hh,middle_quintile,2015,1500.0,1000.0,100.0,200.0,200.0
elderly_headed_hh,fourth_quintile,1979,200.0,100.0,,100.0,
elderly_headed_hh,fourth_quintile,1980,200.0,100.0,,100.0,
elderly_headed_hh,fourth_quintile,1981,200.0,100.0,,100.0,
elderly_headed_hh,fourth_quintile,1982,100.0,100.0,,,
elderly_headed_hh,fourth_quintile,1983,100.0,100.0,,,
elderly_headed_hh,fourth_quintile,1984,200.0,100.0,,,
elderly_headed_hh,fourth_quintile,1985,200.0,100.0,,100.0,
elderly_headed_hh,fourth_quintile,1986,100.0,100.0,,100.0,
elderly_headed_hh,fourth_quintile,1987,100.0,100.0,,,
elderly_headed_hh,fourth_quintile,1988,200.0,100.0,0.0,,100.0
elderly_headed_hh,fourth_quintile,1989,200.0,100.0,,100.0,
elderly_headed_hh,fourth_quintile,1990,100.0,100.0,,,
elderly_headed_hh,fourth_quintile,1991,200.0,100.0,,,
elderly_headed_hh,fourth_quintile,1992,200.0,100.0,,100.0,
elderly_headed_hh,fourth_quintile,1993,400.0,300.0,,100.0,
elderly_headed_hh,fourth_quintile,1994,300.0,200.0,,,
elderly_headed_hh,fourth_quintile,1995,400.0,300.0,,100.0,
elderly_headed_hh,fourth_quintile,1996,500.0,400.0,,100.0,
elderly_headed_hh,fourth_quintile,1997,500.0,400.0,,100.0,
elderly_headed_hh,fourth_quintile,1998,600.0,500.0,,100.0,
elderly_headed_hh,fourth_quintile,1999,600.0,400.0,,100.0,
elderly_headed_hh,fourth_quintile,2000,700.0,600.0,,100.0,
elderly_headed_hh,fourth_quintile,2001,600.0,500.0,,100.0,
elderly_headed_hh,fourth_quintile,2002,800.0,700.0,,100.0,
elderly_headed_hh,fourth_quintile,2003,800.0,700.0,,100.0,
elderly_headed_hh,fourth_quintile,2004,800.0,700.0,,100.0,
elderly_headed_hh,fourth_quintile,2005,800.0,700.0,,100.0,
elderly_headed_hh,fourth_quintile,2006,900.0,700.0,,100.0,100.0
elderly_headed_hh,fourth_quintile,2007,1000.0,700.0,,100.0,200.0
elderly_headed_hh,fourth_quintile,2008,700.0,500.0,,100.0,100.0
elderly_headed_hh,fourth_quintile,2009,1000.0,700.0,,100.0,100.0
elderly_headed_hh,fourth_quintile,2010,1100.0,800.0,,100.0,100.0
elderly_headed_hh,fourth_quintile,2011,700.0,500.0,,100.0,100.0
elderly_headed_hh,fourth_quintile,2012,800.0,600.0,,100.0,100.0
elderly_headed_hh,fourth_quintile,2013,700.0,500.0,,100.0,100.0
elderly_headed_hh,fourth_quintile,2014,1000.0,700.0,,100.0,100.0
elderly_headed_hh,fourth_quintile,2015,1100.0,800.0,100.0,100.0,100.0
elderly_headed_hh,highest_quintile,1979,100.0,100.0,,,
elderly_headed_hh,highest_quintile,1980,100.0,,0.0,,
elderly_headed_hh,highest_quintile,1981,100.0,100.0,,,
elderly_headed_hh,highest_quintile,1982,100.0,100.0,,,
elderly_headed_hh,highest_quintile,1983,100.0,,,,
elderly_headed_hh,highest_quintile,1984,100.0,,,,
elderly_headed_hh,highest_quintile,1985,100.0,,,,
elderly_headed_hh,highest_quintile,1986,100.0,100.0,,,
elderly_headed_hh,highest_quintile,1987,100.0,,,,
elderly_headed_hh,highest_quintile,1988,100.0,,0.0,,
elderly_headed_hh,highest_quintile,1989,100.0,,,,
elderly_headed_hh,highest_quintile,1990,200.0,100.0,0.0,,100.0
elderly_headed_hh,highest_quintile,1991,100.0,100.0,0.0,,
elderly_headed_hh,highest_quintile,1992,200.0,100.0,,100.0,
elderly_headed_hh,highest_quintile,1993,100.0,,,,
elderly_headed_hh,highest_quintile,1994,300.0,300.0,,,
elderly_headed_hh,highest_quintile,1995,300.0,200.0,,100.0,
elderly_headed_hh,highest_quintile,1996,400.0,400.0,,100.0,
elderly_headed_hh,highest_quintile,1997,400.0,300.0,,,
elderly_headed_hh,highest_quintile,1998,500.0,300.0,,100.0,
elderly_headed_hh,highest_quintile,1999,400.0,300.0,,100.0,
elderly_headed_hh,highest_quintile,2000,600.0,500.0,,100.0,
elderly_headed_hh,highest_quintile,2001,400.0,400.0,,,
elderly_headed_hh,highest_quintile,2002,500.0,500.0,,100.0,
elderly_headed_hh,highest_quintile,2003,500.0,500.0,,,
elderly_headed_hh,highest_quintile,2004,600.0,500.0,,100.0,
elderly_headed_hh,highest_quintile,2005,600.0,500.0,,100.0,
elderly_headed_hh,highest_quintile,2006,700.0,600.0,,100.0,100.0
elderly_headed_hh,highest_quintile,2007,900.0,600.0,,100.0,100.0
elderly_headed_hh,highest_quintile,2008,700.0,600.0,,100.0,100.0
elderly_headed_hh,highest_quintile,2009,700.0,600.0,,100.0,100.0
elderly_headed_hh,highest_quintile,2010,600.0,500.0,,100.0,100.0
elderly_headed_hh,highest_quintile,2011,500.0,400.0,,,100.0
elderly_headed_hh,highest_quintile,2012,500.0,300.0,,100.0,100.0
elderly_headed_hh,highest_quintile,2013,500.0,400.0,,100.0,
elderly_headed_hh,highest_quintile,2014,600.0,400.0,,,100.0
elderly_headed_hh,highest_quintile,2015,600.0,500.0,,,100.0
elderly_headed_hh,percentiles_81_90,1979,100.0,100.0,,,0.0
elderly_headed_hh,percentiles_81_90,1980,100.0,,0.0,,0.0
elderly_headed_hh,percentiles_81_90,1981,100.0,100.0,,,
elderly_headed_hh,percentiles_81_90,1982,200.0,100.0,,100.0,
elderly_headed_hh,percentiles_81_90,1983,100.0,,0.0,,
elderly_headed_hh,percentiles_81_90,1984,100.0,,0.0,,
elderly_headed_hh,percentiles_81_90,1985,100.0,,,,
elderly_headed_hh,percentiles_81_90,1986,200.0,100.0,0.0,100.0,0.0
elderly_headed_hh,percentiles_81_90,1987,100.0,,,,
elderly_headed_hh,percentiles_81_90,1988,100.0,100.0,,,
elderly_headed_hh,percentiles_81_90,1989,100.0,,,,
elderly_headed_hh,percentiles_81_90,1990,100.0,100.0,0.0,,
elderly_headed_hh,percentiles_81_90,1991,100.0,100.0,0.0,,
elderly_headed_hh,percentiles_81_90,1992,200.0,100.0,,100.0,
elderly_headed_hh,percentiles_81_90,1993,100.0,100.0,,,
elderly_headed_hh,percentiles_81_90,1994,300.0,200.0,,100.0,
elderly_headed_hh,percentiles_81_90,1995,300.0,200.0,,,
elderly_headed_hh,percentiles_81_90,1996,500.0,400.0,,100.0,
elderly_headed_hh,percentiles_81_90,1997,400.0,300.0,,,
elderly_headed_hh,percentiles_81_90,1998,400.0,300.0,,100.0,
elderly_headed_hh,percentiles_81_90,1999,400.0,300.0,,100.0,
elderly_headed_hh,percentiles_81_90,2000,600.0,500.0,,100.0,
elderly_headed_hh,percentiles_81_90,2001,400.0,400.0,,100.0,
elderly_headed_hh,percentiles_81_90,2002,600.0,500.0,,,
elderly_headed_hh,percentiles_81_90,2003,400.0,400.0,,,
elderly_headed_hh,percentiles_81_90,2004,700.0,600.0,,100.0,
elderly_headed_hh,percentiles_81_90,2005,700.0,600.0,,100.0,
elderly_headed_hh,percentiles_81_90,2006,800.0,600.0,,100.0,100.0
elderly_headed_hh,percentiles_81_90,2007,1000.0,800.0,,100.0,100.0
elderly_headed_hh,percentiles_81_90,2008,700.0,500.0,,100.0,100.0
elderly_headed_hh,percentiles_81_90,2009,700.0,500.0,,100.0,100.0
elderly_headed_hh,percentiles_81_90,2010,700.0,500.0,,100.0,100.0
elderly_headed_hh,percentiles_81_90,2011,600.0,400.0,,100.0,100.0
elderly_headed_hh,percentiles_81_90,2012,600.0,400.0,,100.0,100.0
elderly_headed_hh,percentiles_81_90,2013,400.0,300.0,,100.0,
elderly_headed_hh,percentiles_81_90,2014,600.0,500.0,,,100.0
elderly_headed_hh,percentiles_81_90,2015,600.0,500.0,,,100.0
elderly_headed_hh,percentiles_91_95,1979,100.0,,,,0.0
elderly_headed_hh,percentiles_91_95,1980,100.0,100.0,0.0,100.0,
elderly_headed_hh,percentiles_91_95,1981,100.0,,0.0,100.0,
elderly_headed_hh,percentiles_91_95,1982,100.0,100.0,0.0,,0.0
elderly_headed_hh,percentiles_91_95,1983,100.0,100.0,,,
elderly_headed_hh,percentiles_91_95,1984,100.0,,0.0,,
elderly_headed_hh,percentiles_91_95,1985,100.0,,0.0,,
elderly_headed_hh,percentiles_91_95,1986,100.0,,0.0,,
elderly_headed_hh,percentiles_91_95,1987,100.0,,0.0,,
elderly_headed_hh,percentiles_91_95,1988,,,0.0,,
elderly_headed_hh,percentiles_91_95,1989,300.0,100.0,,,200.0
elderly_headed_hh,percentiles_91_95,1990,200.0,100.0,0.0,100.0,
elderly_headed_hh,percentiles_91_95,1991,100.0,,0.0,,
elderly_headed_hh,percentiles_91_95,1992,200.0,100.0,0.0,100.0,
elderly_headed_hh,percentiles_91_95,1993,100.0,,,,
elderly_headed_hh,percentiles_91_95,1994,400.0,400.0,0.0,100.0,
elderly_headed_hh,percentiles_91_95,1995,400.0,300.0,,100.0,
elderly_headed_hh,percentiles_91_95,1996,400.0,400.0,,100.0,
elderly_headed_hh,percentiles_91_95,1997,500.0,400.0,,,
elderly_headed_hh,percentiles_91_95,1998,600.0,500.0,,100.0,
elderly_headed_hh,percentiles_91_95,1999,600.0,500.0,,100.0,
elderly_headed_hh,percentiles_91_95,2000,700.0,600.0,,100.0,
elderly_headed_hh,percentiles_91_95,2001,600.0,500.0,0.0,,
elderly_headed_hh,percentiles_91_95,2002,500.0,400.0,,,
elderly_headed_hh,percentiles_91_95,2003,500.0,400.0,,100.0,
elderly_headed_hh,percentiles_91_95,2004,500.0,500.0,,,
elderly_headed_hh,percentiles_91_95,2005,500.0,400.0,,100.0,
elderly_headed_hh,percentiles_91_95,2006,700.0,500.0,,100.0,100.0
elderly_headed_hh,percentiles_91_95,2007,800.0,600.0,,100.0,100.0
elderly_headed_hh,percentiles_91_95,2008,800.0,600.0,,100.0,100.0
elderly_headed_hh,percentiles_91_95,2009,800.0,600.0,,,100.0
elderly_headed_hh,percentiles_91_95,2010,500.0,400.0,,,100.0
elderly_headed_hh,percentiles_91_95,2011,300.0,200.0,,,
elderly_headed_hh,percentiles_91_95,2012,500.0,400.0,,100.0,100.0
elderly_headed_hh,percentiles_91_95,2013,600.0,500.0,,100.0,100.0
elderly_headed_hh,percentiles_91_95,2014,700.0,500.0,,100.0,100.0
elderly_headed_hh,percentiles_91_95,2015,500.0,400.0,,,100.0
elderly_headed_hh,percentiles_96_99,1979,100.0,100.0,0.0,,
elderly_headed_hh,percentiles_96_99,1980,100.0,,,,0.0
elderly_headed_hh,percentiles_96_99,1981,100.0,,,100.0,
elderly_headed_hh,percentiles_96_99,1982,,,0.0,,
elderly_headed_hh,percentiles_96_99,1983,100.0,,,100.0,
elderly_headed_hh,percentiles_96_99,1984,100.0,,,,
elderly_headed_hh,percentiles_96_99,1985,100.0,100.0,,,
elderly_headed_hh,percentiles_96_99,1986,100.0,100.0,,,
elderly_headed_hh,percentiles_96_99,1987,100.0,,,100.0,
elderly_headed_hh,percentiles_96_99,1988,100.0,,0.0,,
elderly_headed_hh,percentiles_96_99,1989,,,0.0,,
elderly_headed_hh,percentiles_96_99,1990,200.0,,0.0,,200.0
elderly_headed_hh,percentiles_96_99,1991,100.0,,0.0,,100.0
elderly_headed_hh,percentiles_96_99,1992,100.0,100.0,,,
elderly_headed_hh,percentiles_96_99,1993,,,0.0,,0.0
elderly_headed_hh,percentiles_96_99,1994,300.0,300.0,,,
elderly_headed_hh,percentiles_96_99,1995,200.0,200.0,,,
elderly_headed_hh,percentiles_96_99,1996,300.0,200.0,,,
elderly_headed_hh,percentiles_96_99,1997,400.0,300.0,,100.0,
elderly_headed_hh,percentiles_96_99,1998,300.0,200.0,0.0,,
elderly_headed_hh,percentiles_96_99,1999,300.0,300.0,,,
elderly_headed_hh,percentiles_96_99,2000,600.0,500.0,,100.0,
elderly_headed_hh,percentiles_96_99,2001,300.0,300.0,0.0,,
elderly_headed_hh,percentiles_96_99,2002,600.0,500.0,,100.0,
elderly_headed_hh,percentiles_96_99,2003,700.0,600.0,,100.0,
elderly_headed_hh,percentiles_96_99,2004,600.0,600.0,,100.0,
elderly_headed_hh,percentiles_96_99,2005,700.0,600.0,,100.0,
elderly_headed_hh,percentiles_96_99,2006,600.0,500.0,,100.0,100.0
elderly_headed_hh,percentiles_96_99,2007,800.0,600.0,,100.0,100.0
elderly_headed_hh,percentiles_96_99,2008,700.0,600.0,,,100.0
elderly_headed_hh,percentiles_96_99,2009,700.0,500.0,,100.0,100.0
elderly_headed_hh,percentiles_96_99,2010,600.0,500.0,,,
elderly_headed_hh,percentiles_96_99,2011,500.0,500.0,,,
elderly_headed_hh,percentiles_96_99,2012,300.0,200.0,,,100.0
elderly_headed_hh,percentiles_96_99,2013,400.0,300.0,,100.0,
elderly_headed_hh,percentiles_96_99,2014,400.0,300.0,,,100.0
elderly_headed_hh,percentiles_96_99,2015,700.0,500.0,,,100.0
elderly_headed_hh,top_1_percent,1979,100.0,100.0,,,
elderly_headed_hh,top_1_percent,1980,,,0.0,,
elderly_headed_hh,top_1_percent,1981,100.0,,0.0,,
elderly_headed_hh,top_1_percent,1982,100.0,,0.0,,
elderly_headed_hh,top_1_percent,1983,,,0.0,,
elderly_headed_hh,top_1_percent,1984,,,0.0,,
elderly_headed_hh,top_1_percent,1985,,,0.0,,
elderly_headed_hh,top_1_percent,1986,100.0,,0.0,,
elderly_headed_hh,top_1_percent,1987,,,,,
elderly_headed_hh,top_1_percent,1988,200.0,,0.0,,100.0
elderly_headed_hh,top_1_percent,1989,100.0,100.0,0.0,,
elderly_headed_hh,top_1_percent,1990,100.0,,,,100.0
elderly_headed_hh,top_1_percent,1991,100.0,,,,
elderly_headed_hh,top_1_percent,1992,300.0,100.0,,100.0,
elderly_headed_hh,top_1_percent,1993,,,,,0.0
elderly_headed_hh,top_1_percent,1994,200.0,200.0,,,
elderly_headed_hh,top_1_percent,1995,300.0,,,300.0,
elderly_headed_hh,top_1_percent,1996,500.0,400.0,,,
elderly_headed_hh,top_1_percent,1997,300.0,300.0,0.0,,
elderly_headed_hh,top_1_percent,1998,600.0,300.0,,100.0,200.0
elderly_headed_hh,top_1_percent,1999,100.0,100.0,,,
elderly_headed_hh,top_1_percent,2000,700.0,600.0,,100.0,
elderly_headed_hh,top_1_percent,2001,300.0,200.0,,100.0,
elderly_headed_hh,top_1_percent,2002,400.0,400.0,,,0.0
elderly_headed_hh,top_1_percent,2003,500.0,500.0,,,
elderly_headed_hh,top_1_percent,2004,500.0,500.0,,,
elderly_headed_hh,top_1_percent,2005,400.0,300.0,,,
elderly_headed_hh,top_1_percent,2006,800.0,600.0,,100.0,100.0
elderly_headed_hh,top_1_percent,2007,300.0,200.0,,,
elderly_headed_hh,top_1_percent,2008,700.0,600.0,,100.0,100.0
elderly_headed_hh,top_1_percent,2009,600.0,400.0,,100.0,100.0
elderly_headed_hh,top_1_percent,2010,900.0,700.0,,100.0,100.0
elderly_headed_hh,top_1_percent,2011,800.0,600.0,,100.0,100.0
elderly_headed_hh,top_1_percent,2012,400.0,200.0,,100.0,100.0
elderly_headed_hh,top_1_percent,2013,300.0,200.0,,,
elderly_headed_hh,top_1_percent,2014,800.0,600.0,,100.0,100.0
elderly_headed_hh,top_1_percent,2015,800.0,700.0,,,100.0
nonelderly_childless_hh,all_quintiles,1979,600.0,200.0,100.0,200.0,100.0
nonelderly_childless_hh,all_quintiles,1980,700.0,200.0,100.0,300.0,100.0
nonelderly_childless_hh,all_quintiles,1981,700.0,200.0,100.0,300.0,100.0
nonelderly_childless_hh,all_quintiles,1982,700.0,200.0,100.0,200.0,100.0
nonelderly_childless_hh,all_quintiles,1983,700.0,200.0,100.0,200.0,100.0
nonelderly_childless_hh,all_quintiles,1984,700.0,200.0,100.0,300.0,100.0
nonelderly_childless_hh,all_quintiles,1985,700.0,300.0,100.0,300.0,100.0
nonelderly_childless_hh,all_quintiles,1986,800.0,300.0,100.0,300.0,100.0
nonelderly_childless_hh,all_quintiles,1987,800.0,300.0,100.0,300.0,100.0
nonelderly_childless_hh,all_quintiles,1988,800.0,300.0,100.0,300.0,100.0
nonelderly_childless_hh,all_quintiles,1989,900.0,400.0,100.0,300.0,100.0
nonelderly_childless_hh,all_quintiles,1990,900.0,400.0,100.0,300.0,100.0
nonelderly_childless_hh,all_quintiles,1991,1000.0,500.0,100.0,300.0,100.0
nonelderly_childless_hh,all_quintiles,1992,1200.0,600.0,100.0,300.0,100.0
nonelderly_childless_hh,all_quintiles,1993,1200.0,600.0,100.0,400.0,200.0
nonelderly_childless_hh,all_quintiles,1994,1300.0,700.0,100.0,400.0,100.0
nonelderly_childless_hh,all_quintiles,1995,1400.0,800.0,100.0,400.0,100.0
nonelderly_childless_hh,all_quintiles,1996,1400.0,800.0,100.0,400.0,100.0
nonelderly_childless_hh,all_quintiles,1997,1500.0,900.0,100.0,400.0,100.0
nonelderly_childless_hh,all_quintiles,1998,1600.0,1000.0,100.0,400.0,100.0
nonelderly_childless_hh,all_quintiles,1999,1700.0,1100.0,100.0,400.0,100.0
nonelderly_childless_hh,all_quintiles,2000,1800.0,1200.0,100.0,400.0,100.0
nonelderly_childless_hh,all_quintiles,2001,1900.0,1300.0,100.0,400.0,100.0
nonelderly_childless_hh,all_quintiles,2002,2100.0,1500.0,100.0,400.0,100.0
nonelderly_childless_hh,all_quintiles,2003,2200.0,1600.0,100.0,400.0,100.0
nonelderly_childless_hh,all_quintiles,2004,2300.0,1700.0,100.0,400.0,100.0
nonelderly_childless_hh,all_quintiles,2005,2400.0,1700.0,100.0,400.0,100.0
nonelderly_childless_hh,all_quintiles,2006,2300.0,1600.0,100.0,400.0,200.0
nonelderly_childless_hh,all_quintiles,2007,2400.0,1600.0,100.0,400.0,200.0
nonelderly_childless_hh,all_quintiles,2008,2500.0,1700.0,200.0,400.0,200.0
nonelderly_childless_hh,all_quintiles,2009,2800.0,1900.0,200.0,500.0,200.0
nonelderly_childless_hh,all_quintiles,2010,2900.0,1900.0,300.0,500.0,200.0
nonelderly_childless_hh,all_quintiles,2011,3000.0,2000.0,300.0,500.0,200.0
nonelderly_childless_hh,all_quintiles,2012,3100.0,2000.0,400.0,500.0,200.0
nonelderly_childless_hh,all_quintiles,2013,3200.0,2100.0,400.0,500.0,200.0
nonelderly_childless_hh,all_quintiles,2014,3700.0,2600.0,300.0,500.0,300.0
nonelderly_childless_hh,all_quintiles,2015,4000.0,2800.0,300.0,500.0,300.0
nonelderly_childless_hh,lowest_quintile,1979,3200.0,1000.0,400.0,1300.0,500.0
nonelderly_childless_hh,lowest_quintile,1980,3400.0,1100.0,400.0,1300.0,600.0
nonelderly_childless_hh,lowest_quintile,1981,3600.0,1100.0,600.0,1400.0,600.0
nonelderly_childless_hh,lowest_quintile,1982,3600.0,1200.0,500.0,1300.0,600.0
nonelderly_childless_hh,lowest_quintile,1983,3800.0,1200.0,500.0,1300.0,700.0
nonelderly_childless_hh,lowest_quintile,1984,3400.0,1100.0,400.0,1200.0,700.0
nonelderly_childless_hh,lowest_quintile,1985,3800.0,1300.0,500.0,1300.0,800.0
nonelderly_childless_hh,lowest_quintile,1986,3900.0,1400.0,400.0,1500.0,700.0
nonelderly_childless_hh,lowest_quintile,1987,4000.0,1500.0,400.0,1500.0,700.0
nonelderly_childless_hh,lowest_quintile,1988,4600.0,1700.0,400.0,1600.0,800.0
nonelderly_childless_hh,lowest_quintile,1989,4600.0,1900.0,400.0,1500.0,700.0
nonelderly_childless_hh,lowest_quintile,1990,4700.0,1900.0,500.0,1500.0,800.0
nonelderly_childless_hh,lowest_quintile,1991,5300.0,2400.0,500.0,1700.0,700.0
nonelderly_childless_hh,lowest_quintile,1992,5800.0,2700.0,600.0,1800.0,800.0
nonelderly_childless_hh,lowest_quintile,1993,6000.0,2800.0,600.0,1800.0,800.0
nonelderly_childless_hh,lowest_quintile,1994,6700.0,3400.0,600.0,1900.0,700.0
nonelderly_childless_hh,lowest_quintile,1995,6500.0,3500.0,600.0,1800.0,700.0
nonelderly_childless_hh,lowest_quintile,1996,6700.0,3500.0,600.0,1900.0,700.0
nonelderly_childless_hh,lowest_quintile,1997,6800.0,3800.0,500.0,1900.0,700.0
nonelderly_childless_hh,lowest_quintile,1998,6900.0,4100.0,400.0,1900.0,600.0
nonelderly_childless_hh,lowest_quintile,1999,6900.0,4300.0,300.0,1700.0,500.0
nonelderly_childless_hh,lowest_quintile,2000,7700.0,4900.0,400.0,1800.0,600.0
nonelderly_childless_hh,lowest_quintile,2001,8200.0,5400.0,400.0,1800.0,600.0
nonelderly_childless_hh,lowest_quintile,2002,8200.0,5500.0,400.0,1700.0,600.0
nonelderly_childless_hh,lowest_quintile,2003,8700.0,5900.0,500.0,1700.0,600.0
nonelderly_childless_hh,lowest_quintile,2004,8700.0,6100.0,500.0,1600.0,500.0
nonelderly_childless_hh,lowest_quintile,2005,8800.0,6000.0,600.0,1600.0,500.0
nonelderly_childless_hh,lowest_quintile,2006,9100.0,6000.0,600.0,1700.0,800.0
nonelderly_childless_hh,lowest_quintile,2007,8500.0,5600.0,500.0,1600.0,800.0
nonelderly_childless_hh,lowest_quintile,2008,9000.0,5900.0,600.0,1700.0,800.0
nonelderly_childless_hh,lowest_quintile,2009,10100.0,6400.0,1000.0,1800.0,900.0
nonelderly_childless_hh,lowest_quintile,2010,10000.0,6300.0,1100.0,1800.0,900.0
nonelderly_childless_hh,lowest_quintile,2011,10100.0,6200.0,1200.0,1800.0,900.0
nonelderly_childless_hh,lowest_quintile,2012,10500.0,6400.0,1300.0,1900.0,900.0
nonelderly_childless_hh,lowest_quintile,2013,11000.0,6900.0,1300.0,1900.0,900.0
nonelderly_childless_hh,lowest_quintile,2014,12000.0,7900.0,1200.0,1900.0,1000.0
nonelderly_childless_hh,lowest_quintile,2015,12200.0,8200.0,1100.0,1800.0,1100.0
nonelderly_childless_hh,second_quintile,1979,600.0,200.0,100.0,200.0,100.0
nonelderly_childless_hh,second_quintile,1980,600.0,200.0,100.0,200.0,100.0
nonelderly_childless_hh,second_quintile,1981,700.0,200.0,100.0,200.0,100.0
nonelderly_childless_hh,second_quintile,1982,600.0,200.0,100.0,200.0,100.0
nonelderly_childless_hh,second_quintile,1983,600.0,200.0,100.0,200.0,100.0
nonelderly_childless_hh,second_quintile,1984,600.0,200.0,100.0,200.0,100.0
nonelderly_childless_hh,second_quintile,1985,500.0,200.0,100.0,200.0,100.0
nonelderly_childless_hh,second_quintile,1986,600.0,200.0,100.0,200.0,100.0
nonelderly_childless_hh,second_quintile,1987,800.0,300.0,100.0,300.0,100.0
nonelderly_childless_hh,second_quintile,1988,700.0,300.0,,200.0,100.0
nonelderly_childless_hh,second_quintile,1989,800.0,400.0,100.0,300.0,100.0
nonelderly_childless_hh,second_quintile,1990,900.0,400.0,100.0,300.0,100.0
nonelderly_childless_hh,second_quintile,1991,1000.0,500.0,100.0,300.0,100.0
nonelderly_childless_hh,second_quintile,1992,1300.0,600.0,200.0,300.0,100.0
nonelderly_childless_hh,second_quintile,1993,1500.0,800.0,200.0,400.0,200.0
nonelderly_childless_hh,second_quintile,1994,1400.0,800.0,100.0,300.0,200.0
nonelderly_childless_hh,second_quintile,1995,1500.0,900.0,100.0,400.0,100.0
nonelderly_childless_hh,second_quintile,1996,1400.0,800.0,100.0,300.0,100.0
nonelderly_childless_hh,second_quintile,1997,1200.0,800.0,100.0,300.0,100.0
nonelderly_childless_hh,second_quintile,1998,1600.0,1100.0,100.0,300.0,100.0
nonelderly_childless_hh,second_quintile,1999,1900.0,1300.0,100.0,400.0,100.0
nonelderly_childless_hh,second_quintile,2000,1800.0,1300.0,100.0,300.0,100.0
nonelderly_childless_hh,second_quintile,2001,2100.0,1500.0,100.0,400.0,100.0
nonelderly_childless_hh,second_quintile,2002,2100.0,1600.0,100.0,300.0,100.0
nonelderly_childless_hh,second_quintile,2003,2400.0,1900.0,100.0,300.0,100.0
nonelderly_childless_hh,second_quintile,2004,2600.0,1900.0,100.0,400.0,100.0
nonelderly_childless_hh,second_quintile,2005,2700.0,2100.0,100.0,400.0,100.0
nonelderly_childless_hh,second_quintile,2006,2500.0,1800.0,100.0,400.0,200.0
nonelderly_childless_hh,second_quintile,2007,2500.0,1800.0,100.0,400.0,200.0
nonelderly_childless_hh,second_quintile,2008,2600.0,1900.0,200.0,400.0,200.0
nonelderly_childless_hh,second_quintile,2009,3200.0,2200.0,300.0,400.0,200.0
nonelderly_childless_hh,second_quintile,2010,3500.0,2400.0,400.0,500.0,200.0
nonelderly_childless_hh,second_quintile,2011,3600.0,2400.0,500.0,500.0,200.0
nonelderly_childless_hh,second_quintile,2012,3900.0,2700.0,500.0,500.0,200.0
nonelderly_childless_hh,second_quintile,2013,3700.0,2500.0,500.0,500.0,200.0
nonelderly_childless_hh,second_quintile,2014,4600.0,3300.0,500.0,500.0,300.0
nonelderly_childless_hh,second_quintile,2015,5000.0,3800.0,400.0,400.0,400.0
nonelderly_childless_hh,middle_quintile,1979,300.0,100.0,,100.0,
nonelderly_childless_hh,middle_quintile,1980,200.0,100.0,,100.0,
nonelderly_childless_hh,middle_quintile,1981,200.0,100.0,,100.0,
nonelderly_childless_hh,middle_quintile,1982,200.0,100.0,,100.0,
nonelderly_childless_hh,middle_quintile,1983,300.0,100.0,,100.0,100.0
nonelderly_childless_hh,middle_quintile,1984,300.0,100.0,,100.0,
nonelderly_childless_hh,middle_quintile,1985,200.0,100.0,,100.0,
nonelderly_childless_hh,middle_quintile,1986,300.0,100.0,,100.0,
nonelderly_childless_hh,middle_quintile,1987,400.0,100.0,,100.0,100.0
nonelderly_childless_hh,middle_quintile,1988,300.0,100.0,,100.0,
nonelderly_childless_hh,middle_quintile,1989,300.0,200.0,,100.0,100.0
nonelderly_childless_hh,middle_quintile,1990,400.0,200.0,,200.0,100.0
nonelderly_childless_hh,middle_quintile,1991,500.0,300.0,,200.0,100.0
nonelderly_childless_hh,middle_quintile,1992,500.0,300.0,,200.0,100.0
nonelderly_childless_hh,middle_quintile,1993,600.0,300.0,,200.0,100.0
nonelderly_childless_hh,middle_quintile,1994,600.0,300.0,,100.0,100.0
nonelderly_childless_hh,middle_quintile,1995,600.0,400.0,,100.0,100.0
nonelderly_childless_hh,middle_quintile,1996,600.0,400.0,,200.0,100.0
nonelderly_childless_hh,middle_quintile,1997,600.0,400.0,,100.0,100.0
nonelderly_childless_hh,middle_quintile,1998,700.0,500.0,,200.0,
nonelderly_childless_hh,middle_quintile,1999,800.0,600.0,,200.0,
nonelderly_childless_hh,middle_quintile,2000,800.0,600.0,,200.0,
nonelderly_childless_hh,middle_quintile,2001,900.0,600.0,,200.0,100.0
nonelderly_childless_hh,middle_quintile,2002,1100.0,800.0,,200.0,100.0
nonelderly_childless_hh,middle_quintile,2003,1100.0,800.0,,200.0,
nonelderly_childless_hh,middle_quintile,2004,1200.0,900.0,,200.0,
nonelderly_childless_hh,middle_quintile,2005,1100.0,900.0,,200.0,
nonelderly_childless_hh,middle_quintile,2006,1100.0,800.0,,200.0,100.0
nonelderly_childless_hh,middle_quintile,2007,1200.0,1000.0,,200.0,100.0
nonelderly_childless_hh,middle_quintile,2008,1200.0,900.0,100.0,200.0,100.0
nonelderly_childless_hh,middle_quintile,2009,1500.0,1100.0,100.0,200.0,100.0
nonelderly_childless_hh,middle_quintile,2010,1400.0,1000.0,100.0,200.0,100.0
nonelderly_childless_hh,middle_quintile,2011,1600.0,1200.0,100.0,200.0,100.0
nonelderly_childless_hh,middle_quintile,2012,1600.0,1100.0,100.0,200.0,100.0
nonelderly_childless_hh,middle_quintile,2013,1600.0,1100.0,100.0,200.0,100.0
nonelderly_childless_hh,middle_quintile,2014,2000.0,1500.0,100.0,200.0,100.0
nonelderly_childless_hh,middle_quintile,2015,2400.0,1900.0,100.0,200.0,200.0
nonelderly_childless_hh,fourth_quintile,1979,100.0,100.0,,,
nonelderly_childless_hh,fourth_quintile,1980,100.0,,,100.0,
nonelderly_childless_hh,fourth_quintile,1981,200.0,100.0,,100.0,
nonelderly_childless_hh,fourth_quintile,1982,100.0,,,,
nonelderly_childless_hh,fourth_quintile,1983,200.0,100.0,,100.0,
nonelderly_childless_hh,fourth_quintile,1984,200.0,100.0,,100.0,
nonelderly_childless_hh,fourth_quintile,1985,200.0,100.0,,100.0,
nonelderly_childless_hh,fourth_quintile,1986,200.0,100.0,,100.0,
nonelderly_childless_hh,fourth_quintile,1987,200.0,100.0,,100.0,
nonelderly_childless_hh,fourth_quintile,1988,100.0,100.0,,,
nonelderly_childless_hh,fourth_quintile,1989,200.0,100.0,,100.0,
nonelderly_childless_hh,fourth_quintile,1990,200.0,100.0,,100.0,
nonelderly_childless_hh,fourth_quintile,1991,200.0,100.0,,100.0,
nonelderly_childless_hh,fourth_quintile,1992,300.0,200.0,,100.0,
nonelderly_childless_hh,fourth_quintile,1993,300.0,200.0,,100.0,
nonelderly_childless_hh,fourth_quintile,1994,400.0,200.0,,100.0,
nonelderly_childless_hh,fourth_quintile,1995,300.0,200.0,,100.0,
nonelderly_childless_hh,fourth_quintile,1996,300.0,200.0,,100.0,
nonelderly_childless_hh,fourth_quintile,1997,400.0,300.0,,100.0,
nonelderly_childless_hh,fourth_quintile,1998,400.0,300.0,,100.0,
nonelderly_childless_hh,fourth_quintile,1999,400.0,300.0,,100.0,
nonelderly_childless_hh,fourth_quintile,2000,400.0,300.0,,100.0,
nonelderly_childless_hh,fourth_quintile,2001,400.0,300.0,,100.0,
nonelderly_childless_hh,fourth_quintile,2002,500.0,400.0,,100.0,
nonelderly_childless_hh,fourth_quintile,2003,500.0,400.0,,100.0,
nonelderly_childless_hh,fourth_quintile,2004,600.0,500.0,,100.0,
nonelderly_childless_hh,fourth_quintile,2005,600.0,500.0,,100.0,
nonelderly_childless_hh,fourth_quintile,2006,600.0,500.0,,100.0,
nonelderly_childless_hh,fourth_quintile,2007,600.0,500.0,,100.0,
nonelderly_childless_hh,fourth_quintile,2008,700.0,500.0,,100.0,
nonelderly_childless_hh,fourth_quintile,2009,700.0,600.0,,100.0,
nonelderly_childless_hh,fourth_quintile,2010,700.0,500.0,,100.0,
nonelderly_childless_hh,fourth_quintile,2011,700.0,500.0,,100.0,
nonelderly_childless_hh,fourth_quintile,2012,800.0,600.0,,100.0,
nonelderly_childless_hh,fourth_quintile,2013,700.0,500.0,,100.0,
nonelderly_childless_hh,fourth_quintile,2014,1000.0,800.0,100.0,100.0,100.0
nonelderly_childless_hh,fourth_quintile,2015,1300.0,1000.0,100.0,100.0,100.0
nonelderly_childless_hh,highest_quintile,1979,100.0,,,,
nonelderly_childless_hh,highest_quintile,1980,100.0,,,,
nonelderly_childless_hh,highest_quintile,1981,100.0,,,,
nonelderly_childless_hh,highest_quintile,1982,100.0,,,,
nonelderly_childless_hh,highest_quintile,1983,100.0,,,,
nonelderly_childless_hh,highest_quintile,1984,100.0,,,,
nonelderly_childless_hh,highest_quintile,1985,100.0,,,,
nonelderly_childless_hh,highest_quintile,1986,100.0,,,,
nonelderly_childless_hh,highest_quintile,1987,100.0,,,,
nonelderly_childless_hh,highest_quintile,1988,100.0,,,,
nonelderly_childless_hh,highest_quintile,1989,100.0,100.0,,,
nonelderly_childless_hh,highest_quintile,1990,200.0,100.0,,100.0,
nonelderly_childless_hh,highest_quintile,1991,100.0,100.0,,,
nonelderly_childless_hh,highest_quintile,1992,100.0,100.0,,,
nonelderly_childless_hh,highest_quintile,1993,200.0,100.0,,100.0,
nonelderly_childless_hh,highest_quintile,1994,200.0,100.0,,100.0,
nonelderly_childless_hh,highest_quintile,1995,200.0,100.0,,,
nonelderly_childless_hh,highest_quintile,1996,200.0,100.0,,,
nonelderly_childless_hh,highest_quintile,1997,200.0,100.0,,,
nonelderly_childless_hh,highest_quintile,1998,200.0,200.0,,,
nonelderly_childless_hh,highest_quintile,1999,200.0,200.0,,,
nonelderly_childless_hh,highest_quintile,2000,200.0,200.0,,,
nonelderly_childless_hh,highest_quintile,2001,200.0,200.0,,100.0,
nonelderly_childless_hh,highest_quintile,2002,200.0,200.0,,,
nonelderly_childless_hh,highest_quintile,2003,300.0,200.0,,,
nonelderly_childless_hh,highest_quintile,2004,300.0,200.0,,100.0,
nonelderly_childless_hh,highest_quintile,2005,400.0,300.0,,100.0,
nonelderly_childless_hh,highest_quintile,2006,400.0,300.0,,100.0,
nonelderly_childless_hh,highest_quintile,2007,300.0,300.0,,100.0,
nonelderly_childless_hh,highest_quintile,2008,300.0,300.0,,100.0,
nonelderly_childless_hh,highest_quintile,2009,400.0,300.0,,100.0,
nonelderly_childless_hh,highest_quintile,2010,400.0,300.0,,100.0,
nonelderly_childless_hh,highest_quintile,2011,400.0,300.0,,100.0,
nonelderly_childless_hh,highest_quintile,2012,400.0,300.0,,100.0,
nonelderly_childless_hh,highest_quintile,2013,300.0,300.0,,,
nonelderly_childless_hh,highest_quintile,2014,500.0,400.0,,100.0,
nonelderly_childless_hh,highest_quintile,2015,700.0,500.0,,100.0,
nonelderly_childless_hh,percentiles_81_90,1979,100.0,,,,
nonelderly_childless_hh,percentiles_81_90,1980,100.0,,,,
nonelderly_childless_hh,percentiles_81_90,1981,100.0,,,100.0,
nonelderly_childless_hh,percentiles_81_90,1982,100.0,,,,
nonelderly_childless_hh,percentiles_81_90,1983,100.0,,,,
nonelderly_childless_hh,percentiles_81_90,1984,100.0,,,,
nonelderly_childless_hh,percentiles_81_90,1985,100.0,,,100.0,
nonelderly_childless_hh,percentiles_81_90,1986,100.0,,,,
nonelderly_childless_hh,percentiles_81_90,1987,100.0,,,,
nonelderly_childless_hh,percentiles_81_90,1988,100.0,,,,
nonelderly_childless_hh,percentiles_81_90,1989,100.0,100.0,,,
nonelderly_childless_hh,percentiles_81_90,1990,200.0,100.0,,100.0,
nonelderly_childless_hh,percentiles_81_90,1991,100.0,100.0,,100.0,
nonelderly_childless_hh,percentiles_81_90,1992,200.0,100.0,,,
nonelderly_childless_hh,percentiles_81_90,1993,200.0,100.0,,100.0,
nonelderly_childless_hh,percentiles_81_90,1994,200.0,100.0,,100.0,
nonelderly_childless_hh,percentiles_81_90,1995,200.0,100.0,,100.0,
nonelderly_childless_hh,percentiles_81_90,1996,200.0,100.0,,100.0,
nonelderly_childless_hh,percentiles_81_90,1997,200.0,100.0,,,
nonelderly_childless_hh,percentiles_81_90,1998,300.0,200.0,,100.0,
nonelderly_childless_hh,percentiles_81_90,1999,200.0,200.0,,,
nonelderly_childless_hh,percentiles_81_90,2000,300.0,200.0,,100.0,
nonelderly_childless_hh,percentiles_81_90,2001,300.0,200.0,,100.0,
nonelderly_childless_hh,percentiles_81_90,2002,300.0,200.0,,,
nonelderly_childless_hh,percentiles_81_90,2003,300.0,200.0,,100.0,
nonelderly_childless_hh,percentiles_81_90,2004,400.0,300.0,,100.0,
nonelderly_childless_hh,percentiles_81_90,2005,400.0,300.0,,100.0,
nonelderly_childless_hh,percentiles_81_90,2006,400.0,300.0,,100.0,
nonelderly_childless_hh,percentiles_81_90,2007,400.0,300.0,,100.0,
nonelderly_childless_hh,percentiles_81_90,2008,400.0,300.0,,100.0,
nonelderly_childless_hh,percentiles_81_90,2009,400.0,300.0,,100.0,
nonelderly_childless_hh,percentiles_81_90,2010,400.0,300.0,,,
nonelderly_childless_hh,percentiles_81_90,2011,500.0,400.0,,100.0,
nonelderly_childless_hh,percentiles_81_90,2012,500.0,400.0,,100.0,
nonelderly_childless_hh,percentiles_81_90,2013,400.0,300.0,,,
nonelderly_childless_hh,percentiles_81_90,2014,600.0,500.0,,100.0,
nonelderly_childless_hh,percentiles_81_90,2015,800.0,600.0,,100.0,
nonelderly_childless_hh,percentiles_91_95,1979,100.0,,,,
nonelderly_childless_hh,percentiles_91_95,1980,,,,,
nonelderly_childless_hh,percentiles_91_95,1981,100.0,,0.0,,0.0
nonelderly_childless_hh,percentiles_91_95,1982,,,0.0,,0.0
nonelderly_childless_hh,percentiles_91_95,1983,100.0,,,,
nonelderly_childless_hh,percentiles_91_95,1984,,,0.0,,
nonelderly_childless_hh,percentiles_91_95,1985,100.0,,,,
nonelderly_childless_hh,percentiles_91_95,1986,100.0,,0.0,,
nonelderly_childless_hh,percentiles_91_95,1987,100.0,,,,
nonelderly_childless_hh,percentiles_91_95,1988,,,,,
nonelderly_childless_hh,percentiles_91_95,1989,100.0,100.0,,,
nonelderly_childless_hh,percentiles_91_95,1990,100.0,100.0,,,
nonelderly_childless_hh,percentiles_91_95,1991,100.0,,,,
nonelderly_childless_hh,percentiles_91_95,1992,100.0,100.0,,100.0,
nonelderly_childless_hh,percentiles_91_95,1993,200.0,100.0,,100.0,
nonelderly_childless_hh,percentiles_91_95,1994,200.0,200.0,,,
nonelderly_childless_hh,percentiles_91_95,1995,200.0,100.0,,,
nonelderly_childless_hh,percentiles_91_95,1996,100.0,100.0,,,
nonelderly_childless_hh,percentiles_91_95,1997,200.0,100.0,,,
nonelderly_childless_hh,percentiles_91_95,1998,200.0,100.0,,,
nonelderly_childless_hh,percentiles_91_95,1999,200.0,100.0,,,
nonelderly_childless_hh,percentiles_91_95,2000,200.0,100.0,,,
nonelderly_childless_hh,percentiles_91_95,2001,200.0,200.0,0.0,100.0,
nonelderly_childless_hh,percentiles_91_95,2002,200.0,200.0,,,
nonelderly_childless_hh,percentiles_91_95,2003,300.0,200.0,,,
nonelderly_childless_hh,percentiles_91_95,2004,200.0,200.0,,,
nonelderly_childless_hh,percentiles_91_95,2005,300.0,300.0,,100.0,
nonelderly_childless_hh,percentiles_91_95,2006,300.0,200.0,,100.0,
nonelderly_childless_hh,percentiles_91_95,2007,300.0,200.0,,100.0,
nonelderly_childless_hh,percentiles_91_95,2008,400.0,300.0,,100.0,
nonelderly_childless_hh,percentiles_91_95,2009,400.0,300.0,,,
nonelderly_childless_hh,percentiles_91_95,2010,400.0,300.0,,100.0,
nonelderly_childless_hh,percentiles_91_95,2011,300.0,200.0,,,
nonelderly_childless_hh,percentiles_91_95,2012,400.0,300.0,,100.0,
nonelderly_childless_hh,percentiles_91_95,2013,300.0,200.0,,,
nonelderly_childless_hh,percentiles_91_95,2014,500.0,400.0,,100.0,
nonelderly_childless_hh,percentiles_91_95,2015,600.0,500.0,,100.0,
nonelderly_childless_hh,percentiles_96_99,1979,100.0,,,,
nonelderly_childless_hh,percentiles_96_99,1980,100.0,,,,
nonelderly_childless_hh,percentiles_96_99,1981,,,,,
nonelderly_childless_hh,percentiles_96_99,1982,,,,,
nonelderly_childless_hh,percentiles_96_99,1983,,,,,
nonelderly_childless_hh,percentiles_96_99,1984,100.0,,,,
nonelderly_childless_hh,percentiles_96_99,1985,100.0,,,,
nonelderly_childless_hh,percentiles_96_99,1986,100.0,,,,
nonelderly_childless_hh,percentiles_96_99,1987,100.0,,,100.0,
nonelderly_childless_hh,percentiles_96_99,1988,100.0,,,,
nonelderly_childless_hh,percentiles_96_99,1989,100.0,,,100.0,
nonelderly_childless_hh,percentiles_96_99,1990,100.0,100.0,,100.0,
nonelderly_childless_hh,percentiles_96_99,1991,100.0,100.0,,,
nonelderly_childless_hh,percentiles_96_99,1992,100.0,,,,
nonelderly_childless_hh,percentiles_96_99,1993,100.0,,,,
nonelderly_childless_hh,percentiles_96_99,1994,200.0,100.0,,,
nonelderly_childless_hh,percentiles_96_99,1995,200.0,100.0,,,
nonelderly_childless_hh,percentiles_96_99,1996,100.0,100.0,,,
nonelderly_childless_hh,percentiles_96_99,1997,200.0,100.0,,,
nonelderly_childless_hh,percentiles_96_99,1998,200.0,100.0,0.0,,
nonelderly_childless_hh,percentiles_96_99,1999,200.0,100.0,,,
nonelderly_childless_hh,percentiles_96_99,2000,200.0,200.0,,,
nonelderly_childless_hh,percentiles_96_99,2001,200.0,200.0,,,
nonelderly_childless_hh,percentiles_96_99,2002,100.0,100.0,,,
nonelderly_childless_hh,percentiles_96_99,2003,100.0,100.0,,,
nonelderly_childless_hh,percentiles_96_99,2004,200.0,200.0,,,
nonelderly_childless_hh,percentiles_96_99,2005,300.0,300.0,,100.0,
nonelderly_childless_hh,percentiles_96_99,2006,200.0,200.0,,,
nonelderly_childless_hh,percentiles_96_99,2007,300.0,200.0,,,
nonelderly_childless_hh,percentiles_96_99,2008,300.0,200.0,,100.0,
nonelderly_childless_hh,percentiles_96_99,2009,300.0,300.0,,100.0,
nonelderly_childless_hh,percentiles_96_99,2010,200.0,200.0,,,
nonelderly_childless_hh,percentiles_96_99,2011,300.0,200.0,,,
nonelderly_childless_hh,percentiles_96_99,2012,300.0,200.0,,,
nonelderly_childless_hh,percentiles_96_99,2013,200.0,200.0,,,
nonelderly_childless_hh,percentiles_96_99,2014,400.0,300.0,,100.0,
nonelderly_childless_hh,percentiles_96_99,2015,600.0,500.0,,100.0,
nonelderly_childless_hh,top_1_percent,1979,100.0,,,100.0,
nonelderly_childless_hh,top_1_percent,1980,,,0.0,,
nonelderly_childless_hh,top_1_percent,1981,100.0,100.0,,,
nonelderly_childless_hh,top_1_percent,1982,100.0,,,,
nonelderly_childless_hh,top_1_percent,1983,,,,,
nonelderly_childless_hh,top_1_percent,1984,100.0,100.0,,,
nonelderly_childless_hh,top_1_percent,1985,100.0,,,,
nonelderly_childless_hh,top_1_percent,1986,,,,,
nonelderly_childless_hh,top_1_percent,1987,200.0,100.0,,100.0,
nonelderly_childless_hh,top_1_percent,1988,200.0,100.0,,,
nonelderly_childless_hh,top_1_percent,1989,100.0,100.0,,,
nonelderly_childless_hh,top_1_percent,1990,200.0,100.0,,100.0,
nonelderly_childless_hh,top_1_percent,1991,200.0,100.0,,100.0,
nonelderly_childless_hh,top_1_percent,1992,100.0,,,,
nonelderly_childless_hh,top_1_percent,1993,300.0,100.0,,100.0,
nonelderly_childless_hh,top_1_percent,1994,300.0,200.0,,100.0,
nonelderly_childless_hh,top_1_percent,1995,100.0,,,,
nonelderly_childless_hh,top_1_percent,1996,100.0,100.0,,,
nonelderly_childless_hh,top_1_percent,1997,100.0,100.0,,,
nonelderly_childless_hh,top_1_percent,1998,200.0,200.0,,,
nonelderly_childless_hh,top_1_percent,1999,200.0,100.0,,100.0,
nonelderly_childless_hh,top_1_percent,2000,300.0,200.0,,,
nonelderly_childless_hh,top_1_percent,2001,200.0,200.0,,,
nonelderly_childless_hh,top_1_percent,2002,300.0,200.0,,100.0,
nonelderly_childless_hh,top_1_percent,2003,400.0,300.0,,100.0,
nonelderly_childless_hh,top_1_percent,2004,200.0,100.0,,,
nonelderly_childless_hh,top_1_percent,2005,300.0,300.0,,,
nonelderly_childless_hh,top_1_percent,2006,300.0,200.0,,,
nonelderly_childless_hh,top_1_percent,2007,300.0,200.0,,100.0,
nonelderly_childless_hh,top_1_percent,2008,200.0,100.0,,,
nonelderly_childless_hh,top_1_percent,2009,400.0,300.0,,,
nonelderly_childless_hh,top_1_percent,2010,400.0,300.0,,,
nonelderly_childless_hh,top_1_percent,2011,500.0,400.0,,100.0,
nonelderly_childless_hh,top_1_percent,2012,700.0,400.0,,200.0,
nonelderly_childless_hh,top_1_percent,2013,500.0,500.0,,,
nonelderly_childless_hh,top_1_percent,2014,500.0,400.0,,,
nonelderly_childless_hh,top_1_percent,2015,600.0,500.0,,,
