household_type,income_group,year,all_means_tested_transfers,medicaid_and_chip,snap,ssi,other_transfers
all_households,all_quintiles,1979,100.0,100.0,100.0,100.0,100.0
all_households,all_quintiles,1980,100.0,100.0,100.0,100.0,100.0
all_households,all_quintiles,1981,100.0,100.0,100.0,100.0,100.0
all_households,all_quintiles,1982,100.0,100.0,100.0,100.0,100.0
all_households,all_quintiles,1983,100.0,100.0,100.0,100.0,100.0
all_households,all_quintiles,1984,100.0,100.0,100.0,100.0,100.0
all_households,all_quintiles,1985,100.0,100.0,100.0,100.0,100.0
all_households,all_quintiles,1986,100.0,100.0,100.0,100.0,100.0
all_households,all_quintiles,1987,100.0,100.0,100.0,100.0,100.0
all_households,all_quintiles,1988,100.0,100.0,100.0,100.0,100.0
all_households,all_quintiles,1989,100.0,100.0,100.0,100.0,100.0
all_households,all_quintiles,1990,100.0,100.0,100.0,100.0,100.0
all_households,all_quintiles,1991,100.0,100.0,100.0,100.0,100.0
all_households,all_quintiles,1992,100.0,100.0,100.0,100.0,100.0
all_households,all_quintiles,1993,100.0,100.0,100.0,100.0,100.0
all_households,all_quintiles,1994,100.0,100.0,100.0,100.0,100.0
all_households,all_quintiles,1995,100.0,100.0,100.0,100.0,100.0
all_households,all_quintiles,1996,100.0,100.0,100.0,100.0,100.0
all_households,all_quintiles,1997,100.0,100.0,100.0,100.0,100.0
all_households,all_quintiles,1998,100.0,100.0,100.0,100.0,100.0
all_households,all_quintiles,1999,100.0,100.0,100.0,100.0,100.0
all_households,all_quintiles,2000,100.0,100.0,100.0,100.0,100.0
all_households,all_quintiles,2001,100.0,100.0,100.0,100.0,100.0
all_households,all_quintiles,2002,100.0,100.0,100.0,100.0,100.0
all_households,all_quintiles,2003,100.0,100.0,100.0,100.0,100.0
all_households,all_quintiles,2004,100.0,100.0,100.0,100.0,100.0
all_households,all_quintiles,2005,100.0,100.0,100.0,100.0,100.0
all_households,all_quintiles,2006,100.0,100.0,100.0,100.0,100.0
all_households,all_quintiles,2007,100.0,100.0,100.0,100.0,100.0
all_households,all_quintiles,2008,100.0,100.0,100.0,100.0,100.0
all_households,all_quintiles,2009,100.0,100.0,100.0,100.0,100.0
all_households,all_quintiles,2010,100.0,100.0,100.0,100.0,100.0
all_households,all_quintiles,2011,100.0,100.0,100.0,100.0,100.0
all_households,all_quintiles,2012,100.0,100.0,100.0,100.0,100.0
all_households,all_quintiles,2013,100.0,100.0,100.0,100.0,100.0
all_households,all_quintiles,2014,100.0,100.0,100.0,100.0,100.0
all_households,all_quintiles,2015,100.0,100.0,100.0,100.0,100.0
all_households,lowest_quintile,1979,48.7,46.4,63.0,32.3,50.8
all_households,lowest_quintile,1980,45.6,42.7,60.2,28.4,47.9
all_households,lowest_quintile,1981,46.0,41.3,61.1,27.8,49.1
all_households,lowest_quintile,1982,47.2,41.6,63.9,26.1,52.4
all_households,lowest_quintile,1983,47.9,42.0,65.0,22.8,54.6
all_households,lowest_quintile,1984,46.3,41.6,61.4,28.2,51.1
all_households,lowest_quintile,1985,46.7,40.5,63.8,25.4,54.0
all_households,lowest_quintile,1986,46.4,40.7,64.7,24.6,54.1
all_households,lowest_quintile,1987,50.1,43.3,71.8,26.1,59.7
all_households,lowest_quintile,1988,45.9,38.9,68.6,18.0,57.8
all_households,lowest_quintile,1989,43.6,36.8,66.5,17.7,55.6
all_households,lowest_quintile,1990,41.4,35.5,62.4,16.3,52.2
all_households,lowest_quintile,1991,39.2,33.2,58.1,16.0,50.8
all_households,lowest_quintile,1992,34.0,29.5,52.4,13.2,44.1
all_households,lowest_quintile,1993,33.3,28.8,51.4,13.8,43.7
all_households,lowest_quintile,1994,33.5,27.7,53.0,17.2,44.2
all_households,lowest_quintile,1995,32.3,27.0,52.2,18.1,43.1
all_households,lowest_quintile,1996,30.8,26.0,49.2,18.7,40.9
all_households,lowest_quintile,1997,28.8,25.7,46.8,17.4,38.1
all_households,lowest_quintile,1998,29.1,26.2,48.1,18.3,39.7
all_households,lowest_quintile,1999,27.9,25.4,48.5,16.6,40.1
all_households,lowest_quintile,2000,27.3,25.4,47.9,16.0,38.3
all_households,lowest_quintile,2001,27.3,25.1,49.7,16.2,39.3
all_households,lowest_quintile,2002,25.1,23.5,45.4,13.7,35.9
all_households,lowest_quintile,2003,24.9,23.0,47.6,12.5,35.9
all_households,lowest_quintile,2004,24.9,22.9,48.3,12.6,36.3
all_households,lowest_quintile,2005,25.8,23.0,48.6,14.4,38.5
all_households,lowest_quintile,2006,27.2,25.5,50.7,16.4,30.3
all_households,lowest_quintile,2007,27.4,25.6,49.7,17.2,30.8
all_households,lowest_quintile,2008,26.6,24.6,47.4,16.7,30.7
all_households,lowest_quintile,2009,25.0,22.6,44.9,13.8,27.3
all_households,lowest_quintile,2010,25.3,22.6,43.1,15.2,27.3
all_households,lowest_quintile,2011,26.4,22.9,46.1,15.5,29.1
all_households,lowest_quintile,2012,27.4,24.1,48.0,15.6,28.8
all_households,lowest_quintile,2013,27.2,24.5,46.6,15.3,28.8
all_households,lowest_quintile,2014,27.2,25.8,45.4,13.1,28.8
all_households,lowest_quintile,2015,27.7,26.4,45.7,15.8,28.6
all_households,second_quintile,1979,29.1,29.1,25.3,32.9,29.1
all_households,second_quintile,1980,31.7,32.5,26.3,37.5,31.2
all_households,second_quintile,1981,31.1,32.7,25.4,35.5,31.2
all_households,second_quintile,1982,33.0,34.2,26.8,40.2,32.0
all_households,second_quintile,1983,32.5,34.7,25.0,41.4,30.8
all_households,second_quintile,1984,33.0,35.0,26.3,36.8,32.7
all_households,second_quintile,1985,33.0,35.9,26.8,37.6,31.2
all_households,second_quintile,1986,33.1,34.9,26.5,40.4,30.7
all_households,second_quintile,1987,30.9,34.7,20.7,40.9,26.3
all_households,second_quintile,1988,31.9,34.7,21.3,45.2,26.6
all_households,second_quintile,1989,32.9,36.2,23.9,41.7,28.3
all_households,second_quintile,1990,32.3,34.2,25.6,38.8,29.6
all_households,second_quintile,1991,32.4,33.8,27.8,37.9,29.7
all_households,second_quintile,1992,33.8,33.9,30.6,35.5,34.5
all_households,second_quintile,1993,33.4,33.4,30.2,34.9,34.5
all_households,second_quintile,1994,32.5,32.2,29.5,36.6,32.2
all_households,second_quintile,1995,32.5,32.1,29.9,35.5,32.8
all_households,second_quintile,1996,35.0,34.4,32.7,37.2,36.2
all_households,second_quintile,1997,35.8,33.9,35.2,37.2,40.5
all_households,second_quintile,1998,35.3,34.3,34.5,37.6,37.2
all_households,second_quintile,1999,35.1,34.0,34.7,37.5,37.4
all_households,second_quintile,2000,33.8,32.5,32.9,37.4,37.1
all_households,second_quintile,2001,33.5,32.6,33.1,36.0,35.8
all_households,second_quintile,2002,31.8,30.7,33.2,33.6,35.5
all_households,second_quintile,2003,31.0,29.9,32.9,32.3,36.1
all_households,second_quintile,2004,30.3,29.5,31.5,30.6,35.6
all_households,second_quintile,2005,32.1,31.4,32.1,33.8,35.3
all_households,second_quintile,2006,30.6,29.8,31.2,33.5,32.2
all_households,second_quintile,2007,29.7,28.9,31.1,31.6,30.9
all_households,second_quintile,2008,30.5,29.8,31.2,32.3,32.6
all_households,second_quintile,2009,29.2,28.1,31.8,30.1,31.6
all_households,second_quintile,2010,29.6,28.8,31.1,29.9,31.6
all_households,second_quintile,2011,30.0,29.4,30.7,31.3,31.5
all_households,second_quintile,2012,29.7,29.1,30.3,29.6,31.8
all_households,second_quintile,2013,30.1,29.5,30.5,32.1,30.7
all_households,second_quintile,2014,29.5,29.1,30.0,30.3,31.5
all_households,second_quintile,2015,29.6,29.3,29.5,30.8,30.9
all_households,middle_quintile,1979,11.7,12.2,6.6,18.4,10.7
all_households,middle_quintile,1980,12.5,13.4,8.0,18.3,11.7
all_households,middle_quintile,1981,12.4,13.6,8.3,18.4,11.1
all_households,middle_quintile,1982,11.5,13.2,5.9,19.8,9.3
all_households,middle_quintile,1983,11.3,13.6,6.3,20.2,8.2
all_households,middle_quintile,1984,11.5,13.4,7.1,18.7,8.9
all_households,middle_quintile,1985,11.6,13.9,5.3,20.9,8.2
all_households,middle_quintile,1986,11.6,14.1,5.6,18.6,8.7
all_households,middle_quintile,1987,11.0,12.8,4.1,19.0,8.2
all_households,middle_quintile,1988,12.4,14.7,5.7,21.3,8.4
all_households,middle_quintile,1989,13.1,15.3,5.3,22.6,8.9
all_households,middle_quintile,1990,15.4,17.6,7.7,24.3,11.4
all_households,middle_quintile,1991,16.7,19.4,8.8,26.1,11.7
all_households,middle_quintile,1992,18.9,21.2,10.9,28.9,13.3
all_households,middle_quintile,1993,19.4,21.6,12.0,28.2,14.1
all_households,middle_quintile,1994,19.6,22.2,11.9,26.0,14.7
all_households,middle_quintile,1995,20.3,22.6,11.8,27.4,14.7
all_households,middle_quintile,1996,20.0,22.1,12.7,25.9,14.7
all_households,middle_quintile,1997,20.7,22.5,12.9,26.7,14.2
all_households,middle_quintile,1998,21.0,22.4,12.7,25.9,15.6
all_households,middle_quintile,1999,21.2,22.6,11.9,26.2,14.6
all_households,middle_quintile,2000,22.1,23.2,13.5,26.9,15.6
all_households,middle_quintile,2001,22.7,23.8,12.8,27.8,16.5
all_households,middle_quintile,2002,24.7,25.5,15.1,30.3,19.3
all_households,middle_quintile,2003,24.7,25.7,13.9,31.4,18.5
all_households,middle_quintile,2004,24.8,25.8,14.0,30.7,19.0
all_households,middle_quintile,2005,23.3,24.6,13.8,27.0,17.5
all_households,middle_quintile,2006,23.3,24.2,12.6,27.5,22.1
all_households,middle_quintile,2007,23.0,23.8,13.3,27.1,21.3
all_households,middle_quintile,2008,23.1,24.2,14.0,26.5,21.1
all_households,middle_quintile,2009,25.0,26.0,15.7,30.9,23.6
all_households,middle_quintile,2010,24.2,25.3,16.2,29.3,23.1
all_households,middle_quintile,2011,24.3,25.9,15.9,28.4,23.2
all_households,middle_quintile,2012,24.5,26.0,14.9,29.6,23.7
all_households,middle_quintile,2013,25.1,26.3,15.6,31.6,24.5
all_households,middle_quintile,2014,23.9,24.5,15.7,30.8,22.4
all_households,middle_quintile,2015,22.9,23.6,15.3,27.6,21.8
all_households,fourth_quintile,1979,6.3,7.2,2.7,9.5,6.0
all_households,fourth_quintile,1980,6.0,6.8,3.0,9.0,5.6
all_households,fourth_quintile,1981,6.0,7.3,2.7,10.3,5.0
all_households,fourth_quintile,1982,4.4,5.8,1.3,7.6,3.5
all_households,fourth_quintile,1983,4.6,5.6,1.3,10.1,3.0
all_households,fourth_quintile,1984,5.1,6.0,2.3,9.4,3.7
all_households,fourth_quintile,1985,4.8,5.7,1.4,9.3,3.5
all_households,fourth_quintile,1986,4.9,5.8,1.4,9.9,3.3
all_households,fourth_quintile,1987,4.7,5.8,1.2,8.6,3.2
all_households,fourth_quintile,1988,6.0,7.4,1.8,10.9,3.7
all_households,fourth_quintile,1989,6.0,7.0,1.9,10.5,4.0
all_households,fourth_quintile,1990,6.3,7.7,2.0,12.1,3.4
all_households,fourth_quintile,1991,7.1,8.6,2.7,13.1,4.0
all_households,fourth_quintile,1992,8.2,9.6,3.8,13.7,4.7
all_households,fourth_quintile,1993,8.6,10.0,4.1,14.1,4.9
all_households,fourth_quintile,1994,8.8,10.6,3.8,12.1,5.8
all_households,fourth_quintile,1995,9.7,11.6,4.3,12.6,6.3
all_households,fourth_quintile,1996,9.0,11.0,3.5,12.1,4.9
all_households,fourth_quintile,1997,9.5,11.2,3.8,12.5,4.9
all_households,fourth_quintile,1998,9.2,10.4,3.2,11.9,5.3
all_households,fourth_quintile,1999,10.0,11.4,3.4,12.1,5.5
all_households,fourth_quintile,2000,11.0,12.2,4.2,13.2,6.1
all_households,fourth_quintile,2001,10.6,11.8,3.0,13.4,5.1
all_households,fourth_quintile,2002,11.9,13.1,4.1,15.2,5.2
all_households,fourth_quintile,2003,13.0,14.3,3.9,16.6,6.4
all_households,fourth_quintile,2004,13.2,14.4,4.3,17.6,6.1
all_households,fourth_quintile,2005,12.3,13.6,3.8,16.6,5.5
all_households,fourth_quintile,2006,12.1,13.2,3.7,14.6,9.9
all_households,fourth_quintile,2007,12.8,13.8,4.1,15.6,10.7
all_households,fourth_quintile,2008,12.8,13.7,5.2,16.1,10.2
all_households,fourth_quintile,2009,13.8,15.2,5.1,17.6,11.7
all_households,fourth_quintile,2010,13.8,15.2,6.7,17.1,11.9
all_households,fourth_quintile,2011,13.3,14.8,5.5,17.1,11.4
all_households,fourth_quintile,2012,12.8,14.0,5.1,18.1,11.1
all_households,fourth_quintile,2013,12.5,13.9,5.2,15.4,11.4
all_households,fourth_quintile,2014,13.4,14.1,6.5,18.8,12.0
all_households,fourth_quintile,2015,13.5,14.1,6.6,18.2,12.7
all_households,highest_quintile,1979,3.5,4.2,1.3,6.4,2.8
all_households,highest_quintile,1980,3.2,3.7,1.0,6.2,2.6
all_households,highest_quintile,1981,3.1,3.9,0.8,7.2,2.0
all_households,highest_quintile,1982,2.8,4.2,0.6,5.6,1.6
all_households,highest_quintile,1983,2.4,2.9,0.7,4.7,1.9
all_households,highest_quintile,1984,2.8,2.8,1.0,6.1,2.1
all_households,highest_quintile,1985,2.7,2.9,0.8,6.0,2.0
all_households,highest_quintile,1986,2.9,3.4,0.7,5.4,2.2
all_households,highest_quintile,1987,2.5,2.5,0.9,4.6,2.0
all_households,highest_quintile,1988,3.0,3.5,0.9,4.0,3.0
all_households,highest_quintile,1989,3.6,4.0,1.0,6.8,2.6
all_households,highest_quintile,1990,3.7,4.1,0.9,7.2,2.6
all_households,highest_quintile,1991,3.7,4.2,1.3,6.0,2.9
all_households,highest_quintile,1992,4.4,5.2,1.3,7.9,2.9
all_households,highest_quintile,1993,4.4,5.4,1.2,8.2,2.1
all_households,highest_quintile,1994,5.0,6.6,1.2,7.3,2.5
all_households,highest_quintile,1995,4.8,6.1,1.3,6.0,2.8
all_households,highest_quintile,1996,4.6,6.0,1.2,5.6,2.8
all_households,highest_quintile,1997,4.8,6.2,0.8,5.9,1.9
all_households,highest_quintile,1998,4.9,6.2,0.9,5.7,1.9
all_households,highest_quintile,1999,5.3,6.2,0.9,7.0,2.0
all_households,highest_quintile,2000,5.5,6.3,1.1,6.1,2.6
all_households,highest_quintile,2001,5.4,6.1,0.7,6.2,2.8
all_households,highest_quintile,2002,6.0,6.8,1.6,6.7,3.6
all_households,highest_quintile,2003,5.7,6.5,0.9,6.6,2.6
all_households,highest_quintile,2004,6.3,7.0,1.2,8.2,2.8
all_households,highest_quintile,2005,6.0,6.8,0.9,7.7,2.7
all_households,highest_quintile,2006,6.2,6.8,1.1,7.6,5.1
all_households,highest_quintile,2007,6.7,7.3,1.2,7.8,5.8
all_households,highest_quintile,2008,6.3,7.0,1.4,7.7,4.8
all_households,highest_quintile,2009,6.4,7.4,1.7,7.1,5.3
all_households,highest_quintile,2010,6.4,7.4,2.1,7.6,5.4
all_households,highest_quintile,2011,5.4,6.4,1.1,6.9,4.2
all_households,highest_quintile,2012,5.3,6.3,1.0,6.5,4.2
all_households,highest_quintile,2013,4.6,5.3,1.3,4.9,4.1
all_households,highest_quintile,2014,5.5,6.0,1.8,6.4,4.9
all_households,highest_quintile,2015,5.9,6.3,2.4,7.2,5.4
all_households,percentiles_81_90,1979,2.1,2.5,0.8,3.9,1.7
all_households,percentiles_81_90,1980,1.9,2.1,0.6,3.5,1.6
all_households,percentiles_81_90,1981,1.9,2.3,0.4,4.8,1.0
all_households,percentiles_81_90,1982,1.7,2.4,0.3,3.9,0.8
all_households,percentiles_81_90,1983,1.4,1.6,0.3,2.9,1.0
all_households,percentiles_81_90,1984,1.7,1.8,0.5,3.7,1.3
all_households,percentiles_81_90,1985,1.6,1.7,0.3,4.0,1.0
all_households,percentiles_81_90,1986,1.7,2.1,0.3,3.5,1.2
all_households,percentiles_81_90,1987,1.3,1.4,0.4,2.4,1.0
all_households,percentiles_81_90,1988,1.4,1.9,0.4,2.5,0.8
all_households,percentiles_81_90,1989,2.1,2.5,0.5,3.9,1.4
all_households,percentiles_81_90,1990,1.9,2.3,0.4,4.0,1.1
all_households,percentiles_81_90,1991,1.9,2.2,0.6,2.8,1.6
all_households,percentiles_81_90,1992,2.6,3.1,0.7,4.5,1.5
all_households,percentiles_81_90,1993,2.9,3.5,0.7,5.4,1.3
all_households,percentiles_81_90,1994,2.8,3.7,0.7,4.5,1.3
all_households,percentiles_81_90,1995,2.6,3.4,0.7,3.3,1.5
all_households,percentiles_81_90,1996,2.7,3.3,0.8,3.2,1.9
all_households,percentiles_81_90,1997,2.8,3.6,0.4,3.7,1.0
all_households,percentiles_81_90,1998,3.0,3.8,0.6,3.4,1.0
all_households,percentiles_81_90,1999,3.3,3.9,0.5,4.5,1.1
all_households,percentiles_81_90,2000,3.3,3.8,0.7,3.8,1.5
all_households,percentiles_81_90,2001,3.2,3.7,0.5,3.7,1.7
all_households,percentiles_81_90,2002,3.9,4.3,1.0,4.3,2.3
all_households,percentiles_81_90,2003,3.4,3.9,0.6,3.9,1.5
all_households,percentiles_81_90,2004,4.0,4.5,0.8,5.4,1.7
all_households,percentiles_81_90,2005,3.7,4.2,0.6,4.6,1.6
all_households,percentiles_81_90,2006,3.8,4.2,0.8,4.8,3.0
all_households,percentiles_81_90,2007,4.1,4.5,0.8,5.2,3.1
all_households,percentiles_81_90,2008,3.7,4.2,0.9,4.9,2.6
all_households,percentiles_81_90,2009,4.0,4.6,1.1,4.5,3.2
all_households,percentiles_81_90,2010,4.1,4.7,1.4,4.7,3.3
all_households,percentiles_81_90,2011,3.5,4.1,0.8,5.0,2.6
all_households,percentiles_81_90,2012,3.3,3.9,0.7,4.3,2.6
all_households,percentiles_81_90,2013,3.0,3.4,1.0,3.5,2.6
all_households,percentiles_81_90,2014,3.5,3.8,1.2,4.5,3.2
all_households,percentiles_81_90,2015,3.6,3.9,1.5,4.6,3.4
all_households,percentiles_91_95,1979,0.8,1.0,0.3,1.4,0.6
all_households,percentiles_91_95,1980,0.7,0.9,0.1,1.3,0.5
all_households,percentiles_91_95,1981,0.6,0.7,0.1,1.3,0.4
all_households,percentiles_91_95,1982,0.6,1.0,0.2,0.9,0.4
all_households,percentiles_91_95,1983,0.4,0.6,0.1,0.8,0.3
all_households,percentiles_91_95,1984,0.5,0.5,0.2,1.2,0.4
all_households,percentiles_91_95,1985,0.5,0.6,0.2,1.2,0.4
all_households,percentiles_91_95,1986,0.6,0.7,0.2,1.1,0.4
all_households,percentiles_91_95,1987,0.5,0.5,0.1,1.0,0.4
all_households,percentiles_91_95,1988,0.7,0.8,0.2,0.7,0.7
all_households,percentiles_91_95,1989,0.8,0.9,0.2,1.6,0.4
all_households,percentiles_91_95,1990,1.0,1.0,0.3,1.9,0.8
all_households,percentiles_91_95,1991,1.1,1.3,0.3,2.2,0.6
all_households,percentiles_91_95,1992,1.1,1.2,0.4,2.0,0.9
all_households,percentiles_91_95,1993,0.9,1.2,0.3,1.8,0.4
all_households,percentiles_91_95,1994,1.2,1.5,0.3,1.7,0.6
all_households,percentiles_91_95,1995,1.2,1.6,0.3,1.7,0.8
all_households,percentiles_91_95,1996,1.2,1.5,0.1,1.8,0.4
all_households,percentiles_91_95,1997,1.2,1.6,0.2,1.5,0.4
all_households,percentiles_91_95,1998,1.1,1.4,0.1,1.3,0.4
all_households,percentiles_91_95,1999,1.1,1.3,0.3,1.5,0.4
all_households,percentiles_91_95,2000,1.2,1.3,0.2,1.4,0.6
all_households,percentiles_91_95,2001,1.2,1.4,0.1,1.2,0.6
all_households,percentiles_91_95,2002,1.3,1.5,0.3,1.5,0.7
all_households,percentiles_91_95,2003,1.5,1.7,0.2,2.0,0.6
all_households,percentiles_91_95,2004,1.3,1.6,0.2,1.5,0.6
all_households,percentiles_91_95,2005,1.4,1.6,0.1,2.0,0.6
all_households,percentiles_91_95,2006,1.4,1.5,0.2,1.9,1.1
all_households,percentiles_91_95,2007,1.5,1.7,0.2,1.6,1.6
all_households,percentiles_91_95,2008,1.5,1.6,0.3,1.8,1.4
all_households,percentiles_91_95,2009,1.4,1.5,0.4,1.6,1.1
all_households,percentiles_91_95,2010,1.5,1.7,0.4,1.8,1.3
all_households,percentiles_91_95,2011,1.0,1.2,0.2,1.0,0.9
all_households,percentiles_91_95,2012,1.2,1.4,0.2,1.3,0.9
all_households,percentiles_91_95,2013,0.9,1.1,0.2,0.9,0.9
all_households,percentiles_91_95,2014,1.1,1.3,0.3,1.3,1.0
all_households,percentiles_91_95,2015,1.3,1.4,0.5,1.6,1.1
all_households,percentiles_96_99,1979,0.5,0.6,0.2,0.8,0.4
all_households,percentiles_96_99,1980,0.5,0.6,0.2,1.1,0.4
all_households,percentiles_96_99,1981,0.5,0.6,0.2,0.9,0.4
all_households,percentiles_96_99,1982,0.4,0.6,0.1,0.6,0.3
all_households,percentiles_96_99,1983,0.5,0.5,0.2,0.9,0.4
all_households,percentiles_96_99,1984,0.5,0.4,0.2,1.0,0.3
all_households,percentiles_96_99,1985,0.4,0.5,0.2,0.7,0.4
all_households,percentiles_96_99,1986,0.4,0.5,0.1,0.5,0.4
all_households,percentiles_96_99,1987,0.5,0.5,0.3,1.1,0.4
all_households,percentiles_96_99,1988,0.8,0.6,0.2,0.6,1.4
all_households,percentiles_96_99,1989,0.6,0.5,0.2,1.0,0.6
all_households,percentiles_96_99,1990,0.6,0.7,0.2,1.1,0.5
all_households,percentiles_96_99,1991,0.6,0.6,0.2,0.7,0.7
all_households,percentiles_96_99,1992,0.6,0.7,0.2,1.2,0.4
all_households,percentiles_96_99,1993,0.5,0.6,0.2,0.9,0.3
all_households,percentiles_96_99,1994,0.8,1.1,0.1,1.0,0.5
all_households,percentiles_96_99,1995,0.7,1.0,0.2,0.7,0.4
all_households,percentiles_96_99,1996,0.6,0.9,0.2,0.5,0.5
all_households,percentiles_96_99,1997,0.7,0.9,0.1,0.7,0.4
all_households,percentiles_96_99,1998,0.7,0.8,0.1,0.8,0.3
all_households,percentiles_96_99,1999,0.7,0.9,0.1,0.8,0.4
all_households,percentiles_96_99,2000,0.8,0.9,0.1,0.7,0.4
all_households,percentiles_96_99,2001,0.8,0.9,0.1,1.0,0.5
all_households,percentiles_96_99,2002,0.6,0.7,0.2,0.7,0.3
all_households,percentiles_96_99,2003,0.6,0.7,0.1,0.6,0.3
all_households,percentiles_96_99,2004,0.8,0.8,0.2,1.2,0.4
all_households,percentiles_96_99,2005,0.8,0.9,0.1,1.0,0.4
all_households,percentiles_96_99,2006,0.8,0.9,0.1,0.7,0.8
all_households,percentiles_96_99,2007,0.9,1.0,0.1,0.8,0.9
all_households,percentiles_96_99,2008,0.8,1.0,0.2,0.9,0.6
all_households,percentiles_96_99,2009,0.9,1.0,0.2,0.8,0.7
all_households,percentiles_96_99,2010,0.7,0.8,0.2,1.0,0.6
all_households,percentiles_96_99,2011,0.7,0.8,0.1,0.7,0.5
all_households,percentiles_96_99,2012,0.6,0.7,0.1,0.6,0.5
all_households,percentiles_96_99,2013,0.5,0.6,0.1,0.5,0.5
all_households,percentiles_96_99,2014,0.6,0.7,0.2,0.6,0.6
all_households,percentiles_96_99,2015,0.8,0.8,0.3,0.9,0.7
all_households,top_1_percent,1979,0.2,0.2,0.1,0.3,0.2
all_households,top_1_percent,1980,0.1,0.1,0.1,0.2,0.1
all_households,top_1_percent,1981,0.2,0.2,0.1,0.2,0.2
all_households,top_1_percent,1982,0.1,0.2,0.1,0.1,0.1
all_households,top_1_percent,1983,0.1,0.1,0.1,,0.2
all_households,top_1_percent,1984,0.2,0.1,0.1,0.2,0.2
all_households,top_1_percent,1985,0.2,0.2,0.1,0.2,0.2
all_households,top_1_percent,1986,0.2,0.1,0.1,0.2,0.2
all_households,top_1_percent,1987,0.2,0.2,0.1,0.2,0.1
all_households,top_1_percent,1988,0.1,0.1,0.1,0.1,0.1
all_households,top_1_percent,1989,0.2,0.2,0.1,0.3,0.1
all_households,top_1_percent,1990,0.2,0.1,0.1,0.2,0.2
all_households,top_1_percent,1991,0.2,0.2,0.1,0.2,0.1
all_households,top_1_percent,1992,0.1,0.1,,0.2,0.1
all_households,top_1_percent,1993,0.1,0.2,0.1,0.2,0.1
all_households,top_1_percent,1994,0.2,0.2,0.1,0.1,0.1
all_households,top_1_percent,1995,0.2,0.2,0.1,0.3,0.1
all_households,top_1_percent,1996,0.1,0.2,0.1,0.1,0.1
all_households,top_1_percent,1997,0.1,0.1,,0.1,0.1
all_households,top_1_percent,1998,0.2,0.2,,0.1,0.2
all_households,top_1_percent,1999,0.1,0.1,,0.2,0.1
all_households,top_1_percent,2000,0.2,0.2,,0.2,0.1
all_households,top_1_percent,2001,0.2,0.2,,0.2,0.1
all_households,top_1_percent,2002,0.2,0.2,0.1,0.2,0.2
all_households,top_1_percent,2003,0.2,0.2,0.1,0.1,0.1
all_households,top_1_percent,2004,0.1,0.2,0.1,0.1,0.1
all_households,top_1_percent,2005,0.1,0.2,0.1,0.1,0.1
all_households,top_1_percent,2006,0.2,0.2,,0.2,0.2
all_households,top_1_percent,2007,0.1,0.1,,0.1,0.2
all_households,top_1_percent,2008,0.2,0.2,0.1,0.2,0.2
all_households,top_1_percent,2009,0.2,0.2,0.1,0.2,0.2
all_households,top_1_percent,2010,0.2,0.2,0.1,0.2,0.2
all_households,top_1_percent,2011,0.2,0.3,,0.2,0.1
all_households,top_1_percent,2012,0.2,0.2,,0.3,0.2
all_households,top_1_percent,2013,0.2,0.2,,0.1,0.1
all_households,top_1_percent,2014,0.2,0.2,0.1,0.1,0.2
all_households,top_1_percent,2015,0.2,0.2,0.1,0.1,0.2
hh_with_children,all_quintiles,1979,100.0,100.0,100.0,100.0,100.0
hh_with_children,all_quintiles,1980,100.0,100.0,100.0,100.0,100.0
hh_with_children,all_quintiles,1981,100.0,100.0,100.0,100.0,100.0
hh_with_children,all_quintiles,1982,100.0,100.0,100.0,100.0,100.0
hh_with_children,all_quintiles,1983,100.0,100.0,100.0,100.0,100.0
hh_with_children,all_quintiles,1984,100.0,100.0,100.0,100.0,100.0
hh_with_children,all_quintiles,1985,100.0,100.0,100.0,100.0,100.0
hh_with_children,all_quintiles,1986,100.0,100.0,100.0,100.0,100.0
hh_with_children,all_quintiles,1987,100.0,100.0,100.0,100.0,100.0
hh_with_children,all_quintiles,1988,100.0,100.0,100.0,100.0,100.0
hh_with_children,all_quintiles,1989,100.0,100.0,100.0,100.0,100.0
hh_with_children,all_quintiles,1990,100.0,100.0,100.0,100.0,100.0
hh_with_children,all_quintiles,1991,100.0,100.0,100.0,100.0,100.0
hh_with_children,all_quintiles,1992,100.0,100.0,100.0,100.0,100.0
hh_with_children,all_quintiles,1993,100.0,100.0,100.0,100.0,100.0
hh_with_children,all_quintiles,1994,100.0,100.0,100.0,100.0,100.0
hh_with_children,all_quintiles,1995,100.0,100.0,100.0,100.0,100.0
hh_with_children,all_quintiles,1996,100.0,100.0,100.0,100.0,100.0
hh_with_children,all_quintiles,1997,100.0,100.0,100.0,100.0,100.0
hh_with_children,all_quintiles,1998,100.0,100.0,100.0,100.0,100.0
hh_with_children,all_quintiles,1999,100.0,100.0,100.0,100.0,100.0
hh_with_children,all_quintiles,2000,100.0,100.0,100.0,100.0,100.0
hh_with_children,all_quintiles,2001,100.0,100.0,100.0,100.0,100.0
hh_with_children,all_quintiles,2002,100.0,100.0,100.0,100.0,100.0
hh_with_children,all_quintiles,2003,100.0,100.0,100.0,100.0,100.0
hh_with_children,all_quintiles,2004,100.0,100.0,100.0,100.0,100.0
hh_with_children,all_quintiles,2005,100.0,100.0,100.0,100.0,100.0
hh_with_children,all_quintiles,2006,100.0,100.0,100.0,100.0,100.0
hh_with_children,all_quintiles,2007,100.0,100.0,100.0,100.0,100.0
hh_with_children,all_quintiles,2008,100.0,100.0,100.0,100.0,100.0
hh_with_children,all_quintiles,2009,100.0,100.0,100.0,100.0,100.0
hh_with_children,all_quintiles,2010,100.0,100.0,100.0,100.0,100.0
hh_with_children,all_quintiles,2011,100.0,100.0,100.0,100.0,100.0
hh_with_children,all_quintiles,2012,100.0,100.0,100.0,100.0,100.0
hh_with_children,all_quintiles,2013,100.0,100.0,100.0,100.0,100.0
hh_with_children,all_quintiles,2014,100.0,100.0,100.0,100.0,100.0
hh_with_children,all_quintiles,2015,100.0,100.0,100.0,100.0,100.0
hh_with_children,lowest_quintile,1979,52.1,49.8,64.1,27.9,52.2
hh_with_children,lowest_quintile,1980,49.3,46.2,60.8,24.7,49.7
hh_with_children,lowest_quintile,1981,51.3,47.5,62.3,25.9,51.6
hh_with_children,lowest_quintile,1982,54.5,50.2,65.4,28.0,56.0
hh_with_children,lowest_quintile,1983,58.0,54.2,69.1,25.4,59.6
hh_with_children,lowest_quintile,1984,54.3,51.4,63.4,34.0,55.3
hh_with_children,lowest_quintile,1985,56.7,52.5,66.9,31.1,59.5
hh_with_children,lowest_quintile,1986,57.7,55.1,67.6,30.9,59.9
hh_with_children,lowest_quintile,1987,65.3,60.8,77.7,40.2,68.5
hh_with_children,lowest_quintile,1988,61.9,56.2,74.5,31.3,67.1
hh_with_children,lowest_quintile,1989,58.1,52.6,72.3,28.3,63.0
hh_with_children,lowest_quintile,1990,54.7,49.8,68.5,24.0,60.0
hh_with_children,lowest_quintile,1991,52.1,47.2,63.6,24.2,57.7
hh_with_children,lowest_quintile,1992,45.3,42.2,57.7,19.9,49.7
hh_with_children,lowest_quintile,1993,43.8,40.4,56.5,20.2,49.3
hh_with_children,lowest_quintile,1994,44.2,39.7,57.8,25.1,49.6
hh_with_children,lowest_quintile,1995,42.5,38.2,56.3,25.4,48.1
hh_with_children,lowest_quintile,1996,39.4,35.4,52.6,22.8,45.5
hh_with_children,lowest_quintile,1997,36.1,34.2,48.8,16.9,41.9
hh_with_children,lowest_quintile,1998,38.5,36.9,51.6,21.8,43.6
hh_with_children,lowest_quintile,1999,37.3,35.8,52.4,18.9,43.3
hh_with_children,lowest_quintile,2000,37.4,36.7,51.7,18.7,42.6
hh_with_children,lowest_quintile,2001,38.4,36.8,54.4,22.1,44.9
hh_with_children,lowest_quintile,2002,34.9,33.8,49.3,16.7,40.9
hh_with_children,lowest_quintile,2003,35.1,33.7,51.7,17.7,40.1
hh_with_children,lowest_quintile,2004,34.8,33.1,51.7,18.1,40.3
hh_with_children,lowest_quintile,2005,35.5,33.1,52.4,19.2,43.1
hh_with_children,lowest_quintile,2006,37.8,36.0,54.6,21.1,41.5
hh_with_children,lowest_quintile,2007,37.1,35.2,54.3,21.3,41.2
hh_with_children,lowest_quintile,2008,35.4,33.5,51.3,19.2,39.4
hh_with_children,lowest_quintile,2009,34.3,32.0,49.0,17.4,37.1
hh_with_children,lowest_quintile,2010,34.3,31.7,47.2,18.7,37.5
hh_with_children,lowest_quintile,2011,35.5,32.4,49.2,20.5,38.3
hh_with_children,lowest_quintile,2012,36.1,33.1,51.0,20.5,37.7
hh_with_children,lowest_quintile,2013,35.5,32.9,49.3,19.5,38.3
hh_with_children,lowest_quintile,2014,34.6,32.8,49.6,17.6,36.7
hh_with_children,lowest_quintile,2015,33.9,32.3,48.6,19.8,35.1
hh_with_children,second_quintile,1979,28.0,28.5,24.7,38.3,27.5
hh_with_children,second_quintile,1980,30.3,31.4,26.1,42.7,29.5
hh_with_children,second_quintile,1981,28.6,29.5,24.4,37.7,28.9
hh_with_children,second_quintile,1982,30.5,31.6,26.0,46.1,29.4
hh_with_children,second_quintile,1983,29.0,30.6,23.1,50.5,27.7
hh_with_children,second_quintile,1984,29.2,29.9,25.2,34.7,29.7
hh_with_children,second_quintile,1985,28.3,29.7,24.9,37.1,27.4
hh_with_children,second_quintile,1986,28.1,28.7,24.7,41.9,26.8
hh_with_children,second_quintile,1987,22.8,25.9,16.8,37.9,20.1
hh_with_children,second_quintile,1988,23.0,25.1,17.4,39.2,20.5
hh_with_children,second_quintile,1989,26.6,29.3,20.0,41.1,23.9
hh_with_children,second_quintile,1990,27.7,29.5,22.4,39.2,25.8
hh_with_children,second_quintile,1991,28.4,29.9,25.2,37.9,26.2
hh_with_children,second_quintile,1992,32.1,32.2,28.8,37.6,32.3
hh_with_children,second_quintile,1993,33.1,33.9,29.2,37.7,32.8
hh_with_children,second_quintile,1994,30.7,31.0,27.6,36.4,30.0
hh_with_children,second_quintile,1995,31.6,32.0,28.7,36.0,30.8
hh_with_children,second_quintile,1996,35.6,35.9,32.4,40.6,34.7
hh_with_children,second_quintile,1997,37.4,36.0,35.8,40.7,39.7
hh_with_children,second_quintile,1998,35.4,34.8,33.6,40.1,35.7
hh_with_children,second_quintile,1999,35.6,34.5,34.5,41.0,36.6
hh_with_children,second_quintile,2000,33.3,32.2,32.2,38.7,35.0
hh_with_children,second_quintile,2001,33.1,32.3,32.1,38.5,34.0
hh_with_children,second_quintile,2002,33.5,32.7,33.3,36.9,35.5
hh_with_children,second_quintile,2003,33.1,32.2,33.5,35.3,36.0
hh_with_children,second_quintile,2004,32.4,31.9,32.0,32.6,36.0
hh_with_children,second_quintile,2005,34.4,34.2,32.8,38.8,34.1
hh_with_children,second_quintile,2006,32.9,32.7,31.7,38.0,32.3
hh_with_children,second_quintile,2007,32.1,31.8,31.4,36.6,31.4
hh_with_children,second_quintile,2008,32.5,32.3,31.7,35.7,32.6
hh_with_children,second_quintile,2009,32.3,31.6,33.2,34.1,33.9
hh_with_children,second_quintile,2010,32.9,32.7,32.6,33.5,33.7
hh_with_children,second_quintile,2011,32.8,32.5,32.2,36.6,33.2
hh_with_children,second_quintile,2012,32.9,32.9,32.0,35.2,33.3
hh_with_children,second_quintile,2013,32.6,32.6,31.8,36.2,32.1
hh_with_children,second_quintile,2014,31.4,31.4,30.8,33.5,31.2
hh_with_children,second_quintile,2015,31.9,32.0,30.9,34.8,31.1
hh_with_children,middle_quintile,1979,10.6,11.3,6.4,19.1,10.6
hh_with_children,middle_quintile,1980,11.6,12.7,7.7,19.7,11.5
hh_with_children,middle_quintile,1981,11.0,12.4,7.9,18.9,10.5
hh_with_children,middle_quintile,1982,8.6,9.9,5.2,15.9,8.3
hh_with_children,middle_quintile,1983,7.2,8.6,4.5,13.8,6.6
hh_with_children,middle_quintile,1984,9.1,10.6,6.5,17.8,8.0
hh_with_children,middle_quintile,1985,8.1,10.1,4.3,19.7,6.5
hh_with_children,middle_quintile,1986,7.7,9.1,4.6,14.4,6.9
hh_with_children,middle_quintile,1987,6.7,7.3,2.8,14.4,6.4
hh_with_children,middle_quintile,1988,8.3,10.2,4.0,17.0,6.8
hh_with_children,middle_quintile,1989,8.2,9.6,3.9,17.5,6.9
hh_with_children,middle_quintile,1990,10.9,12.5,5.9,22.6,9.0
hh_with_children,middle_quintile,1991,11.7,13.7,6.9,24.1,9.2
hh_with_children,middle_quintile,1992,13.4,15.0,8.4,25.7,10.6
hh_with_children,middle_quintile,1993,13.9,15.1,9.3,23.8,11.4
hh_with_children,middle_quintile,1994,15.0,16.7,9.8,22.5,13.0
hh_with_children,middle_quintile,1995,15.7,17.5,9.8,24.8,12.6
hh_with_children,middle_quintile,1996,15.9,17.8,10.6,23.3,12.8
hh_with_children,middle_quintile,1997,17.2,18.9,11.5,26.9,12.3
hh_with_children,middle_quintile,1998,16.9,17.8,11.2,24.8,13.8
hh_with_children,middle_quintile,1999,16.5,17.6,9.7,24.6,12.8
hh_with_children,middle_quintile,2000,17.8,18.5,11.6,26.1,13.8
hh_with_children,middle_quintile,2001,17.5,18.5,10.3,24.8,13.4
hh_with_children,middle_quintile,2002,19.2,19.9,12.7,28.1,15.1
hh_with_children,middle_quintile,2003,18.5,19.5,10.4,26.7,14.7
hh_with_children,middle_quintile,2004,19.0,20.0,11.4,27.2,15.1
hh_with_children,middle_quintile,2005,18.2,19.5,11.0,23.8,14.7
hh_with_children,middle_quintile,2006,17.4,18.3,9.9,24.1,15.6
hh_with_children,middle_quintile,2007,18.4,19.3,10.2,25.5,16.3
hh_with_children,middle_quintile,2008,18.7,19.6,11.1,26.6,16.5
hh_with_children,middle_quintile,2009,19.5,20.7,12.5,28.3,16.9
hh_with_children,middle_quintile,2010,19.3,20.6,13.0,27.5,17.0
hh_with_children,middle_quintile,2011,19.6,21.2,13.5,26.1,17.4
hh_with_children,middle_quintile,2012,19.0,20.4,12.1,27.4,17.7
hh_with_children,middle_quintile,2013,20.6,21.7,13.5,30.4,18.9
hh_with_children,middle_quintile,2014,20.0,20.8,13.1,29.0,19.0
hh_with_children,middle_quintile,2015,19.9,20.6,13.2,26.1,18.8
hh_with_children,fourth_quintile,1979,5.7,6.6,2.5,9.5,6.0
hh_with_children,fourth_quintile,1980,5.4,6.1,2.7,8.9,5.6
hh_with_children,fourth_quintile,1981,5.3,6.2,2.6,11.9,5.1
hh_with_children,fourth_quintile,1982,3.1,4.0,1.2,4.6,3.2
hh_with_children,fourth_quintile,1983,2.7,3.2,1.0,6.4,2.6
hh_with_children,fourth_quintile,1984,3.6,4.2,2.1,7.1,3.5
hh_with_children,fourth_quintile,1985,3.4,4.1,1.1,6.4,3.5
hh_with_children,fourth_quintile,1986,2.9,3.3,1.1,5.9,2.9
hh_with_children,fourth_quintile,1987,2.9,3.7,0.8,4.7,2.7
hh_with_children,fourth_quintile,1988,4.2,5.3,1.5,8.6,3.5
hh_with_children,fourth_quintile,1989,4.2,5.1,1.6,7.6,3.8
hh_with_children,fourth_quintile,1990,4.0,5.0,1.3,9.2,3.0
hh_with_children,fourth_quintile,1991,4.4,5.4,2.1,9.1,3.4
hh_with_children,fourth_quintile,1992,5.9,7.0,3.2,11.8,4.3
hh_with_children,fourth_quintile,1993,5.8,6.6,3.1,11.9,4.1
hh_with_children,fourth_quintile,1994,6.6,8.1,3.3,10.4,4.9
hh_with_children,fourth_quintile,1995,6.6,7.8,3.6,9.1,5.5
hh_with_children,fourth_quintile,1996,6.0,7.2,2.7,9.3,4.6
hh_with_children,fourth_quintile,1997,6.5,7.6,3.0,11.1,4.1
hh_with_children,fourth_quintile,1998,6.5,7.3,2.5,9.9,4.8
hh_with_children,fourth_quintile,1999,7.2,8.4,2.4,9.9,5.0
hh_with_children,fourth_quintile,2000,7.9,8.7,3.0,11.6,5.4
hh_with_children,fourth_quintile,2001,7.2,8.3,2.0,10.1,4.5
hh_with_children,fourth_quintile,2002,8.4,9.3,3.0,13.3,4.8
hh_with_children,fourth_quintile,2003,9.1,10.0,3.0,14.4,5.9
hh_with_children,fourth_quintile,2004,9.2,10.1,3.3,15.0,5.7
hh_with_children,fourth_quintile,2005,8.0,8.9,2.6,12.6,4.8
hh_with_children,fourth_quintile,2006,7.8,8.6,2.7,11.2,6.6
hh_with_children,fourth_quintile,2007,8.3,9.0,2.8,11.4,7.3
hh_with_children,fourth_quintile,2008,8.5,9.3,3.7,11.4,7.1
hh_with_children,fourth_quintile,2009,9.4,10.6,3.4,14.2,8.0
hh_with_children,fourth_quintile,2010,9.1,10.1,4.8,13.3,7.8
hh_with_children,fourth_quintile,2011,8.3,9.4,3.7,11.9,7.6
hh_with_children,fourth_quintile,2012,8.4,9.4,3.7,13.6,8.0
hh_with_children,fourth_quintile,2013,7.9,9.0,3.9,9.5,7.3
hh_with_children,fourth_quintile,2014,10.1,10.7,4.8,15.9,9.2
hh_with_children,fourth_quintile,2015,9.9,10.4,5.1,14.0,10.5
hh_with_children,highest_quintile,1979,2.6,2.9,1.2,4.1,2.8
hh_with_children,highest_quintile,1980,2.1,2.2,0.9,2.6,2.6
hh_with_children,highest_quintile,1981,2.0,2.5,0.8,3.5,2.1
hh_with_children,highest_quintile,1982,1.9,2.8,0.5,4.0,1.7
hh_with_children,highest_quintile,1983,1.5,1.6,0.6,2.3,1.7
hh_with_children,highest_quintile,1984,2.0,2.1,0.9,4.6,1.9
hh_with_children,highest_quintile,1985,1.8,1.9,0.8,3.9,1.9
hh_with_children,highest_quintile,1986,2.0,2.1,0.7,3.9,2.2
hh_with_children,highest_quintile,1987,1.5,1.4,0.7,2.1,1.7
hh_with_children,highest_quintile,1988,1.7,2.2,1.0,3.2,1.5
hh_with_children,highest_quintile,1989,2.2,2.6,0.8,4.8,1.9
hh_with_children,highest_quintile,1990,1.9,2.4,0.7,4.2,1.5
hh_with_children,highest_quintile,1991,2.5,2.8,1.2,3.8,2.6
hh_with_children,highest_quintile,1992,2.7,3.1,1.3,4.5,2.5
hh_with_children,highest_quintile,1993,2.5,3.0,0.8,5.5,1.7
hh_with_children,highest_quintile,1994,2.9,3.8,0.9,4.8,2.1
hh_with_children,highest_quintile,1995,3.2,4.1,1.1,4.2,2.7
hh_with_children,highest_quintile,1996,2.5,3.0,0.9,3.4,2.1
hh_with_children,highest_quintile,1997,2.5,2.9,0.6,4.3,1.8
hh_with_children,highest_quintile,1998,2.2,2.7,0.6,2.7,1.7
hh_with_children,highest_quintile,1999,2.9,3.3,0.5,5.0,1.9
hh_with_children,highest_quintile,2000,3.2,3.5,1.0,4.2,2.7
hh_with_children,highest_quintile,2001,3.3,3.7,0.6,4.3,2.7
hh_with_children,highest_quintile,2002,3.5,3.7,1.0,4.5,3.2
hh_with_children,highest_quintile,2003,3.7,4.0,0.8,5.5,2.9
hh_with_children,highest_quintile,2004,3.9,4.3,0.8,6.6,2.7
hh_with_children,highest_quintile,2005,3.5,3.9,0.6,5.3,2.8
hh_with_children,highest_quintile,2006,3.6,4.0,0.7,5.1,3.6
hh_with_children,highest_quintile,2007,3.6,4.0,0.7,4.6,3.3
hh_with_children,highest_quintile,2008,4.1,4.5,1.2,6.2,3.6
hh_with_children,highest_quintile,2009,3.9,4.4,1.2,5.5,3.5
hh_with_children,highest_quintile,2010,3.8,4.3,1.6,6.1,3.4
hh_with_children,highest_quintile,2011,3.3,4.0,0.8,4.2,3.0
hh_with_children,highest_quintile,2012,3.0,3.8,0.7,2.8,2.9
hh_with_children,highest_quintile,2013,3.0,3.4,0.9,3.8,2.9
hh_with_children,highest_quintile,2014,3.5,3.9,1.3,3.6,3.5
hh_with_children,highest_quintile,2015,4.1,4.5,1.8,5.0,4.1
hh_with_children,percentiles_81_90,1979,1.6,1.8,0.7,3.2,1.7
hh_with_children,percentiles_81_90,1980,1.2,1.3,0.5,1.5,1.5
hh_with_children,percentiles_81_90,1981,1.1,1.5,0.4,2.3,1.1
hh_with_children,percentiles_81_90,1982,1.0,1.5,0.2,2.9,0.8
hh_with_children,percentiles_81_90,1983,0.7,0.8,0.2,1.6,0.8
hh_with_children,percentiles_81_90,1984,1.2,1.3,0.4,3.1,1.1
hh_with_children,percentiles_81_90,1985,0.9,1.0,0.3,2.2,0.9
hh_with_children,percentiles_81_90,1986,1.1,1.2,0.3,2.3,1.2
hh_with_children,percentiles_81_90,1987,0.8,0.7,0.3,1.3,1.0
hh_with_children,percentiles_81_90,1988,0.9,1.1,0.4,1.9,0.8
hh_with_children,percentiles_81_90,1989,1.2,1.5,0.4,2.3,1.1
hh_with_children,percentiles_81_90,1990,1.1,1.4,0.3,2.6,0.8
hh_with_children,percentiles_81_90,1991,1.4,1.6,0.6,2.2,1.2
hh_with_children,percentiles_81_90,1992,1.5,1.8,0.6,2.8,1.2
hh_with_children,percentiles_81_90,1993,1.5,1.9,0.5,3.4,1.0
hh_with_children,percentiles_81_90,1994,1.6,2.1,0.6,2.9,1.1
hh_with_children,percentiles_81_90,1995,1.7,2.2,0.6,2.2,1.5
hh_with_children,percentiles_81_90,1996,1.7,2.0,0.6,2.6,1.4
hh_with_children,percentiles_81_90,1997,1.6,2.0,0.4,3.0,1.0
hh_with_children,percentiles_81_90,1998,1.3,1.6,0.5,1.5,1.0
hh_with_children,percentiles_81_90,1999,1.8,2.0,0.3,3.5,1.1
hh_with_children,percentiles_81_90,2000,2.1,2.3,0.7,2.9,1.7
hh_with_children,percentiles_81_90,2001,2.0,2.3,0.4,2.5,1.3
hh_with_children,percentiles_81_90,2002,2.2,2.3,0.6,2.9,1.9
hh_with_children,percentiles_81_90,2003,2.1,2.3,0.4,2.9,1.6
hh_with_children,percentiles_81_90,2004,2.4,2.7,0.5,4.3,1.4
hh_with_children,percentiles_81_90,2005,2.0,2.2,0.4,3.3,1.5
hh_with_children,percentiles_81_90,2006,2.2,2.5,0.4,3.2,1.8
hh_with_children,percentiles_81_90,2007,2.1,2.4,0.4,3.0,1.8
hh_with_children,percentiles_81_90,2008,2.4,2.6,0.7,3.9,2.0
hh_with_children,percentiles_81_90,2009,2.4,2.7,0.7,3.9,2.1
hh_with_children,percentiles_81_90,2010,2.4,2.7,1.0,3.8,2.0
hh_with_children,percentiles_81_90,2011,2.0,2.4,0.5,3.0,1.6
hh_with_children,percentiles_81_90,2012,1.9,2.3,0.4,1.7,1.8
hh_with_children,percentiles_81_90,2013,1.8,2.1,0.6,2.8,1.6
hh_with_children,percentiles_81_90,2014,2.2,2.4,0.9,2.5,2.2
hh_with_children,percentiles_81_90,2015,2.5,2.7,1.1,2.8,2.4
hh_with_children,percentiles_91_95,1979,0.5,0.6,0.2,0.5,0.6
hh_with_children,percentiles_91_95,1980,0.4,0.5,0.1,0.6,0.5
hh_with_children,percentiles_91_95,1981,0.3,0.4,0.1,0.8,0.4
hh_with_children,percentiles_91_95,1982,0.4,0.6,0.1,0.6,0.4
hh_with_children,percentiles_91_95,1983,0.2,0.2,0.1,0.2,0.3
hh_with_children,percentiles_91_95,1984,0.4,0.3,0.2,1.0,0.4
hh_with_children,percentiles_91_95,1985,0.4,0.3,0.1,0.9,0.4
hh_with_children,percentiles_91_95,1986,0.4,0.4,0.2,0.5,0.4
hh_with_children,percentiles_91_95,1987,0.2,0.2,0.1,0.2,0.2
hh_with_children,percentiles_91_95,1988,0.5,0.6,0.3,1.1,0.3
hh_with_children,percentiles_91_95,1989,0.5,0.6,0.2,1.4,0.4
hh_with_children,percentiles_91_95,1990,0.4,0.5,0.2,1.2,0.3
hh_with_children,percentiles_91_95,1991,0.5,0.5,0.3,0.7,0.5
hh_with_children,percentiles_91_95,1992,0.8,0.8,0.4,1.0,0.9
hh_with_children,percentiles_91_95,1993,0.5,0.6,0.1,1.3,0.3
hh_with_children,percentiles_91_95,1994,0.7,0.9,0.2,0.9,0.5
hh_with_children,percentiles_91_95,1995,0.8,0.9,0.2,1.2,0.7
hh_with_children,percentiles_91_95,1996,0.4,0.6,0.1,0.7,0.4
hh_with_children,percentiles_91_95,1997,0.5,0.6,0.2,1.0,0.3
hh_with_children,percentiles_91_95,1998,0.4,0.5,0.1,0.3,0.4
hh_with_children,percentiles_91_95,1999,0.6,0.6,0.2,0.8,0.5
hh_with_children,percentiles_91_95,2000,0.7,0.8,0.2,1.1,0.6
hh_with_children,percentiles_91_95,2001,0.7,0.7,0.1,0.9,0.7
hh_with_children,percentiles_91_95,2002,0.7,0.8,0.1,0.8,0.6
hh_with_children,percentiles_91_95,2003,1.0,1.0,0.1,2.1,0.7
hh_with_children,percentiles_91_95,2004,0.8,0.9,0.1,0.9,0.7
hh_with_children,percentiles_91_95,2005,0.8,1.0,0.1,1.1,0.6
hh_with_children,percentiles_91_95,2006,0.7,0.7,0.1,1.3,0.9
hh_with_children,percentiles_91_95,2007,0.8,0.9,0.1,0.8,0.7
hh_with_children,percentiles_91_95,2008,0.9,1.0,0.2,1.2,0.8
hh_with_children,percentiles_91_95,2009,0.8,1.0,0.3,1.1,0.7
hh_with_children,percentiles_91_95,2010,0.8,0.9,0.3,1.2,0.8
hh_with_children,percentiles_91_95,2011,0.6,0.8,0.2,0.5,0.7
hh_with_children,percentiles_91_95,2012,0.6,0.7,0.1,0.5,0.5
hh_with_children,percentiles_91_95,2013,0.6,0.7,0.2,0.6,0.8
hh_with_children,percentiles_91_95,2014,0.6,0.7,0.2,0.6,0.7
hh_with_children,percentiles_91_95,2015,0.8,0.9,0.4,0.9,0.8
hh_with_children,percentiles_96_99,1979,0.3,0.3,0.2,0.2,0.4
hh_with_children,percentiles_96_99,1980,0.3,0.3,0.2,0.4,0.4
hh_with_children,percentiles_96_99,1981,0.3,0.4,0.2,0.2,0.4
hh_with_children,percentiles_96_99,1982,0.3,0.5,0.1,0.5,0.3
hh_with_children,percentiles_96_99,1983,0.3,0.4,0.2,0.4,0.4
hh_with_children,percentiles_96_99,1984,0.3,0.3,0.2,0.4,0.3
hh_with_children,percentiles_96_99,1985,0.3,0.3,0.2,0.5,0.4
hh_with_children,percentiles_96_99,1986,0.3,0.3,0.1,0.4,0.4
hh_with_children,percentiles_96_99,1987,0.3,0.3,0.2,0.4,0.4
hh_with_children,percentiles_96_99,1988,0.3,0.4,0.2,0.1,0.3
hh_with_children,percentiles_96_99,1989,0.3,0.3,0.1,0.6,0.3
hh_with_children,percentiles_96_99,1990,0.3,0.4,0.1,0.3,0.3
hh_with_children,percentiles_96_99,1991,0.5,0.4,0.2,0.7,0.7
hh_with_children,percentiles_96_99,1992,0.4,0.5,0.1,0.6,0.4
hh_with_children,percentiles_96_99,1993,0.3,0.4,0.1,0.7,0.3
hh_with_children,percentiles_96_99,1994,0.5,0.7,0.1,0.8,0.4
hh_with_children,percentiles_96_99,1995,0.5,0.7,0.2,0.6,0.4
hh_with_children,percentiles_96_99,1996,0.3,0.4,0.1,0.1,0.2
hh_with_children,percentiles_96_99,1997,0.3,0.3,0.1,0.3,0.4
hh_with_children,percentiles_96_99,1998,0.4,0.5,0.1,0.7,0.3
hh_with_children,percentiles_96_99,1999,0.4,0.5,,0.5,0.3
hh_with_children,percentiles_96_99,2000,0.3,0.4,0.1,0.2,0.4
hh_with_children,percentiles_96_99,2001,0.5,0.5,0.1,0.6,0.5
hh_with_children,percentiles_96_99,2002,0.4,0.5,0.2,0.6,0.3
hh_with_children,percentiles_96_99,2003,0.5,0.6,0.1,0.4,0.4
hh_with_children,percentiles_96_99,2004,0.6,0.6,0.1,1.4,0.4
hh_with_children,percentiles_96_99,2005,0.5,0.6,0.1,0.8,0.5
hh_with_children,percentiles_96_99,2006,0.5,0.6,0.1,0.5,0.7
hh_with_children,percentiles_96_99,2007,0.6,0.6,0.1,0.7,0.6
hh_with_children,percentiles_96_99,2008,0.6,0.6,0.1,0.9,0.5
hh_with_children,percentiles_96_99,2009,0.5,0.6,0.1,0.3,0.6
hh_with_children,percentiles_96_99,2010,0.5,0.5,0.2,0.7,0.5
hh_with_children,percentiles_96_99,2011,0.5,0.6,0.1,0.5,0.5
hh_with_children,percentiles_96_99,2012,0.4,0.5,0.1,0.4,0.5
hh_with_children,percentiles_96_99,2013,0.4,0.4,0.1,0.3,0.4
hh_with_children,percentiles_96_99,2014,0.5,0.6,0.1,0.3,0.5
hh_with_children,percentiles_96_99,2015,0.6,0.7,0.2,1.0,0.7
hh_with_children,top_1_percent,1979,0.1,0.1,0.1,0.2,0.2
hh_with_children,top_1_percent,1980,0.2,0.1,0.1,0.1,0.2
hh_with_children,top_1_percent,1981,0.2,0.2,0.1,0.2,0.2
hh_with_children,top_1_percent,1982,0.1,0.2,0.1,,0.1
hh_with_children,top_1_percent,1983,0.2,0.2,0.1,0.1,0.2
hh_with_children,top_1_percent,1984,0.1,0.2,0.1,0.1,0.1
hh_with_children,top_1_percent,1985,0.2,0.3,0.2,0.3,0.2
hh_with_children,top_1_percent,1986,0.2,0.2,0.1,0.6,0.2
hh_with_children,top_1_percent,1987,0.1,0.2,0.1,0.1,0.1
hh_with_children,top_1_percent,1988,0.1,0.1,0.1,,0.1
hh_with_children,top_1_percent,1989,0.2,0.2,0.1,0.5,0.1
hh_with_children,top_1_percent,1990,0.1,0.1,0.1,0.1,0.1
hh_with_children,top_1_percent,1991,0.2,0.2,0.1,0.2,0.1
hh_with_children,top_1_percent,1992,0.1,0.1,,0.1,0.1
hh_with_children,top_1_percent,1993,0.1,0.1,0.1,0.1,0.2
hh_with_children,top_1_percent,1994,0.1,0.1,0.1,0.1,0.1
hh_with_children,top_1_percent,1995,0.2,0.3,0.1,0.3,0.1
hh_with_children,top_1_percent,1996,0.1,0.1,0.1,,0.1
hh_with_children,top_1_percent,1997,,0.1,,,0.1
hh_with_children,top_1_percent,1998,0.1,0.2,,0.2,0.1
hh_with_children,top_1_percent,1999,0.1,0.2,,0.3,0.1
hh_with_children,top_1_percent,2000,0.1,0.1,,,0.1
hh_with_children,top_1_percent,2001,0.2,0.2,,0.3,0.2
hh_with_children,top_1_percent,2002,0.2,0.2,0.1,0.2,0.3
hh_with_children,top_1_percent,2003,0.1,0.1,0.1,0.1,0.1
hh_with_children,top_1_percent,2004,0.1,0.1,0.1,0.1,0.1
hh_with_children,top_1_percent,2005,0.1,0.1,,0.1,0.1
hh_with_children,top_1_percent,2006,0.1,0.1,,0.2,0.2
hh_with_children,top_1_percent,2007,0.1,0.1,,0.1,0.1
hh_with_children,top_1_percent,2008,0.2,0.2,0.1,0.2,0.3
hh_with_children,top_1_percent,2009,0.2,0.2,0.1,0.2,0.2
hh_with_children,top_1_percent,2010,0.2,0.2,0.1,0.4,0.1
hh_with_children,top_1_percent,2011,0.2,0.2,,0.2,0.2
hh_with_children,top_1_percent,2012,0.1,0.2,,0.2,0.1
hh_with_children,top_1_percent,2013,0.1,0.2,,,0.1
hh_with_children,top_1_percent,2014,0.2,0.2,0.1,0.1,0.2
hh_with_children,top_1_percent,2015,0.2,0.2,0.1,0.2,0.2
elderly_headed_hh,all_quintiles,1979,100.0,100.0,100.0,100.0,100.0
elderly_headed_hh,all_quintiles,1980,100.0,100.0,100.0,100.0,100.0
elderly_headed_hh,all_quintiles,1981,100.0,100.0,100.0,100.0,100.0
elderly_headed_hh,all_quintiles,1982,100.0,100.0,100.0,100.0,100.0
elderly_headed_hh,all_quintiles,1983,100.0,100.0,100.0,100.0,100.0
elderly_headed_hh,all_quintiles,1984,100.0,100.0,100.0,100.0,100.0
elderly_headed_hh,all_quintiles,1985,100.0,100.0,100.0,100.0,100.0
elderly_headed_hh,all_quintiles,1986,100.0,100.0,100.0,100.0,100.0
elderly_headed_hh,all_quintiles,1987,100.0,100.0,100.0,100.0,100.0
elderly_headed_hh,all_quintiles,1988,100.0,100.0,100.0,100.0,100.0
elderly_headed_hh,all_quintiles,1989,100.0,100.0,100.0,100.0,100.0
elderly_headed_hh,all_quintiles,1990,100.0,100.0,100.0,100.0,100.0
elderly_headed_hh,all_quintiles,1991,100.0,100.0,100.0,100.0,100.0
elderly_headed_hh,all_quintiles,1992,100.0,100.0,100.0,100.0,100.0
elderly_headed_hh,all_quintiles,1993,100.0,100.0,100.0,100.0,100.0
elderly_headed_hh,all_quintiles,1994,100.0,100.0,100.0,100.0,100.0
elderly_headed_hh,all_quintiles,1995,100.0,100.0,100.0,100.0,100.0
elderly_headed_hh,all_quintiles,1996,100.0,100.0,100.0,100.0,100.0
elderly_headed_hh,all_quintiles,1997,100.0,100.0,100.0,100.0,100.0
elderly_headed_hh,all_quintiles,1998,100.0,100.0,100.0,100.0,100.0
elderly_headed_hh,all_quintiles,1999,100.0,100.0,100.0,100.0,100.0
elderly_headed_hh,all_quintiles,2000,100.0,100.0,100.0,100.0,100.0
elderly_headed_hh,all_quintiles,2001,100.0,100.0,100.0,100.0,100.0
elderly_headed_hh,all_quintiles,2002,100.0,100.0,100.0,100.0,100.0
elderly_headed_hh,all_quintiles,2003,100.0,100.0,100.0,100.0,100.0
elderly_headed_hh,all_quintiles,2004,100.0,100.0,100.0,100.0,100.0
elderly_headed_hh,all_quintiles,2005,100.0,100.0,100.0,100.0,100.0
elderly_headed_hh,all_quintiles,2006,100.0,100.0,100.0,100.0,100.0
elderly_headed_hh,all_quintiles,2007,100.0,100.0,100.0,100.0,100.0
elderly_headed_hh,all_quintiles,2008,100.0,100.0,100.0,100.0,100.0
elderly_headed_hh,all_quintiles,2009,100.0,100.0,100.0,100.0,100.0
elderly_headed_hh,all_quintiles,2010,100.0,100.0,100.0,100.0,100.0
elderly_headed_hh,all_quintiles,2011,100.0,100.0,100.0,100.0,100.0
elderly_headed_hh,all_quintiles,2012,100.0,100.0,100.0,100.0,100.0
elderly_headed_hh,all_quintiles,2013,100.0,100.0,100.0,100.0,100.0
elderly_headed_hh,all_quintiles,2014,100.0,100.0,100.0,100.0,100.0
elderly_headed_hh,all_quintiles,2015,100.0,100.0,100.0,100.0,100.0
elderly_headed_hh,lowest_quintile,1979,46.8,46.7,65.7,40.3,45.3
elderly_headed_hh,lowest_quintile,1980,43.9,43.8,62.6,40.1,37.3
elderly_headed_hh,lowest_quintile,1981,35.3,34.5,52.7,31.8,28.8
elderly_headed_hh,lowest_quintile,1982,28.4,28.0,46.4,27.4,20.2
elderly_headed_hh,lowest_quintile,1983,20.4,21.0,36.0,18.6,12.6
elderly_headed_hh,lowest_quintile,1984,23.9,24.7,39.2,23.6,15.7
elderly_headed_hh,lowest_quintile,1985,18.8,18.4,34.7,17.0,15.3
elderly_headed_hh,lowest_quintile,1986,16.5,15.0,33.1,16.2,14.4
elderly_headed_hh,lowest_quintile,1987,17.2,14.1,35.5,19.3,16.4
elderly_headed_hh,lowest_quintile,1988,15.6,14.3,30.8,14.0,15.6
elderly_headed_hh,lowest_quintile,1989,17.0,13.7,32.6,16.5,19.9
elderly_headed_hh,lowest_quintile,1990,14.5,11.0,28.4,14.3,18.1
elderly_headed_hh,lowest_quintile,1991,13.0,10.2,26.2,12.0,16.3
elderly_headed_hh,lowest_quintile,1992,9.7,6.9,23.9,8.9,12.5
elderly_headed_hh,lowest_quintile,1993,8.2,5.8,19.5,7.3,12.2
elderly_headed_hh,lowest_quintile,1994,11.4,8.3,25.4,10.8,17.6
elderly_headed_hh,lowest_quintile,1995,10.3,6.8,26.4,12.2,14.3
elderly_headed_hh,lowest_quintile,1996,10.2,7.2,25.7,11.6,13.4
elderly_headed_hh,lowest_quintile,1997,10.5,7.8,27.4,12.5,14.1
elderly_headed_hh,lowest_quintile,1998,10.4,7.0,25.3,13.2,20.6
elderly_headed_hh,lowest_quintile,1999,10.4,6.7,30.8,11.0,27.3
elderly_headed_hh,lowest_quintile,2000,10.5,6.9,28.7,12.1,25.1
elderly_headed_hh,lowest_quintile,2001,8.9,5.5,27.0,11.3,23.0
elderly_headed_hh,lowest_quintile,2002,8.1,5.6,23.1,10.4,18.0
elderly_headed_hh,lowest_quintile,2003,7.7,5.0,23.8,8.4,22.4
elderly_headed_hh,lowest_quintile,2004,9.6,6.6,28.1,12.0,26.9
elderly_headed_hh,lowest_quintile,2005,9.0,5.8,29.0,10.1,25.0
elderly_headed_hh,lowest_quintile,2006,7.4,4.4,25.2,8.8,12.2
elderly_headed_hh,lowest_quintile,2007,8.9,5.2,24.3,10.8,15.3
elderly_headed_hh,lowest_quintile,2008,9.7,6.0,24.4,10.8,17.1
elderly_headed_hh,lowest_quintile,2009,7.3,4.4,19.2,7.9,11.7
elderly_headed_hh,lowest_quintile,2010,6.4,3.7,15.4,7.8,10.0
elderly_headed_hh,lowest_quintile,2011,9.1,4.8,23.0,9.5,14.2
elderly_headed_hh,lowest_quintile,2012,9.8,5.6,25.5,8.7,15.0
elderly_headed_hh,lowest_quintile,2013,11.2,6.8,27.2,9.9,15.2
elderly_headed_hh,lowest_quintile,2014,14.0,10.9,26.7,11.9,18.3
elderly_headed_hh,lowest_quintile,2015,15.2,11.0,29.9,13.5,21.1
elderly_headed_hh,second_quintile,1979,32.9,31.0,26.7,30.6,43.6
elderly_headed_hh,second_quintile,1980,36.3,34.5,27.5,34.5,47.5
elderly_headed_hh,second_quintile,1981,43.8,43.4,36.5,40.2,54.8
elderly_headed_hh,second_quintile,1982,45.5,42.9,41.9,42.1,57.9
elderly_headed_hh,second_quintile,1983,48.0,46.8,45.7,40.9,61.8
elderly_headed_hh,second_quintile,1984,50.0,49.3,46.6,42.2,61.4
elderly_headed_hh,second_quintile,1985,52.4,53.1,51.1,44.2,60.1
elderly_headed_hh,second_quintile,1986,51.2,50.1,50.1,46.2,59.3
elderly_headed_hh,second_quintile,1987,54.8,53.9,51.8,47.6,64.6
elderly_headed_hh,second_quintile,1988,55.4,55.4,52.8,50.1,61.5
elderly_headed_hh,second_quintile,1989,54.1,55.5,56.3,47.1,57.6
elderly_headed_hh,second_quintile,1990,50.0,49.8,50.3,46.1,54.0
elderly_headed_hh,second_quintile,1991,48.4,48.1,52.1,42.3,54.8
elderly_headed_hh,second_quintile,1992,45.6,44.5,48.6,38.5,58.6
elderly_headed_hh,second_quintile,1993,38.5,34.1,43.8,35.7,55.1
elderly_headed_hh,second_quintile,1994,40.2,36.5,47.5,39.2,53.2
elderly_headed_hh,second_quintile,1995,38.5,35.4,44.6,37.4,52.1
elderly_headed_hh,second_quintile,1996,35.6,31.5,40.0,36.2,53.2
elderly_headed_hh,second_quintile,1997,35.3,31.2,40.3,36.9,53.0
elderly_headed_hh,second_quintile,1998,35.9,33.2,44.3,35.5,50.5
elderly_headed_hh,second_quintile,1999,38.7,37.4,39.7,39.0,46.8
elderly_headed_hh,second_quintile,2000,35.3,33.1,41.3,37.0,45.7
elderly_headed_hh,second_quintile,2001,36.9,35.4,42.6,36.6,45.7
elderly_headed_hh,second_quintile,2002,29.8,27.6,36.0,31.9,42.3
elderly_headed_hh,second_quintile,2003,28.7,26.4,41.2,29.7,40.9
elderly_headed_hh,second_quintile,2004,27.2,25.8,35.9,28.3,36.5
elderly_headed_hh,second_quintile,2005,32.6,30.5,39.1,35.7,43.9
elderly_headed_hh,second_quintile,2006,30.9,27.1,41.7,32.4,39.9
elderly_headed_hh,second_quintile,2007,27.5,24.2,36.0,27.7,35.3
elderly_headed_hh,second_quintile,2008,30.1,27.2,38.1,29.0,38.6
elderly_headed_hh,second_quintile,2009,24.8,20.9,33.9,25.9,33.5
elderly_headed_hh,second_quintile,2010,25.0,20.9,35.1,23.6,34.2
elderly_headed_hh,second_quintile,2011,27.4,23.6,36.9,24.8,35.2
elderly_headed_hh,second_quintile,2012,29.1,25.8,37.7,26.8,36.8
elderly_headed_hh,second_quintile,2013,26.2,21.7,35.7,24.0,34.7
elderly_headed_hh,second_quintile,2014,30.5,27.4,37.1,28.4,37.8
elderly_headed_hh,second_quintile,2015,28.8,26.0,34.8,25.2,35.8
elderly_headed_hh,middle_quintile,1979,11.5,12.2,5.4,16.6,6.6
elderly_headed_hh,middle_quintile,1980,10.1,9.9,6.3,12.6,9.5
elderly_headed_hh,middle_quintile,1981,11.9,11.8,8.4,13.9,12.0
elderly_headed_hh,middle_quintile,1982,15.9,16.6,8.8,19.6,13.6
elderly_headed_hh,middle_quintile,1983,20.3,20.8,14.5,23.2,18.5
elderly_headed_hh,middle_quintile,1984,16.7,15.9,11.1,21.3,16.0
elderly_headed_hh,middle_quintile,1985,19.1,19.0,10.7,23.3,18.5
elderly_headed_hh,middle_quintile,1986,21.3,22.1,13.8,22.2,21.2
elderly_headed_hh,middle_quintile,1987,19.7,21.9,9.4,23.0,14.7
elderly_headed_hh,middle_quintile,1988,16.9,18.5,12.7,19.9,11.8
elderly_headed_hh,middle_quintile,1989,19.5,21.2,8.8,22.8,15.3
elderly_headed_hh,middle_quintile,1990,24.1,27.1,17.9,26.4,17.1
elderly_headed_hh,middle_quintile,1991,24.2,26.2,16.8,25.5,19.9
elderly_headed_hh,middle_quintile,1992,30.6,33.2,22.5,33.7,21.3
elderly_headed_hh,middle_quintile,1993,34.7,37.5,27.8,36.1,26.8
elderly_headed_hh,middle_quintile,1994,30.1,32.6,20.9,32.2,21.2
elderly_headed_hh,middle_quintile,1995,30.0,31.5,21.3,31.3,26.0
elderly_headed_hh,middle_quintile,1996,29.5,30.3,24.7,31.9,24.2
elderly_headed_hh,middle_quintile,1997,29.0,29.8,23.0,30.3,25.2
elderly_headed_hh,middle_quintile,1998,29.7,31.4,21.3,29.7,21.9
elderly_headed_hh,middle_quintile,1999,28.8,30.1,22.0,30.4,18.4
elderly_headed_hh,middle_quintile,2000,27.8,29.2,21.4,27.6,21.2
elderly_headed_hh,middle_quintile,2001,28.8,29.3,21.7,31.7,23.2
elderly_headed_hh,middle_quintile,2002,31.2,31.8,25.7,29.8,31.4
elderly_headed_hh,middle_quintile,2003,34.4,34.9,28.7,37.3,28.3
elderly_headed_hh,middle_quintile,2004,33.6,34.3,28.3,33.5,29.4
elderly_headed_hh,middle_quintile,2005,29.0,30.1,22.2,28.8,23.5
elderly_headed_hh,middle_quintile,2006,30.1,31.3,22.9,30.0,27.6
elderly_headed_hh,middle_quintile,2007,24.9,25.7,22.3,24.4,23.3
elderly_headed_hh,middle_quintile,2008,28.3,30.5,24.1,25.8,23.7
elderly_headed_hh,middle_quintile,2009,32.1,33.2,28.9,31.9,29.9
elderly_headed_hh,middle_quintile,2010,33.4,33.7,31.4,36.6,31.4
elderly_headed_hh,middle_quintile,2011,31.2,32.5,26.9,31.9,29.1
elderly_headed_hh,middle_quintile,2012,30.9,32.9,24.8,30.2,28.2
elderly_headed_hh,middle_quintile,2013,30.6,32.8,23.8,31.9,27.8
elderly_headed_hh,middle_quintile,2014,26.1,27.8,21.7,26.2,23.0
elderly_headed_hh,middle_quintile,2015,25.7,27.5,20.8,27.7,21.9
elderly_headed_hh,fourth_quintile,1979,4.6,5.2,1.2,5.9,3.5
elderly_headed_hh,fourth_quintile,1980,6.0,6.7,2.9,7.3,4.7
elderly_headed_hh,fourth_quintile,1981,4.7,5.6,1.9,6.1,2.9
elderly_headed_hh,fourth_quintile,1982,6.4,7.2,2.2,6.2,6.9
elderly_headed_hh,fourth_quintile,1983,7.5,7.7,3.1,10.8,5.0
elderly_headed_hh,fourth_quintile,1984,7.0,7.4,2.0,9.9,5.1
elderly_headed_hh,fourth_quintile,1985,6.5,6.7,2.6,9.8,4.1
elderly_headed_hh,fourth_quintile,1986,7.1,8.3,1.8,9.7,3.3
elderly_headed_hh,fourth_quintile,1987,5.9,7.5,2.2,6.8,2.8
elderly_headed_hh,fourth_quintile,1988,8.1,8.9,3.2,12.6,3.2
elderly_headed_hh,fourth_quintile,1989,5.8,6.4,1.7,7.6,3.9
elderly_headed_hh,fourth_quintile,1990,7.3,8.6,2.6,9.7,3.7
elderly_headed_hh,fourth_quintile,1991,10.9,11.9,4.5,16.0,4.8
elderly_headed_hh,fourth_quintile,1992,8.7,9.7,3.5,11.8,3.6
elderly_headed_hh,fourth_quintile,1993,12.4,14.6,7.3,14.5,4.2
elderly_headed_hh,fourth_quintile,1994,11.8,13.7,5.3,12.0,6.6
elderly_headed_hh,fourth_quintile,1995,13.8,16.8,5.7,13.0,5.3
elderly_headed_hh,fourth_quintile,1996,15.3,18.2,7.3,15.0,6.2
elderly_headed_hh,fourth_quintile,1997,14.8,17.3,7.3,13.5,6.5
elderly_headed_hh,fourth_quintile,1998,13.3,15.3,6.4,12.8,3.8
elderly_headed_hh,fourth_quintile,1999,12.7,14.6,5.6,11.5,5.0
elderly_headed_hh,fourth_quintile,2000,15.0,17.0,6.7,14.0,5.7
elderly_headed_hh,fourth_quintile,2001,15.8,18.1,7.3,13.6,5.9
elderly_headed_hh,fourth_quintile,2002,18.6,20.6,10.5,18.5,6.0
elderly_headed_hh,fourth_quintile,2003,18.9,21.1,4.8,18.1,7.4
elderly_headed_hh,fourth_quintile,2004,18.6,20.7,6.3,17.5,4.6
elderly_headed_hh,fourth_quintile,2005,18.7,20.9,7.4,17.5,5.7
elderly_headed_hh,fourth_quintile,2006,18.9,21.9,7.6,17.4,12.4
elderly_headed_hh,fourth_quintile,2007,21.6,24.9,12.1,21.6,13.4
elderly_headed_hh,fourth_quintile,2008,19.9,22.0,11.0,22.3,13.5
elderly_headed_hh,fourth_quintile,2009,22.4,25.4,13.0,23.1,15.6
elderly_headed_hh,fourth_quintile,2010,20.9,24.1,12.7,20.5,15.0
elderly_headed_hh,fourth_quintile,2011,21.2,25.4,10.6,20.7,14.9
elderly_headed_hh,fourth_quintile,2012,19.7,22.7,9.6,23.8,13.3
elderly_headed_hh,fourth_quintile,2013,21.7,25.7,10.3,24.1,15.3
elderly_headed_hh,fourth_quintile,2014,18.6,20.9,10.1,23.5,13.0
elderly_headed_hh,fourth_quintile,2015,18.9,21.7,9.9,22.7,13.5
elderly_headed_hh,highest_quintile,1979,4.0,4.9,0.8,6.3,1.0
elderly_headed_hh,highest_quintile,1980,3.7,4.9,0.4,5.4,0.8
elderly_headed_hh,highest_quintile,1981,4.4,4.8,0.6,8.0,1.4
elderly_headed_hh,highest_quintile,1982,3.7,5.2,0.6,4.3,1.4
elderly_headed_hh,highest_quintile,1983,3.7,3.6,0.6,6.5,2.1
elderly_headed_hh,highest_quintile,1984,2.4,2.7,0.6,2.9,1.8
elderly_headed_hh,highest_quintile,1985,3.1,2.8,0.8,5.6,1.9
elderly_headed_hh,highest_quintile,1986,3.9,4.5,1.0,5.7,1.7
elderly_headed_hh,highest_quintile,1987,2.4,2.7,1.2,3.1,1.5
elderly_headed_hh,highest_quintile,1988,3.9,2.8,0.3,3.4,7.9
elderly_headed_hh,highest_quintile,1989,3.6,3.1,0.6,5.9,3.3
elderly_headed_hh,highest_quintile,1990,4.0,3.5,0.5,3.4,7.1
elderly_headed_hh,highest_quintile,1991,3.5,3.5,0.4,4.1,4.2
elderly_headed_hh,highest_quintile,1992,5.2,5.6,0.9,6.9,3.9
elderly_headed_hh,highest_quintile,1993,6.0,7.9,1.3,6.4,1.6
elderly_headed_hh,highest_quintile,1994,6.5,8.8,0.9,5.7,1.3
elderly_headed_hh,highest_quintile,1995,7.3,9.4,1.9,5.9,2.2
elderly_headed_hh,highest_quintile,1996,9.0,12.5,2.1,5.2,2.7
elderly_headed_hh,highest_quintile,1997,10.2,13.7,1.5,6.7,1.1
elderly_headed_hh,highest_quintile,1998,10.7,12.9,2.6,8.7,3.2
elderly_headed_hh,highest_quintile,1999,9.2,11.0,1.7,7.8,2.3
elderly_headed_hh,highest_quintile,2000,11.2,13.6,1.8,9.1,1.9
elderly_headed_hh,highest_quintile,2001,9.4,11.5,1.3,6.7,2.1
elderly_headed_hh,highest_quintile,2002,12.1,14.3,4.4,9.2,2.2
elderly_headed_hh,highest_quintile,2003,10.2,12.5,1.4,6.4,1.0
elderly_headed_hh,highest_quintile,2004,10.8,12.5,1.2,8.6,2.5
elderly_headed_hh,highest_quintile,2005,10.4,12.3,1.9,7.6,1.8
elderly_headed_hh,highest_quintile,2006,12.4,14.9,2.1,11.0,7.6
elderly_headed_hh,highest_quintile,2007,16.8,19.6,5.1,15.1,12.4
elderly_headed_hh,highest_quintile,2008,11.8,14.0,2.0,11.9,6.8
elderly_headed_hh,highest_quintile,2009,13.0,15.8,4.3,10.6,8.8
elderly_headed_hh,highest_quintile,2010,13.7,17.1,4.9,11.1,8.9
elderly_headed_hh,highest_quintile,2011,10.7,13.4,2.1,12.8,6.2
elderly_headed_hh,highest_quintile,2012,10.1,12.7,1.9,10.2,6.3
elderly_headed_hh,highest_quintile,2013,9.6,12.3,2.4,9.3,6.3
elderly_headed_hh,highest_quintile,2014,10.4,12.5,3.9,9.6,7.4
elderly_headed_hh,highest_quintile,2015,11.0,13.5,4.3,10.6,7.4
elderly_headed_hh,percentiles_81_90,1979,1.8,1.9,0.5,2.9,0.7
elderly_headed_hh,percentiles_81_90,1980,2.2,2.8,0.3,3.4,0.6
elderly_headed_hh,percentiles_81_90,1981,3.0,3.1,0.5,6.2,0.7
elderly_headed_hh,percentiles_81_90,1982,2.0,2.9,0.2,2.3,0.7
elderly_headed_hh,percentiles_81_90,1983,2.4,2.4,0.5,4.0,1.4
elderly_headed_hh,percentiles_81_90,1984,1.5,1.8,0.3,1.6,1.1
elderly_headed_hh,percentiles_81_90,1985,2.2,1.9,0.2,4.4,1.0
elderly_headed_hh,percentiles_81_90,1986,2.4,2.8,0.8,3.5,1.0
elderly_headed_hh,percentiles_81_90,1987,1.5,1.7,0.4,1.6,1.2
elderly_headed_hh,percentiles_81_90,1988,1.6,1.7,0.3,2.4,0.9
elderly_headed_hh,percentiles_81_90,1989,2.4,2.3,0.4,4.4,1.3
elderly_headed_hh,percentiles_81_90,1990,2.1,2.2,0.4,1.8,3.0
elderly_headed_hh,percentiles_81_90,1991,1.4,1.3,0.3,1.2,2.7
elderly_headed_hh,percentiles_81_90,1992,3.0,3.5,0.8,4.0,1.5
elderly_headed_hh,percentiles_81_90,1993,4.1,5.3,1.1,4.5,1.2
elderly_headed_hh,percentiles_81_90,1994,3.9,5.1,0.6,3.6,1.0
elderly_headed_hh,percentiles_81_90,1995,4.1,5.4,0.9,3.4,0.7
elderly_headed_hh,percentiles_81_90,1996,4.5,6.2,1.2,2.3,1.5
elderly_headed_hh,percentiles_81_90,1997,5.8,7.7,0.7,4.0,0.5
elderly_headed_hh,percentiles_81_90,1998,5.9,7.3,1.8,5.1,0.6
elderly_headed_hh,percentiles_81_90,1999,5.2,6.5,0.9,3.9,0.6
elderly_headed_hh,percentiles_81_90,2000,6.5,7.8,1.1,5.6,1.2
elderly_headed_hh,percentiles_81_90,2001,5.9,7.1,0.9,4.5,1.6
elderly_headed_hh,percentiles_81_90,2002,7.6,8.9,3.5,5.7,1.8
elderly_headed_hh,percentiles_81_90,2003,6.2,7.6,0.8,3.6,0.8
elderly_headed_hh,percentiles_81_90,2004,6.3,7.2,0.6,5.4,2.1
elderly_headed_hh,percentiles_81_90,2005,6.4,7.7,1.2,4.2,1.2
elderly_headed_hh,percentiles_81_90,2006,7.3,8.5,1.6,7.8,4.2
elderly_headed_hh,percentiles_81_90,2007,9.7,11.4,4.0,9.4,5.8
elderly_headed_hh,percentiles_81_90,2008,6.9,8.0,1.6,8.5,3.7
elderly_headed_hh,percentiles_81_90,2009,7.6,9.2,2.3,6.0,5.5
elderly_headed_hh,percentiles_81_90,2010,8.8,10.8,3.0,7.7,5.8
elderly_headed_hh,percentiles_81_90,2011,6.9,8.4,1.4,9.5,4.0
elderly_headed_hh,percentiles_81_90,2012,6.4,8.0,1.4,6.7,3.7
elderly_headed_hh,percentiles_81_90,2013,6.0,7.6,1.7,5.7,4.3
elderly_headed_hh,percentiles_81_90,2014,6.6,7.8,2.5,6.5,5.0
elderly_headed_hh,percentiles_81_90,2015,7.0,8.4,2.9,7.4,4.6
elderly_headed_hh,percentiles_91_95,1979,1.6,1.7,0.2,3.0,0.1
elderly_headed_hh,percentiles_91_95,1980,1.0,1.4,,1.4,0.1
elderly_headed_hh,percentiles_91_95,1981,0.4,0.6,,0.2,0.6
elderly_headed_hh,percentiles_91_95,1982,1.1,1.5,0.5,1.1,0.5
elderly_headed_hh,percentiles_91_95,1983,0.5,0.5,,0.8,0.4
elderly_headed_hh,percentiles_91_95,1984,0.5,0.4,,0.7,0.4
elderly_headed_hh,percentiles_91_95,1985,0.5,0.4,0.5,0.7,0.2
elderly_headed_hh,percentiles_91_95,1986,0.8,0.7,0.1,1.5,0.4
elderly_headed_hh,percentiles_91_95,1987,0.5,0.7,0.6,0.3,0.1
elderly_headed_hh,percentiles_91_95,1988,1.1,0.6,0.1,0.2,3.3
elderly_headed_hh,percentiles_91_95,1989,0.4,0.5,,0.7,0.1
elderly_headed_hh,percentiles_91_95,1990,0.7,0.6,,0.5,1.3
elderly_headed_hh,percentiles_91_95,1991,1.6,1.9,0.1,2.2,0.9
elderly_headed_hh,percentiles_91_95,1992,1.3,1.1,,1.7,2.2
elderly_headed_hh,percentiles_91_95,1993,1.5,2.1,0.1,1.4,0.2
elderly_headed_hh,percentiles_91_95,1994,1.1,1.4,0.2,1.2,0.1
elderly_headed_hh,percentiles_91_95,1995,1.9,2.4,0.5,1.2,0.9
elderly_headed_hh,percentiles_91_95,1996,2.3,3.2,0.5,1.5,0.4
elderly_headed_hh,percentiles_91_95,1997,2.5,3.4,0.4,1.6,0.4
elderly_headed_hh,percentiles_91_95,1998,2.8,3.6,0.2,2.0,0.5
elderly_headed_hh,percentiles_91_95,1999,2.3,2.5,0.2,2.9,0.2
elderly_headed_hh,percentiles_91_95,2000,2.0,2.5,0.3,1.4,0.4
elderly_headed_hh,percentiles_91_95,2001,1.9,2.4,0.4,1.2,0.2
elderly_headed_hh,percentiles_91_95,2002,2.8,3.4,0.5,2.1,0.3
elderly_headed_hh,percentiles_91_95,2003,2.5,3.0,0.3,1.9,
elderly_headed_hh,percentiles_91_95,2004,3.0,3.5,0.2,2.4,0.2
elderly_headed_hh,percentiles_91_95,2005,2.3,2.6,0.4,1.9,0.4
elderly_headed_hh,percentiles_91_95,2006,2.6,3.3,0.3,1.5,1.7
elderly_headed_hh,percentiles_91_95,2007,4.4,4.8,0.8,3.9,4.2
elderly_headed_hh,percentiles_91_95,2008,2.4,2.8,0.1,2.2,1.7
elderly_headed_hh,percentiles_91_95,2009,3.2,3.8,1.9,3.0,2.0
elderly_headed_hh,percentiles_91_95,2010,2.9,3.6,1.4,1.6,1.8
elderly_headed_hh,percentiles_91_95,2011,2.3,2.9,0.5,2.5,1.4
elderly_headed_hh,percentiles_91_95,2012,2.6,3.3,0.4,2.5,1.5
elderly_headed_hh,percentiles_91_95,2013,2.1,2.7,0.3,1.9,1.3
elderly_headed_hh,percentiles_91_95,2014,2.3,3.0,0.8,1.9,1.3
elderly_headed_hh,percentiles_91_95,2015,2.5,3.1,1.0,2.5,1.6
elderly_headed_hh,percentiles_96_99,1979,0.5,1.0,0.1,0.2,0.3
elderly_headed_hh,percentiles_96_99,1980,0.4,0.7,,0.5,0.1
elderly_headed_hh,percentiles_96_99,1981,0.8,0.9,0.1,1.5,0.1
elderly_headed_hh,percentiles_96_99,1982,0.5,0.6,,0.9,0.1
elderly_headed_hh,percentiles_96_99,1983,0.8,0.6,0.1,1.7,0.3
elderly_headed_hh,percentiles_96_99,1984,0.4,0.4,0.2,0.6,0.2
elderly_headed_hh,percentiles_96_99,1985,0.4,0.4,0.1,0.4,0.6
elderly_headed_hh,percentiles_96_99,1986,0.7,0.9,0.2,0.6,0.4
elderly_headed_hh,percentiles_96_99,1987,0.4,0.2,0.1,1.1,0.1
elderly_headed_hh,percentiles_96_99,1988,1.1,0.4,,0.7,3.2
elderly_headed_hh,percentiles_96_99,1989,0.7,0.3,0.1,0.7,1.8
elderly_headed_hh,percentiles_96_99,1990,0.9,0.7,,1.0,1.6
elderly_headed_hh,percentiles_96_99,1991,0.4,0.3,,0.7,0.7
elderly_headed_hh,percentiles_96_99,1992,0.7,0.9,0.1,0.9,0.2
elderly_headed_hh,percentiles_96_99,1993,0.4,0.4,0.1,0.4,0.3
elderly_headed_hh,percentiles_96_99,1994,1.3,1.9,0.1,0.8,0.1
elderly_headed_hh,percentiles_96_99,1995,1.1,1.5,0.5,0.5,0.6
elderly_headed_hh,percentiles_96_99,1996,1.9,2.5,0.2,1.3,0.7
elderly_headed_hh,percentiles_96_99,1997,1.6,2.2,0.4,1.0,0.2
elderly_headed_hh,percentiles_96_99,1998,1.4,1.7,0.5,1.3,0.4
elderly_headed_hh,percentiles_96_99,1999,1.6,1.9,0.6,0.9,1.4
elderly_headed_hh,percentiles_96_99,2000,2.1,2.6,0.3,1.6,0.3
elderly_headed_hh,percentiles_96_99,2001,1.3,1.7,,0.7,0.3
elderly_headed_hh,percentiles_96_99,2002,1.4,1.7,0.2,1.4,0.1
elderly_headed_hh,percentiles_96_99,2003,1.3,1.5,0.3,0.9,0.1
elderly_headed_hh,percentiles_96_99,2004,1.2,1.5,0.3,0.6,0.2
elderly_headed_hh,percentiles_96_99,2005,1.5,1.8,0.2,1.3,0.2
elderly_headed_hh,percentiles_96_99,2006,2.0,2.5,0.1,1.2,1.3
elderly_headed_hh,percentiles_96_99,2007,2.6,3.1,0.2,1.8,2.1
elderly_headed_hh,percentiles_96_99,2008,2.0,2.6,0.2,0.9,1.1
elderly_headed_hh,percentiles_96_99,2009,1.9,2.5,0.1,1.2,1.2
elderly_headed_hh,percentiles_96_99,2010,1.6,2.1,0.4,1.3,1.0
elderly_headed_hh,percentiles_96_99,2011,1.1,1.5,0.1,0.5,0.6
elderly_headed_hh,percentiles_96_99,2012,1.0,1.2,0.2,0.8,0.8
elderly_headed_hh,percentiles_96_99,2013,1.3,1.8,0.2,1.5,0.6
elderly_headed_hh,percentiles_96_99,2014,1.1,1.3,0.5,1.0,0.9
elderly_headed_hh,percentiles_96_99,2015,1.1,1.4,0.3,0.7,0.9
elderly_headed_hh,top_1_percent,1979,0.2,0.3,,0.2,
elderly_headed_hh,top_1_percent,1980,,,,0.1,
elderly_headed_hh,top_1_percent,1981,0.1,0.2,,0.1,0.1
elderly_headed_hh,top_1_percent,1982,0.1,0.2,,,
elderly_headed_hh,top_1_percent,1983,,,,,
elderly_headed_hh,top_1_percent,1984,0.1,0.1,,,0.1
elderly_headed_hh,top_1_percent,1985,0.1,0.1,,0.1,0.1
elderly_headed_hh,top_1_percent,1986,0.1,0.1,,0.1,0.1
elderly_headed_hh,top_1_percent,1987,,,,0.1,
elderly_headed_hh,top_1_percent,1988,0.2,,,0.1,0.5
elderly_headed_hh,top_1_percent,1989,0.1,0.1,,0.2,
elderly_headed_hh,top_1_percent,1990,0.3,,,0.1,1.2
elderly_headed_hh,top_1_percent,1991,,,,0.1,
elderly_headed_hh,top_1_percent,1992,0.2,0.2,,0.3,0.1
elderly_headed_hh,top_1_percent,1993,,,,,
elderly_headed_hh,top_1_percent,1994,0.3,0.4,,0.1,
elderly_headed_hh,top_1_percent,1995,0.2,,0.1,0.8,
elderly_headed_hh,top_1_percent,1996,0.4,0.6,0.2,0.1,0.1
elderly_headed_hh,top_1_percent,1997,0.3,0.5,,0.1,
elderly_headed_hh,top_1_percent,1998,0.5,0.4,0.1,0.3,1.6
elderly_headed_hh,top_1_percent,1999,0.1,0.2,,0.1,
elderly_headed_hh,top_1_percent,2000,0.6,0.8,0.2,0.5,
elderly_headed_hh,top_1_percent,2001,0.3,0.3,,0.2,0.1
elderly_headed_hh,top_1_percent,2002,0.3,0.4,0.2,0.1,
elderly_headed_hh,top_1_percent,2003,0.3,0.4,,,
elderly_headed_hh,top_1_percent,2004,0.3,0.4,,0.2,0.1
elderly_headed_hh,top_1_percent,2005,0.2,0.2,0.1,0.2,
elderly_headed_hh,top_1_percent,2006,0.5,0.6,0.1,0.5,0.4
elderly_headed_hh,top_1_percent,2007,0.2,0.3,,0.1,0.3
elderly_headed_hh,top_1_percent,2008,0.4,0.6,,0.3,0.2
elderly_headed_hh,top_1_percent,2009,0.3,0.3,,0.4,0.2
elderly_headed_hh,top_1_percent,2010,0.4,0.5,0.1,0.4,0.3
elderly_headed_hh,top_1_percent,2011,0.4,0.6,0.1,0.3,0.2
elderly_headed_hh,top_1_percent,2012,0.2,0.2,,0.2,0.3
elderly_headed_hh,top_1_percent,2013,0.2,0.2,0.1,0.2,0.1
elderly_headed_hh,top_1_percent,2014,0.4,0.5,0.1,0.2,0.2
elderly_headed_hh,top_1_percent,2015,0.4,0.5,,0.1,0.3
nonelderly_childless_hh,all_quintiles,1979,100.0,100.0,100.0,100.0,100.0
nonelderly_childless_hh,all_quintiles,1980,100.0,100.0,100.0,100.0,100.0
nonelderly_childless_hh,all_quintiles,1981,100.0,100.0,100.0,100.0,100.0
nonelderly_childless_hh,all_quintiles,1982,100.0,100.0,100.0,100.0,100.0
nonelderly_childless_hh,all_quintiles,1983,100.0,100.0,100.0,100.0,100.0
nonelderly_childless_hh,all_quintiles,1984,100.0,100.0,100.0,100.0,100.0
nonelderly_childless_hh,all_quintiles,1985,100.0,100.0,100.0,100.0,100.0
nonelderly_childless_hh,all_quintiles,1986,100.0,100.0,100.0,100.0,100.0
nonelderly_childless_hh,all_quintiles,1987,100.0,100.0,100.0,100.0,100.0
nonelderly_childless_hh,all_quintiles,1988,100.0,100.0,100.0,100.0,100.0
nonelderly_childless_hh,all_quintiles,1989,100.0,100.0,100.0,100.0,100.0
nonelderly_childless_hh,all_quintiles,1990,100.0,100.0,100.0,100.0,100.0
nonelderly_childless_hh,all_quintiles,1991,100.0,100.0,100.0,100.0,100.0
nonelderly_childless_hh,all_quintiles,1992,100.0,100.0,100.0,100.0,100.0
nonelderly_childless_hh,all_quintiles,1993,100.0,100.0,100.0,100.0,100.0
nonelderly_childless_hh,all_quintiles,1994,100.0,100.0,100.0,100.0,100.0
nonelderly_childless_hh,all_quintiles,1995,100.0,100.0,100.0,100.0,100.0
nonelderly_childless_hh,all_quintiles,1996,100.0,100.0,100.0,100.0,100.0
nonelderly_childless_hh,all_quintiles,1997,100.0,100.0,100.0,100.0,100.0
nonelderly_childless_hh,all_quintiles,1998,100.0,100.0,100.0,100.0,100.0
nonelderly_childless_hh,all_quintiles,1999,100.0,100.0,100.0,100.0,100.0
nonelderly_childless_hh,all_quintiles,2000,100.0,100.0,100.0,100.0,100.0
nonelderly_childless_hh,all_quintiles,2001,100.0,100.0,100.0,100.0,100.0
nonelderly_childless_hh,all_quintiles,2002,100.0,100.0,100.0,100.0,100.0
nonelderly_childless_hh,all_quintiles,2003,100.0,100.0,100.0,100.0,100.0
nonelderly_childless_hh,all_quintiles,2004,100.0,100.0,100.0,100.0,100.0
nonelderly_childless_hh,all_quintiles,2005,100.0,100.0,100.0,100.0,100.0
nonelderly_childless_hh,all_quintiles,2006,100.0,100.0,100.0,100.0,100.0
nonelderly_childless_hh,all_quintiles,2007,100.0,100.0,100.0,100.0,100.0
nonelderly_childless_hh,all_quintiles,2008,100.0,100.0,100.0,100.0,100.0
nonelderly_childless_hh,all_quintiles,2009,100.0,100.0,100.0,100.0,100.0
nonelderly_childless_hh,all_quintiles,2010,100.0,100.0,100.0,100.0,100.0
nonelderly_childless_hh,all_quintiles,2011,100.0,100.0,100.0,100.0,100.0
nonelderly_childless_hh,all_quintiles,2012,100.0,100.0,100.0,100.0,100.0
nonelderly_childless_hh,all_quintiles,2013,100.0,100.0,100.0,100.0,100.0
nonelderly_childless_hh,all_quintiles,2014,100.0,100.0,100.0,100.0,100.0
nonelderly_childless_hh,all_quintiles,2015,100.0,100.0,100.0,100.0,100.0
nonelderly_childless_hh,lowest_quintile,1979,36.9,35.7,53.8,31.0,40.5
nonelderly_childless_hh,lowest_quintile,1980,33.3,31.2,55.0,25.2,38.9
nonelderly_childless_hh,lowest_quintile,1981,35.7,31.0,60.2,27.2,42.1
nonelderly_childless_hh,lowest_quintile,1982,35.9,31.5,65.1,24.1,46.4
nonelderly_childless_hh,lowest_quintile,1983,35.1,31.6,59.5,23.3,46.5
nonelderly_childless_hh,lowest_quintile,1984,37.2,34.3,62.0,26.5,47.3
nonelderly_childless_hh,lowest_quintile,1985,36.1,32.6,64.0,25.5,46.2
nonelderly_childless_hh,lowest_quintile,1986,33.4,30.0,64.2,24.3,43.6
nonelderly_childless_hh,lowest_quintile,1987,26.3,23.9,54.7,19.1,32.6
nonelderly_childless_hh,lowest_quintile,1988,21.1,18.6,53.1,10.9,32.8
nonelderly_childless_hh,lowest_quintile,1989,21.1,18.4,50.8,11.0,34.9
nonelderly_childless_hh,lowest_quintile,1990,20.0,17.3,47.0,11.4,29.4
nonelderly_childless_hh,lowest_quintile,1991,18.3,14.7,43.0,11.8,28.5
nonelderly_childless_hh,lowest_quintile,1992,16.2,12.4,40.0,9.2,28.3
nonelderly_childless_hh,lowest_quintile,1993,16.8,13.5,40.0,10.0,26.9
nonelderly_childless_hh,lowest_quintile,1994,16.5,13.3,40.1,11.3,25.4
nonelderly_childless_hh,lowest_quintile,1995,18.6,16.3,43.0,12.6,28.0
nonelderly_childless_hh,lowest_quintile,1996,21.6,18.9,43.0,17.5,31.1
nonelderly_childless_hh,lowest_quintile,1997,23.1,20.8,44.8,19.8,33.4
nonelderly_childless_hh,lowest_quintile,1998,20.3,18.6,39.5,17.4,31.6
nonelderly_childless_hh,lowest_quintile,1999,19.6,18.1,37.4,16.9,32.2
nonelderly_childless_hh,lowest_quintile,2000,18.5,16.9,40.7,15.5,29.6
nonelderly_childless_hh,lowest_quintile,2001,17.0,15.7,39.4,13.5,28.9
nonelderly_childless_hh,lowest_quintile,2002,16.3,14.9,38.3,12.6,28.8
nonelderly_childless_hh,lowest_quintile,2003,15.3,13.9,41.2,9.8,28.6
nonelderly_childless_hh,lowest_quintile,2004,15.0,13.8,42.9,8.3,26.2
nonelderly_childless_hh,lowest_quintile,2005,16.7,14.8,43.0,12.1,28.9
nonelderly_childless_hh,lowest_quintile,2006,17.8,16.2,44.1,15.3,19.9
nonelderly_childless_hh,lowest_quintile,2007,18.9,17.5,42.5,16.2,21.9
nonelderly_childless_hh,lowest_quintile,2008,19.0,17.1,42.6,16.8,22.4
nonelderly_childless_hh,lowest_quintile,2009,16.7,14.2,41.3,12.8,20.1
nonelderly_childless_hh,lowest_quintile,2010,18.0,14.9,41.3,14.7,20.2
nonelderly_childless_hh,lowest_quintile,2011,18.7,14.6,46.3,13.9,22.1
nonelderly_childless_hh,lowest_quintile,2012,20.6,17.0,48.8,14.5,21.8
nonelderly_childless_hh,lowest_quintile,2013,20.2,17.0,47.3,14.0,22.1
nonelderly_childless_hh,lowest_quintile,2014,20.3,19.0,43.3,10.6,23.6
nonelderly_childless_hh,lowest_quintile,2015,22.6,21.3,45.4,13.7,24.9
nonelderly_childless_hh,second_quintile,1979,30.2,29.7,27.9,30.2,32.5
nonelderly_childless_hh,second_quintile,1980,33.3,33.8,26.6,35.1,33.6
nonelderly_childless_hh,second_quintile,1981,30.8,31.9,23.6,32.0,32.8
nonelderly_childless_hh,second_quintile,1982,32.4,32.8,22.8,35.1,33.8
nonelderly_childless_hh,second_quintile,1983,32.7,33.1,23.5,36.0,32.5
nonelderly_childless_hh,second_quintile,1984,32.9,33.3,22.2,35.8,33.4
nonelderly_childless_hh,second_quintile,1985,33.3,34.2,22.8,34.7,35.5
nonelderly_childless_hh,second_quintile,1986,35.3,35.8,24.4,37.1,36.2
nonelderly_childless_hh,second_quintile,1987,38.9,40.2,28.4,40.2,38.3
nonelderly_childless_hh,second_quintile,1988,40.7,39.9,28.2,47.0,35.9
nonelderly_childless_hh,second_quintile,1989,36.8,37.2,29.1,39.8,33.4
nonelderly_childless_hh,second_quintile,1990,34.1,34.2,30.0,35.4,33.8
nonelderly_childless_hh,second_quintile,1991,34.0,33.2,30.6,36.0,34.4
nonelderly_childless_hh,second_quintile,1992,31.5,31.1,30.3,32.2,32.7
nonelderly_childless_hh,second_quintile,1993,31.3,31.5,28.8,31.7,31.5
nonelderly_childless_hh,second_quintile,1994,33.0,32.2,30.4,35.7,32.8
nonelderly_childless_hh,second_quintile,1995,31.4,30.3,28.7,34.0,33.2
nonelderly_childless_hh,second_quintile,1996,33.5,33.2,30.9,34.1,34.8
nonelderly_childless_hh,second_quintile,1997,32.8,31.9,29.9,33.9,37.0
nonelderly_childless_hh,second_quintile,1998,34.9,34.0,35.3,36.4,36.7
nonelderly_childless_hh,second_quintile,1999,32.3,31.3,33.2,34.0,35.2
nonelderly_childless_hh,second_quintile,2000,33.9,32.6,31.8,36.5,39.8
nonelderly_childless_hh,second_quintile,2001,32.7,31.9,33.4,33.8,36.4
nonelderly_childless_hh,second_quintile,2002,29.7,28.8,31.5,31.7,31.5
nonelderly_childless_hh,second_quintile,2003,28.6,27.8,27.2,30.8,33.2
nonelderly_childless_hh,second_quintile,2004,28.1,27.3,28.0,29.9,33.6
nonelderly_childless_hh,second_quintile,2005,28.1,27.4,27.3,29.3,34.6
nonelderly_childless_hh,second_quintile,2006,26.7,26.0,25.9,30.4,24.5
nonelderly_childless_hh,second_quintile,2007,26.6,26.0,28.0,29.0,25.0
nonelderly_childless_hh,second_quintile,2008,27.2,26.4,26.1,30.9,26.4
nonelderly_childless_hh,second_quintile,2009,25.7,25.1,26.1,28.4,24.3
nonelderly_childless_hh,second_quintile,2010,25.9,25.5,25.0,29.1,24.5
nonelderly_childless_hh,second_quintile,2011,26.7,26.7,24.5,29.6,24.3
nonelderly_childless_hh,second_quintile,2012,24.7,24.6,23.0,26.8,24.0
nonelderly_childless_hh,second_quintile,2013,27.5,27.3,25.3,31.6,23.5
nonelderly_childless_hh,second_quintile,2014,26.1,25.8,25.0,28.6,25.8
nonelderly_childless_hh,second_quintile,2015,26.1,25.7,23.8,29.9,25.6
nonelderly_childless_hh,middle_quintile,1979,15.8,15.3,9.4,18.8,14.6
nonelderly_childless_hh,middle_quintile,1980,17.8,18.6,11.2,20.2,15.9
nonelderly_childless_hh,middle_quintile,1981,17.4,18.3,10.2,20.1,16.1
nonelderly_childless_hh,middle_quintile,1982,18.0,18.8,8.1,22.6,14.7
nonelderly_childless_hh,middle_quintile,1983,18.2,19.3,11.3,22.6,12.7
nonelderly_childless_hh,middle_quintile,1984,15.3,17.7,8.3,18.2,10.0
nonelderly_childless_hh,middle_quintile,1985,16.8,18.3,8.1,20.6,12.1
nonelderly_childless_hh,middle_quintile,1986,16.6,18.4,6.7,19.7,11.4
nonelderly_childless_hh,middle_quintile,1987,18.2,19.1,9.4,20.5,16.2
nonelderly_childless_hh,middle_quintile,1988,21.2,22.2,12.3,24.7,15.9
nonelderly_childless_hh,middle_quintile,1989,22.5,23.6,11.3,26.0,17.9
nonelderly_childless_hh,middle_quintile,1990,22.7,23.6,11.9,24.6,22.3
nonelderly_childless_hh,middle_quintile,1991,26.4,28.5,16.1,27.7,23.5
nonelderly_childless_hh,middle_quintile,1992,27.7,29.1,18.0,29.7,25.7
nonelderly_childless_hh,middle_quintile,1993,26.9,28.2,18.0,29.2,23.6
nonelderly_childless_hh,middle_quintile,1994,26.4,28.0,19.1,27.1,22.5
nonelderly_childless_hh,middle_quintile,1995,26.6,27.8,18.1,28.5,21.4
nonelderly_childless_hh,middle_quintile,1996,24.5,25.5,17.5,25.9,20.4
nonelderly_childless_hh,middle_quintile,1997,23.7,24.8,15.6,25.0,17.7
nonelderly_childless_hh,middle_quintile,1998,24.7,25.4,17.4,25.4,20.9
nonelderly_childless_hh,middle_quintile,1999,25.9,26.9,18.6,25.9,21.1
nonelderly_childless_hh,middle_quintile,2000,26.6,27.7,17.7,27.3,19.0
nonelderly_childless_hh,middle_quintile,2001,28.8,29.9,19.6,28.7,23.6
nonelderly_childless_hh,middle_quintile,2002,31.0,31.6,20.6,32.1,27.2
nonelderly_childless_hh,middle_quintile,2003,31.1,31.5,21.6,32.9,27.0
nonelderly_childless_hh,middle_quintile,2004,30.8,31.4,18.6,32.5,28.2
nonelderly_childless_hh,middle_quintile,2005,29.2,30.4,20.4,28.9,24.5
nonelderly_childless_hh,middle_quintile,2006,30.4,31.2,19.7,29.2,33.0
nonelderly_childless_hh,middle_quintile,2007,29.7,30.3,21.5,29.2,31.4
nonelderly_childless_hh,middle_quintile,2008,28.4,29.4,20.2,26.6,30.1
nonelderly_childless_hh,middle_quintile,2009,31.4,32.2,21.2,32.6,33.1
nonelderly_childless_hh,middle_quintile,2010,28.7,30.0,19.7,28.7,29.4
nonelderly_childless_hh,middle_quintile,2011,29.1,30.8,18.5,29.0,30.9
nonelderly_childless_hh,middle_quintile,2012,30.5,32.2,18.5,31.0,32.7
nonelderly_childless_hh,middle_quintile,2013,30.2,31.4,17.8,32.2,33.2
nonelderly_childless_hh,middle_quintile,2014,29.2,29.8,19.4,33.3,28.4
nonelderly_childless_hh,middle_quintile,2015,26.7,27.3,18.1,28.6,26.9
nonelderly_childless_hh,fourth_quintile,1979,10.0,11.0,5.2,11.5,8.0
nonelderly_childless_hh,fourth_quintile,1980,8.5,8.9,4.8,10.0,7.0
nonelderly_childless_hh,fourth_quintile,1981,9.5,11.6,3.4,11.3,6.8
nonelderly_childless_hh,fourth_quintile,1982,7.6,9.1,1.7,10.5,3.2
nonelderly_childless_hh,fourth_quintile,1983,8.7,9.9,2.1,12.0,4.8
nonelderly_childless_hh,fourth_quintile,1984,8.2,9.2,3.6,10.7,4.6
nonelderly_childless_hh,fourth_quintile,1985,7.9,8.9,2.0,11.1,3.4
nonelderly_childless_hh,fourth_quintile,1986,9.4,9.4,2.8,12.3,6.3
nonelderly_childless_hh,fourth_quintile,1987,9.7,10.1,3.2,12.1,6.8
nonelderly_childless_hh,fourth_quintile,1988,9.6,11.0,3.0,11.7,5.4
nonelderly_childless_hh,fourth_quintile,1989,10.9,11.9,3.5,13.7,6.0
nonelderly_childless_hh,fourth_quintile,1990,12.5,14.1,5.3,15.3,6.4
nonelderly_childless_hh,fourth_quintile,1991,12.7,14.2,5.3,14.7,7.8
nonelderly_childless_hh,fourth_quintile,1992,14.2,16.0,7.6,16.3,7.9
nonelderly_childless_hh,fourth_quintile,1993,14.6,15.9,7.9,16.2,11.0
nonelderly_childless_hh,fourth_quintile,1994,13.1,14.1,5.7,13.9,11.8
nonelderly_childless_hh,fourth_quintile,1995,15.2,16.4,7.1,16.2,12.2
nonelderly_childless_hh,fourth_quintile,1996,12.6,14.1,5.7,13.9,6.0
nonelderly_childless_hh,fourth_quintile,1997,12.9,14.0,6.6,13.4,8.4
nonelderly_childless_hh,fourth_quintile,1998,12.4,13.0,5.3,13.4,8.7
nonelderly_childless_hh,fourth_quintile,1999,13.8,14.5,7.2,14.2,8.7
nonelderly_childless_hh,fourth_quintile,2000,14.3,15.3,8.4,14.1,8.9
nonelderly_childless_hh,fourth_quintile,2001,14.0,14.6,5.6,15.7,6.8
nonelderly_childless_hh,fourth_quintile,2002,14.8,15.9,5.9,15.4,6.4
nonelderly_childless_hh,fourth_quintile,2003,16.9,18.1,7.4,17.7,7.6
nonelderly_childless_hh,fourth_quintile,2004,17.6,18.4,7.1,19.8,8.6
nonelderly_childless_hh,fourth_quintile,2005,16.9,17.7,6.8,19.5,8.1
nonelderly_childless_hh,fourth_quintile,2006,16.5,17.5,6.2,16.2,15.7
nonelderly_childless_hh,fourth_quintile,2007,16.7,17.5,5.8,16.8,15.8
nonelderly_childless_hh,fourth_quintile,2008,17.0,17.9,8.1,17.7,14.7
nonelderly_childless_hh,fourth_quintile,2009,17.6,18.9,7.6,18.5,16.2
nonelderly_childless_hh,fourth_quintile,2010,18.8,20.2,10.3,18.8,18.4
nonelderly_childless_hh,fourth_quintile,2011,18.1,19.6,8.4,19.6,17.0
nonelderly_childless_hh,fourth_quintile,2012,16.8,17.9,7.3,19.4,15.8
nonelderly_childless_hh,fourth_quintile,2013,16.3,17.8,6.5,17.0,16.1
nonelderly_childless_hh,fourth_quintile,2014,16.9,17.4,9.0,19.4,16.2
nonelderly_childless_hh,fourth_quintile,2015,17.2,17.9,8.8,19.6,16.0
nonelderly_childless_hh,highest_quintile,1979,6.7,8.0,2.7,8.2,4.1
nonelderly_childless_hh,highest_quintile,1980,6.7,7.0,1.8,9.2,4.5
nonelderly_childless_hh,highest_quintile,1981,5.9,6.7,0.7,9.1,1.8
nonelderly_childless_hh,highest_quintile,1982,5.4,7.2,1.0,7.3,1.4
nonelderly_childless_hh,highest_quintile,1983,4.4,5.6,1.2,5.3,3.1
nonelderly_childless_hh,highest_quintile,1984,5.5,4.8,1.6,8.5,3.7
nonelderly_childless_hh,highest_quintile,1985,5.3,5.6,1.1,7.8,2.6
nonelderly_childless_hh,highest_quintile,1986,4.8,5.7,0.6,6.1,2.2
nonelderly_childless_hh,highest_quintile,1987,5.6,5.3,2.1,7.0,4.8
nonelderly_childless_hh,highest_quintile,1988,6.1,7.1,1.1,4.7,9.0
nonelderly_childless_hh,highest_quintile,1989,7.5,8.0,2.3,8.4,6.7
nonelderly_childless_hh,highest_quintile,1990,8.7,9.1,2.8,11.0,6.4
nonelderly_childless_hh,highest_quintile,1991,7.2,8.2,2.1,8.3,4.5
nonelderly_childless_hh,highest_quintile,1992,8.9,10.1,1.9,11.3,4.4
nonelderly_childless_hh,highest_quintile,1993,9.4,10.1,3.2,12.0,5.5
nonelderly_childless_hh,highest_quintile,1994,9.9,11.4,2.7,10.8,6.2
nonelderly_childless_hh,highest_quintile,1995,7.3,8.4,2.3,7.9,3.8
nonelderly_childless_hh,highest_quintile,1996,7.4,7.8,2.2,8.1,7.5
nonelderly_childless_hh,highest_quintile,1997,6.7,7.7,1.5,7.2,2.7
nonelderly_childless_hh,highest_quintile,1998,7.3,8.6,1.5,7.0,1.9
nonelderly_childless_hh,highest_quintile,1999,7.8,8.5,2.9,8.4,1.9
nonelderly_childless_hh,highest_quintile,2000,6.5,7.2,1.2,6.4,2.6
nonelderly_childless_hh,highest_quintile,2001,6.9,7.4,0.9,7.5,3.8
nonelderly_childless_hh,highest_quintile,2002,7.7,8.2,2.9,7.4,5.7
nonelderly_childless_hh,highest_quintile,2003,7.1,7.8,1.3,7.7,2.4
nonelderly_childless_hh,highest_quintile,2004,8.3,8.8,2.7,9.3,3.3
nonelderly_childless_hh,highest_quintile,2005,8.4,9.0,1.3,9.5,3.1
nonelderly_childless_hh,highest_quintile,2006,8.0,8.6,2.7,8.4,6.3
nonelderly_childless_hh,highest_quintile,2007,7.4,8.1,1.4,7.9,5.1
nonelderly_childless_hh,highest_quintile,2008,7.6,8.4,1.8,7.4,5.7
nonelderly_childless_hh,highest_quintile,2009,7.8,8.9,2.7,7.1,5.8
nonelderly_childless_hh,highest_quintile,2010,7.8,8.8,2.6,7.7,6.8
nonelderly_childless_hh,highest_quintile,2011,6.8,7.8,1.6,7.1,5.0
nonelderly_childless_hh,highest_quintile,2012,6.9,7.8,1.6,8.0,5.2
nonelderly_childless_hh,highest_quintile,2013,5.2,6.0,2.0,4.5,4.4
nonelderly_childless_hh,highest_quintile,2014,6.8,7.4,2.2,7.4,5.1
nonelderly_childless_hh,highest_quintile,2015,6.8,7.3,2.9,7.6,5.7
nonelderly_childless_hh,percentiles_81_90,1979,4.1,5.0,1.6,4.9,2.5
nonelderly_childless_hh,percentiles_81_90,1980,4.0,3.9,1.2,5.1,3.6
nonelderly_childless_hh,percentiles_81_90,1981,3.5,3.5,0.3,5.8,1.2
nonelderly_childless_hh,percentiles_81_90,1982,3.7,4.5,0.8,5.3,1.0
nonelderly_childless_hh,percentiles_81_90,1983,2.7,3.0,0.7,3.2,2.5
nonelderly_childless_hh,percentiles_81_90,1984,3.4,3.1,1.0,5.0,2.6
nonelderly_childless_hh,percentiles_81_90,1985,3.2,3.1,0.9,5.1,1.2
nonelderly_childless_hh,percentiles_81_90,1986,3.1,3.6,0.4,4.2,1.2
nonelderly_childless_hh,percentiles_81_90,1987,2.7,2.9,0.8,3.4,1.5
nonelderly_childless_hh,percentiles_81_90,1988,2.9,4.0,0.6,2.9,1.1
nonelderly_childless_hh,percentiles_81_90,1989,4.3,4.8,0.8,4.8,3.5
nonelderly_childless_hh,percentiles_81_90,1990,4.3,4.8,1.0,5.9,1.8
nonelderly_childless_hh,percentiles_81_90,1991,3.7,4.2,1.1,4.0,3.1
nonelderly_childless_hh,percentiles_81_90,1992,5.3,6.1,1.1,6.3,3.0
nonelderly_childless_hh,percentiles_81_90,1993,6.1,6.6,1.5,7.9,3.5
nonelderly_childless_hh,percentiles_81_90,1994,5.6,6.3,1.7,6.6,2.9
nonelderly_childless_hh,percentiles_81_90,1995,4.1,4.7,1.1,4.5,2.0
nonelderly_childless_hh,percentiles_81_90,1996,4.2,4.3,1.8,4.3,5.0
nonelderly_childless_hh,percentiles_81_90,1997,3.7,4.2,0.6,4.2,1.4
nonelderly_childless_hh,percentiles_81_90,1998,4.8,5.6,1.2,4.4,1.3
nonelderly_childless_hh,percentiles_81_90,1999,5.2,5.6,1.6,5.6,1.5
nonelderly_childless_hh,percentiles_81_90,2000,3.9,4.4,0.9,3.8,1.0
nonelderly_childless_hh,percentiles_81_90,2001,4.0,4.2,0.7,4.4,2.8
nonelderly_childless_hh,percentiles_81_90,2002,5.1,5.4,1.9,4.9,4.2
nonelderly_childless_hh,percentiles_81_90,2003,4.4,4.7,0.9,4.9,1.7
nonelderly_childless_hh,percentiles_81_90,2004,5.7,6.1,1.9,6.3,2.6
nonelderly_childless_hh,percentiles_81_90,2005,5.2,5.7,0.8,5.6,1.9
nonelderly_childless_hh,percentiles_81_90,2006,5.0,5.3,1.9,5.0,4.8
nonelderly_childless_hh,percentiles_81_90,2007,5.1,5.4,1.0,5.5,3.6
nonelderly_childless_hh,percentiles_81_90,2008,4.7,5.3,1.1,4.5,2.8
nonelderly_childless_hh,percentiles_81_90,2009,5.2,6.0,2.0,4.5,3.7
nonelderly_childless_hh,percentiles_81_90,2010,4.9,5.7,1.8,4.4,4.1
nonelderly_childless_hh,percentiles_81_90,2011,4.6,5.2,1.2,5.0,3.3
nonelderly_childless_hh,percentiles_81_90,2012,4.4,5.0,1.0,5.3,3.5
nonelderly_childless_hh,percentiles_81_90,2013,3.7,4.1,1.5,3.5,3.1
nonelderly_childless_hh,percentiles_81_90,2014,4.5,4.8,1.4,5.2,3.5
nonelderly_childless_hh,percentiles_81_90,2015,4.3,4.5,1.7,5.0,3.9
nonelderly_childless_hh,percentiles_91_95,1979,1.1,1.4,0.9,1.1,0.7
nonelderly_childless_hh,percentiles_91_95,1980,1.3,1.5,0.3,1.8,0.4
nonelderly_childless_hh,percentiles_91_95,1981,1.4,1.8,0.2,2.0,0.4
nonelderly_childless_hh,percentiles_91_95,1982,0.9,1.5,0.1,1.1,0.2
nonelderly_childless_hh,percentiles_91_95,1983,1.1,1.6,0.1,1.3,0.3
nonelderly_childless_hh,percentiles_91_95,1984,0.9,0.9,0.2,1.5,0.3
nonelderly_childless_hh,percentiles_91_95,1985,1.2,1.5,0.1,1.6,0.8
nonelderly_childless_hh,percentiles_91_95,1986,1.0,1.3,0.1,1.3,0.5
nonelderly_childless_hh,percentiles_91_95,1987,1.4,1.0,0.4,1.8,2.1
nonelderly_childless_hh,percentiles_91_95,1988,0.9,1.3,,0.7,0.7
nonelderly_childless_hh,percentiles_91_95,1989,1.8,2.0,0.7,2.1,1.1
nonelderly_childless_hh,percentiles_91_95,1990,2.8,2.6,0.9,3.1,3.6
nonelderly_childless_hh,percentiles_91_95,1991,2.4,2.6,0.4,3.3,0.9
nonelderly_childless_hh,percentiles_91_95,1992,2.2,2.5,0.4,3.0,0.5
nonelderly_childless_hh,percentiles_91_95,1993,2.0,2.1,1.1,2.4,1.1
nonelderly_childless_hh,percentiles_91_95,1994,2.6,3.0,0.6,2.8,1.9
nonelderly_childless_hh,percentiles_91_95,1995,2.1,2.4,0.7,2.4,1.0
nonelderly_childless_hh,percentiles_91_95,1996,2.3,2.4,0.2,3.2,0.6
nonelderly_childless_hh,percentiles_91_95,1997,1.9,2.2,0.6,1.9,1.0
nonelderly_childless_hh,percentiles_91_95,1998,1.7,1.9,0.2,1.8,0.2
nonelderly_childless_hh,percentiles_91_95,1999,1.6,1.8,0.8,1.6,0.3
nonelderly_childless_hh,percentiles_91_95,2000,1.5,1.6,0.3,1.7,1.1
nonelderly_childless_hh,percentiles_91_95,2001,1.6,1.9,,1.5,0.6
nonelderly_childless_hh,percentiles_91_95,2002,1.8,1.9,0.7,1.8,1.2
nonelderly_childless_hh,percentiles_91_95,2003,2.0,2.2,0.1,2.0,0.4
nonelderly_childless_hh,percentiles_91_95,2004,1.6,1.7,0.3,1.7,0.2
nonelderly_childless_hh,percentiles_91_95,2005,2.0,2.0,0.2,2.7,0.7
nonelderly_childless_hh,percentiles_91_95,2006,2.1,2.3,0.5,2.5,1.1
nonelderly_childless_hh,percentiles_91_95,2007,1.5,1.7,0.2,1.6,1.0
nonelderly_childless_hh,percentiles_91_95,2008,2.1,2.2,0.4,2.0,2.4
nonelderly_childless_hh,percentiles_91_95,2009,1.5,1.6,0.4,1.6,1.4
nonelderly_childless_hh,percentiles_91_95,2010,2.0,2.2,0.6,2.2,2.1
nonelderly_childless_hh,percentiles_91_95,2011,1.2,1.4,0.2,1.0,0.9
nonelderly_childless_hh,percentiles_91_95,2012,1.6,1.9,0.4,1.5,1.1
nonelderly_childless_hh,percentiles_91_95,2013,0.9,1.1,0.2,0.7,0.8
nonelderly_childless_hh,percentiles_91_95,2014,1.5,1.7,0.5,1.5,1.1
nonelderly_childless_hh,percentiles_91_95,2015,1.6,1.7,0.7,1.8,1.1
nonelderly_childless_hh,percentiles_96_99,1979,1.2,1.3,0.3,1.7,0.7
nonelderly_childless_hh,percentiles_96_99,1980,1.3,1.4,0.2,2.0,0.4
nonelderly_childless_hh,percentiles_96_99,1981,0.8,1.1,0.1,1.1,0.1
nonelderly_childless_hh,percentiles_96_99,1982,0.6,1.0,0.1,0.6,0.2
nonelderly_childless_hh,percentiles_96_99,1983,0.6,0.9,0.3,0.8,0.2
nonelderly_childless_hh,percentiles_96_99,1984,0.9,0.6,0.3,1.6,0.6
nonelderly_childless_hh,percentiles_96_99,1985,0.8,0.9,0.1,1.0,0.5
nonelderly_childless_hh,percentiles_96_99,1986,0.6,0.8,0.1,0.6,0.3
nonelderly_childless_hh,percentiles_96_99,1987,1.2,1.1,0.8,1.5,1.1
nonelderly_childless_hh,percentiles_96_99,1988,2.1,1.4,0.4,1.0,7.0
nonelderly_childless_hh,percentiles_96_99,1989,1.2,1.0,0.5,1.3,1.9
nonelderly_childless_hh,percentiles_96_99,1990,1.4,1.4,0.7,1.7,0.8
nonelderly_childless_hh,percentiles_96_99,1991,0.8,1.0,0.5,0.8,0.5
nonelderly_childless_hh,percentiles_96_99,1992,1.3,1.4,0.3,1.9,0.8
nonelderly_childless_hh,percentiles_96_99,1993,1.0,1.1,0.4,1.3,0.8
nonelderly_childless_hh,percentiles_96_99,1994,1.4,1.7,0.2,1.3,1.0
nonelderly_childless_hh,percentiles_96_99,1995,1.1,1.3,0.4,1.0,0.7
nonelderly_childless_hh,percentiles_96_99,1996,0.9,1.0,0.1,0.6,1.8
nonelderly_childless_hh,percentiles_96_99,1997,1.0,1.1,0.3,0.9,0.2
nonelderly_childless_hh,percentiles_96_99,1998,0.7,0.8,,0.7,0.3
nonelderly_childless_hh,percentiles_96_99,1999,0.9,1.0,0.4,1.0,0.1
nonelderly_childless_hh,percentiles_96_99,2000,0.9,1.0,0.1,0.8,0.4
nonelderly_childless_hh,percentiles_96_99,2001,1.1,1.2,0.1,1.5,0.4
nonelderly_childless_hh,percentiles_96_99,2002,0.6,0.7,0.3,0.4,0.3
nonelderly_childless_hh,percentiles_96_99,2003,0.6,0.7,0.1,0.6,0.1
nonelderly_childless_hh,percentiles_96_99,2004,0.9,0.9,0.4,1.2,0.3
nonelderly_childless_hh,percentiles_96_99,2005,1.0,1.1,0.3,1.1,0.4
nonelderly_childless_hh,percentiles_96_99,2006,0.8,0.9,0.2,0.7,0.4
nonelderly_childless_hh,percentiles_96_99,2007,0.8,0.9,0.2,0.7,0.4
nonelderly_childless_hh,percentiles_96_99,2008,0.8,0.9,0.2,0.9,0.5
nonelderly_childless_hh,percentiles_96_99,2009,1.0,1.2,0.3,1.0,0.6
nonelderly_childless_hh,percentiles_96_99,2010,0.7,0.8,0.2,1.0,0.5
nonelderly_childless_hh,percentiles_96_99,2011,0.8,1.0,0.1,1.0,0.6
nonelderly_childless_hh,percentiles_96_99,2012,0.7,0.8,0.1,0.7,0.5
nonelderly_childless_hh,percentiles_96_99,2013,0.4,0.5,0.2,0.3,0.3
nonelderly_childless_hh,percentiles_96_99,2014,0.7,0.8,0.2,0.7,0.4
nonelderly_childless_hh,percentiles_96_99,2015,0.8,0.9,0.4,0.8,0.6
nonelderly_childless_hh,top_1_percent,1979,0.3,0.2,0.1,0.5,0.2
nonelderly_childless_hh,top_1_percent,1980,0.1,0.1,,0.2,
nonelderly_childless_hh,top_1_percent,1981,0.2,0.4,,0.2,0.1
nonelderly_childless_hh,top_1_percent,1982,0.2,0.2,0.1,0.3,
nonelderly_childless_hh,top_1_percent,1983,0.1,0.1,0.1,,0.1
nonelderly_childless_hh,top_1_percent,1984,0.2,0.2,,0.4,0.2
nonelderly_childless_hh,top_1_percent,1985,0.1,0.1,,0.1,0.1
nonelderly_childless_hh,top_1_percent,1986,0.1,0.1,,,0.2
nonelderly_childless_hh,top_1_percent,1987,0.3,0.3,0.2,0.4,0.2
nonelderly_childless_hh,top_1_percent,1988,0.2,0.3,0.1,0.1,0.2
nonelderly_childless_hh,top_1_percent,1989,0.2,0.2,0.2,0.2,0.2
nonelderly_childless_hh,top_1_percent,1990,0.2,0.2,0.1,0.3,0.1
nonelderly_childless_hh,top_1_percent,1991,0.3,0.3,0.2,0.3,0.1
nonelderly_childless_hh,top_1_percent,1992,0.1,0.1,0.1,0.2,0.1
nonelderly_childless_hh,top_1_percent,1993,0.3,0.3,0.1,0.4,0.1
nonelderly_childless_hh,top_1_percent,1994,0.3,0.4,0.1,0.2,0.4
nonelderly_childless_hh,top_1_percent,1995,0.1,0.1,0.1,0.1,0.1
nonelderly_childless_hh,top_1_percent,1996,0.1,0.1,0.1,0.1,0.1
nonelderly_childless_hh,top_1_percent,1997,0.1,0.1,0.1,0.1,
nonelderly_childless_hh,top_1_percent,1998,0.1,0.2,,0.1,
nonelderly_childless_hh,top_1_percent,1999,0.1,0.1,0.1,0.2,
nonelderly_childless_hh,top_1_percent,2000,0.2,0.2,,0.2,0.1
nonelderly_childless_hh,top_1_percent,2001,0.1,0.1,,0.1,0.1
nonelderly_childless_hh,top_1_percent,2002,0.2,0.2,,0.3,
nonelderly_childless_hh,top_1_percent,2003,0.2,0.2,0.1,0.2,0.1
nonelderly_childless_hh,top_1_percent,2004,0.1,0.1,0.1,0.1,0.1
nonelderly_childless_hh,top_1_percent,2005,0.2,0.2,0.1,0.1,0.1
nonelderly_childless_hh,top_1_percent,2006,0.1,0.1,0.1,0.1,0.1
nonelderly_childless_hh,top_1_percent,2007,0.1,0.1,0.1,0.2,0.1
nonelderly_childless_hh,top_1_percent,2008,0.1,0.1,0.1,0.1,0.1
nonelderly_childless_hh,top_1_percent,2009,0.1,0.2,,0.1,0.1
nonelderly_childless_hh,top_1_percent,2010,0.1,0.2,,0.1,
nonelderly_childless_hh,top_1_percent,2011,0.2,0.2,,0.2,0.1
nonelderly_childless_hh,top_1_percent,2012,0.2,0.2,,0.4,0.1
nonelderly_childless_hh,top_1_percent,2013,0.2,0.3,,,0.1
nonelderly_childless_hh,top_1_percent,2014,0.1,0.1,0.1,0.1,0.1
nonelderly_childless_hh,top_1_percent,2015,0.1,0.2,0.1,0.1,0.1
